f0,f1,f2,f3,f4,f5,f6,f7,f8,f9,f10,f11,f12,f13,f14,f15,f16,f17,f18,f19,f20,f21,f22,f23,f24,f25,f26,f27,f28,f29,f30,f31,f32,f33,f34,f35,f36,f37,f38,f39,f40,f41,f42,f43,f44,f45,f46,f47,f48,f49,f50,f51,f52,f53,f54,f55,f56,f57,f58,f59,f60,f61,f62,label
0.33925995,0.8373405,-3.4790594e-07,0.41182384,0.6847435,-0.025846325,0.42896783,0.4728615,-0.033854496,0.41240606,0.3161716,-0.039269693,0.40710858,0.20133652,-0.033321798,0.33598375,0.355865,-0.042338893,0.34148702,0.25601575,-0.07856251,0.37426203,0.41120064,-0.082140155,0.36803222,0.44625464,-0.08159708,0.26777893,0.4129171,-0.047954757,0.2853642,0.32697335,-0.093643576,0.3354147,0.4952391,-0.10019026,0.32497185,0.4987172,-0.10043674,0.22059901,0.50480205,-0.055975694,0.22511409,0.42381537,-0.10625579,0.28697205,0.5647423,-0.0910381,0.27689132,0.56684583,-0.073915735,0.17886123,0.5914029,-0.06456351,0.19304597,0.5511128,-0.09913301,0.2390372,0.6213409,-0.087456636,0.22861789,0.62313694,-0.07416367,0
0.35448954,0.85160196,-6.370928e-07,0.4126784,0.6897543,-0.028559107,0.4246732,0.46685848,-0.030033786,0.40848443,0.3187486,-0.026824193,0.40838277,0.20535797,-0.010870704,0.32616773,0.34557673,-0.020075787,0.34103966,0.25759983,-0.05138266,0.37145275,0.40713665,-0.056792893,0.3470228,0.4275202,-0.06028896,0.25036943,0.42077875,-0.019545853,0.28483102,0.33552128,-0.06270176,0.33363208,0.48825842,-0.07332535,0.30273607,0.48934034,-0.07564751,0.20639652,0.5164858,-0.022368133,0.22496352,0.44027784,-0.06554081,0.2877259,0.5588983,-0.04909304,0.2615566,0.5703968,-0.032724857,0.1683352,0.6035319,-0.026664233,0.19475143,0.5672884,-0.052307844,0.24866557,0.63368237,-0.036544837,0.23166442,0.64452046,-0.020540668,0
0.35271144,0.8528774,-6.7055095e-07,0.4095204,0.68381834,-0.024813524,0.4252076,0.45715806,-0.026610924,0.41178355,0.31767434,-0.024674486,0.410474,0.20562571,-0.009278864,0.3242149,0.34488478,-0.015455634,0.34314233,0.25188085,-0.05076443,0.37258327,0.40653262,-0.06052569,0.34291285,0.4236991,-0.068140686,0.24895859,0.42278066,-0.018351791,0.28762606,0.3272918,-0.06439337,0.33689114,0.48581678,-0.07628907,0.30515647,0.4858513,-0.07994102,0.20587769,0.51809907,-0.02490856,0.22808914,0.4325015,-0.066959396,0.2912076,0.5552607,-0.046065066,0.26528072,0.5681195,-0.028123828,0.1674567,0.60330254,-0.033356387,0.19430332,0.56491524,-0.05776613,0.250149,0.62796557,-0.039616194,0.23488715,0.6318647,-0.022651354,0
0.3502676,0.85387933,-7.11836e-07,0.40971878,0.6814611,-0.023154272,0.42499277,0.45528927,-0.022416476,0.41094106,0.31469393,-0.017563645,0.4126184,0.20216721,0.0011052926,0.32344753,0.34207433,-0.014064506,0.3425118,0.25148767,-0.047927435,0.3712585,0.4065814,-0.056284837,0.34046596,0.42130643,-0.06326388,0.24724041,0.42104286,-0.017269153,0.28695524,0.32535207,-0.06338095,0.3356993,0.48445177,-0.07585958,0.3037873,0.4839404,-0.08018528,0.20438541,0.51677245,-0.023813644,0.2290908,0.43264672,-0.06603682,0.29179245,0.5564574,-0.045860983,0.26420277,0.568731,-0.028520461,0.16712761,0.60230255,-0.032036215,0.1942887,0.5638284,-0.056457594,0.24984665,0.6276858,-0.038801067,0.23190558,0.63310546,-0.022413101,0
0.3506719,0.854154,-6.9534144e-07,0.4095275,0.68134534,-0.02426463,0.4243125,0.45716494,-0.024749273,0.41129303,0.3163196,-0.021117333,0.41328034,0.20315695,-0.0037710117,0.32412452,0.34334373,-0.015964624,0.3425839,0.2518007,-0.050464038,0.37173396,0.40540782,-0.059452776,0.3411799,0.42038313,-0.066623755,0.24824512,0.4231045,-0.019047467,0.28705144,0.32647538,-0.06509581,0.33612728,0.48406172,-0.07778664,0.3036527,0.4849511,-0.08234783,0.20516673,0.519424,-0.025502572,0.2287776,0.4330732,-0.06779692,0.2915683,0.55574626,-0.04788291,0.26377508,0.56925976,-0.030649096,0.16755381,0.60599506,-0.033687126,0.1942175,0.564064,-0.057604507,0.2503442,0.62684083,-0.039159898,0.23316577,0.6343215,-0.022217529,0
0.3502134,0.8540255,-6.9933697e-07,0.4093418,0.6839886,-0.024620034,0.42530936,0.4583361,-0.025294976,0.41143626,0.31716412,-0.021953866,0.4132148,0.20412609,-0.004966442,0.32619235,0.34530833,-0.015283212,0.34203288,0.25079608,-0.05087974,0.37121373,0.40555742,-0.060859084,0.34189108,0.4202036,-0.06852537,0.25110665,0.42475468,-0.01825595,0.28636828,0.32604256,-0.06411059,0.33550227,0.48496434,-0.076067224,0.304226,0.4845459,-0.079957336,0.2076906,0.52034944,-0.025034849,0.22752804,0.4328135,-0.0671531,0.2904429,0.5565677,-0.04663904,0.26450878,0.56771165,-0.028958421,0.16911705,0.6060452,-0.033645816,0.19272232,0.5657861,-0.057033703,0.24880902,0.62883437,-0.03827992,0.23349088,0.6335285,-0.021225883,0
0.35230213,0.8565882,-6.873709e-07,0.4094534,0.6837457,-0.026144272,0.42442644,0.45879635,-0.02595511,0.41092536,0.31889576,-0.020352548,0.41380167,0.20443806,-0.0002709842,0.32195932,0.34630215,-0.018795526,0.34248748,0.2528786,-0.05267347,0.3703003,0.40741205,-0.06029199,0.33957657,0.42050523,-0.06653067,0.24633874,0.4256057,-0.020526193,0.2862776,0.32830575,-0.06695829,0.33375952,0.48453498,-0.080160774,0.30181572,0.4825647,-0.08530111,0.20383881,0.52065694,-0.025458574,0.22772622,0.43363452,-0.067512095,0.2897618,0.5558857,-0.048078347,0.26171497,0.5660306,-0.031552725,0.16694473,0.6059776,-0.032257337,0.19323066,0.56511533,-0.055492554,0.24933927,0.6273923,-0.037266884,0.23123887,0.6334223,-0.02082755,0
0.35049117,0.8569358,-7.0740833e-07,0.4090227,0.67854196,-0.023239726,0.42493555,0.45455682,-0.022562174,0.41184118,0.31528234,-0.017652048,0.41224286,0.20279571,0.0011470453,0.32133204,0.34290057,-0.0139257265,0.34205303,0.25212324,-0.04797105,0.37042892,0.40568647,-0.057590567,0.33897442,0.42070353,-0.06532509,0.24652848,0.4239736,-0.017285159,0.28727,0.32835573,-0.06293821,0.3359691,0.48428464,-0.077058755,0.30310935,0.48511514,-0.082945675,0.20481774,0.52126896,-0.023791146,0.22782451,0.4336013,-0.065606155,0.2911041,0.55478644,-0.046266686,0.26370788,0.56881046,-0.029648883,0.16878322,0.6090854,-0.0319178,0.19328414,0.5644329,-0.055343393,0.2502039,0.62520987,-0.03654468,0.2338913,0.63244575,-0.01941894,0
0.3499579,0.8577351,-7.049401e-07,0.40822643,0.6803416,-0.024179729,0.42439198,0.4569114,-0.023879293,0.41186863,0.3169743,-0.019109642,0.4141864,0.2035431,-4.879614e-05,0.32326394,0.34502542,-0.015240685,0.34240815,0.2512203,-0.04927743,0.3707248,0.40574932,-0.05757773,0.33961257,0.41979015,-0.06442919,0.24808736,0.42368674,-0.018258499,0.28749195,0.32642663,-0.0645953,0.33568978,0.48390365,-0.077880785,0.3029587,0.4820671,-0.08312249,0.20605837,0.51945364,-0.024548996,0.2286523,0.43232638,-0.066474624,0.29116148,0.55463463,-0.046305515,0.26365373,0.5658187,-0.029257588,0.17014551,0.60653347,-0.03263792,0.19369468,0.5657104,-0.05592986,0.2501644,0.62611616,-0.037280835,0.23320258,0.63089263,-0.020490665,0
0.3465779,0.8631388,-7.181654e-07,0.40733162,0.67673963,-0.024155749,0.42373317,0.4559342,-0.021589162,0.4130717,0.31501293,-0.013520394,0.41576648,0.20111978,0.009586042,0.32056853,0.3444811,-0.0148366075,0.34266073,0.25052813,-0.04696091,0.3707162,0.4059391,-0.054763366,0.33896124,0.4195006,-0.06153022,0.24485627,0.42316452,-0.016992617,0.28749046,0.32685173,-0.062037252,0.33493888,0.4834273,-0.07726486,0.3017541,0.48312658,-0.084646136,0.20349064,0.5193211,-0.021925298,0.22998306,0.4315102,-0.061781634,0.29152846,0.55358166,-0.042827915,0.26170415,0.56778985,-0.027344858,0.16958019,0.6067817,-0.028720839,0.19518763,0.5646365,-0.049907297,0.25114453,0.62409526,-0.030781653,0.23113084,0.63249874,-0.014122092,0
0.34862134,0.85805416,-7.208417e-07,0.40726173,0.6804856,-0.022217758,0.42345512,0.45436254,-0.020222224,0.41142327,0.31447363,-0.013965076,0.4143486,0.20224884,0.006403553,0.32235473,0.34284857,-0.014713847,0.3433385,0.25177774,-0.04757432,0.37108925,0.405218,-0.05496795,0.342028,0.420982,-0.06102285,0.24596837,0.42275855,-0.017961897,0.2863388,0.33018035,-0.06325911,0.3340614,0.4862389,-0.07614525,0.30262762,0.48501617,-0.081219874,0.20364493,0.51855385,-0.024117088,0.22822648,0.43347842,-0.06524715,0.29033953,0.55523884,-0.04591105,0.26297247,0.5676397,-0.029566154,0.16749291,0.6049862,-0.031863123,0.1942186,0.56418025,-0.05505432,0.25026476,0.6253248,-0.037206523,0.23270309,0.63134587,-0.020949878,0
0.3488955,0.8583546,-6.903243e-07,0.40722382,0.67975974,-0.023724763,0.42352664,0.45667815,-0.02380319,0.41184282,0.31673104,-0.019497866,0.41466367,0.2026707,-0.000862181,0.32254863,0.34494194,-0.015923724,0.34295824,0.25187352,-0.049900588,0.37121576,0.40737376,-0.058252666,0.3394397,0.4208179,-0.0654295,0.24650566,0.42293465,-0.019344734,0.2875263,0.32566908,-0.06645216,0.3358162,0.48343393,-0.08042168,0.30340433,0.48227593,-0.08620172,0.20476504,0.5187021,-0.02576111,0.22855431,0.4304209,-0.06766132,0.29119498,0.5532143,-0.047190618,0.26296657,0.5660461,-0.030183349,0.16897696,0.60536295,-0.034009162,0.19510236,0.56655645,-0.057838134,0.2508691,0.62731665,-0.0395946,0.23225906,0.6316482,-0.023137843,0
0.3462294,0.86211973,-7.2184633e-07,0.40693492,0.6768832,-0.0230809,0.42347077,0.45728314,-0.02042591,0.4122693,0.31614208,-0.012735179,0.41506428,0.20186561,0.009692396,0.3213836,0.34380257,-0.013323246,0.34267205,0.25147903,-0.045705363,0.3703165,0.40622732,-0.054001816,0.33875734,0.41999418,-0.0611401,0.24576092,0.4228809,-0.016186638,0.2880729,0.3270328,-0.06163125,0.3354398,0.48287916,-0.077183105,0.302248,0.48264813,-0.08471483,0.20445071,0.5189419,-0.021793772,0.22953434,0.43053398,-0.062440224,0.29163447,0.55270106,-0.043285828,0.26244882,0.56753916,-0.027433561,0.17024817,0.60663676,-0.029123938,0.19467995,0.5631627,-0.05126598,0.25144887,0.6231274,-0.032065075,0.23251769,0.631371,-0.015113408,0
0.34818158,0.860175,-6.9680567e-07,0.4069206,0.6778633,-0.022936778,0.4235087,0.45529693,-0.020631397,0.41201186,0.31526315,-0.013446936,0.41461536,0.20167625,0.008286984,0.32221287,0.34270507,-0.014862633,0.34262395,0.2502805,-0.04676355,0.37093934,0.4042941,-0.053655334,0.34105688,0.4195883,-0.05966477,0.24523202,0.42138353,-0.01739307,0.2863306,0.32678366,-0.06261576,0.33449292,0.48308218,-0.07690158,0.3022329,0.4813362,-0.08339691,0.20328623,0.5174147,-0.02251441,0.22857614,0.4318482,-0.063041925,0.29088888,0.5533717,-0.043503255,0.26251903,0.5654713,-0.027490467,0.1676927,0.60416245,-0.029262805,0.19384162,0.56457347,-0.051939767,0.25086793,0.62486994,-0.033381913,0.23265862,0.6300002,-0.016856687,0
0.35013956,0.853681,-7.0456406e-07,0.40847462,0.67776895,-0.023217492,0.42218018,0.45382562,-0.022319363,0.40987197,0.31490988,-0.017366016,0.41311836,0.20166463,0.0014936306,0.32282737,0.34074855,-0.013243252,0.3408974,0.24771291,-0.04760909,0.36964363,0.4009035,-0.05684748,0.34065583,0.4170773,-0.06388239,0.24800569,0.4198941,-0.01652368,0.28587806,0.32396048,-0.06172092,0.3347938,0.4803806,-0.07456222,0.30269063,0.47936657,-0.07929897,0.20541322,0.51584584,-0.023265453,0.2277614,0.4297203,-0.06536017,0.29077953,0.5515896,-0.046001125,0.26356626,0.5625201,-0.029064227,0.16860396,0.6026279,-0.031592365,0.19242325,0.5587644,-0.055467512,0.24929905,0.6207701,-0.036793888,0.23311326,0.62792724,-0.019575369,0
0.35126367,0.851328,-7.2347456e-07,0.40896183,0.6789987,-0.02436668,0.42277718,0.45272237,-0.024052769,0.4095118,0.3127687,-0.019424647,0.41229194,0.19998622,-0.0010135422,0.32244483,0.33871365,-0.014756223,0.3401193,0.24624753,-0.04951434,0.3686622,0.40058193,-0.05943172,0.33875096,0.41459775,-0.06697077,0.24807617,0.4207446,-0.0173604,0.28489715,0.3234074,-0.062241033,0.33395678,0.4803367,-0.07468655,0.30153513,0.4792674,-0.07923926,0.20583671,0.5174551,-0.023579465,0.22660236,0.42848808,-0.06552882,0.29002544,0.55071086,-0.046195053,0.26309952,0.56228095,-0.029260764,0.16908236,0.6035178,-0.03146841,0.19141842,0.55554205,-0.054735746,0.24764055,0.6184722,-0.035888303,0.23168045,0.6272103,-0.018706886,0
0.3506439,0.85129166,-7.2640177e-07,0.4091201,0.67481077,-0.023799177,0.42275965,0.44832414,-0.023349747,0.41037694,0.30894276,-0.018968416,0.41241047,0.19667256,-0.0011219229,0.3188742,0.33732432,-0.012673175,0.3410017,0.24587867,-0.04794015,0.36923373,0.39810923,-0.059111904,0.3379877,0.4123069,-0.067485936,0.24621639,0.41819036,-0.01605352,0.28669235,0.3228756,-0.060750887,0.33507803,0.47823063,-0.07381186,0.3015387,0.47795582,-0.078767516,0.20513266,0.51524943,-0.023273295,0.22850463,0.4271416,-0.06565377,0.29110122,0.5482756,-0.047419082,0.26294,0.55990916,-0.031068403,0.16987677,0.60270065,-0.032153342,0.19411367,0.55548805,-0.056138743,0.2494236,0.6175701,-0.03820491,0.23258406,0.6260746,-0.02153619,0
0.35265234,0.84685314,-7.307527e-07,0.41002452,0.675732,-0.023961408,0.42410356,0.44812077,-0.02439117,0.4102509,0.30893958,-0.020991333,0.4121333,0.1974552,-0.0043685967,0.32074314,0.33712396,-0.014004886,0.3431704,0.24384585,-0.049850043,0.3707776,0.39694944,-0.06075385,0.3398555,0.41144085,-0.068929315,0.24947484,0.41613722,-0.01796345,0.28953034,0.3200971,-0.062635124,0.3373797,0.4773749,-0.07408362,0.3043957,0.47631896,-0.07785566,0.20795941,0.5120914,-0.025935454,0.2303532,0.42388433,-0.06878308,0.29276183,0.5478213,-0.048887737,0.26592457,0.5583507,-0.03134755,0.17133799,0.6008209,-0.035568643,0.19380096,0.55306697,-0.059940215,0.2500665,0.6162477,-0.04105449,0.2354919,0.62355775,-0.023663858,0
0.3533545,0.85065377,-7.49898e-07,0.41275674,0.6687832,-0.022150273,0.42520207,0.44266254,-0.019414892,0.41250625,0.30583966,-0.012578035,0.4144086,0.19516861,0.008203415,0.32267854,0.33367285,-0.010406735,0.3458362,0.24355957,-0.04508881,0.37260693,0.396831,-0.05628674,0.3411606,0.4110996,-0.06476743,0.24965943,0.41363275,-0.014557773,0.29221183,0.3199662,-0.05793235,0.3384121,0.4763139,-0.071317576,0.3045442,0.47582242,-0.07698269,0.20734549,0.5099133,-0.022523379,0.23245245,0.4225137,-0.063587636,0.29328173,0.5456091,-0.045676775,0.26381594,0.5576407,-0.030079147,0.171448,0.5976688,-0.032130655,0.19631588,0.5510296,-0.05512193,0.2513813,0.61475086,-0.036660615,0.23287237,0.62503594,-0.019824928,0
0.3534326,0.84665453,-7.3567657e-07,0.4119271,0.67482316,-0.023783581,0.42539096,0.4471758,-0.023554113,0.4124378,0.30851856,-0.019662807,0.41552502,0.19741532,-0.0024444791,0.32393214,0.33571905,-0.012920126,0.34518617,0.24347055,-0.04864623,0.37309977,0.39533287,-0.059166685,0.34376517,0.41143036,-0.066751465,0.25201517,0.41361985,-0.017105129,0.29217252,0.32062018,-0.061996654,0.33943594,0.4769,-0.07357328,0.30676037,0.4766128,-0.077058256,0.20944072,0.5087354,-0.025426988,0.23352823,0.4242565,-0.06891426,0.29484004,0.5479632,-0.05017784,0.26708838,0.5589912,-0.03293948,0.17244671,0.5974206,-0.035387516,0.1974147,0.5501225,-0.060425594,0.25269228,0.61470926,-0.0421533,0.2360804,0.6247769,-0.024789283,0
0.35419315,0.8473907,-7.3772173e-07,0.4130375,0.67130804,-0.022017943,0.42652395,0.44496512,-0.020924756,0.4135323,0.30806708,-0.016077017,0.41591927,0.1976549,0.002422717,0.32463363,0.3356512,-0.013706892,0.34758717,0.24318439,-0.049020268,0.37471205,0.39685243,-0.058791418,0.344207,0.41174108,-0.066107556,0.25119385,0.41506332,-0.018410573,0.2937369,0.31764555,-0.063891344,0.34008294,0.47536802,-0.07614593,0.3067035,0.4754072,-0.080180965,0.20888785,0.5105028,-0.02669948,0.23382454,0.42201537,-0.06963198,0.29519916,0.5455657,-0.050801806,0.26688486,0.5569476,-0.033897452,0.17274079,0.5968698,-0.036463004,0.19866353,0.54969454,-0.061118834,0.25393242,0.61368454,-0.042992715,0.23648196,0.6226133,-0.025958423,0
0.3524983,0.84945035,-7.4357513e-07,0.41256547,0.66704786,-0.02172557,0.42702278,0.4425997,-0.020156454,0.41524988,0.30641586,-0.014880388,0.41744417,0.19602591,0.004159513,0.32352403,0.33074066,-0.011279224,0.34923655,0.24309272,-0.04574358,0.37623626,0.3958932,-0.05595955,0.34492528,0.41085958,-0.06388841,0.24935886,0.40848714,-0.016157415,0.2962177,0.31954628,-0.060426854,0.3423002,0.47670949,-0.07362351,0.30797344,0.47555873,-0.0788785,0.20783557,0.5045912,-0.02461381,0.23775949,0.42291012,-0.066620745,0.2980655,0.5463618,-0.048559256,0.2677198,0.5586842,-0.032597512,0.1733863,0.59276813,-0.034672916,0.20237286,0.5517257,-0.059275024,0.25682333,0.61515504,-0.041825823,0.23716009,0.6236125,-0.025347006,0
0.35368,0.8455664,-7.2356187e-07,0.41255155,0.6673151,-0.02413409,0.4267105,0.4422393,-0.02418284,0.41449884,0.30538604,-0.019987209,0.41592467,0.19388613,-0.002120908,0.32225478,0.33085948,-0.016098518,0.34947824,0.24331734,-0.05077652,0.3769412,0.39385703,-0.05997237,0.34578544,0.4092868,-0.06684004,0.24892227,0.40922555,-0.019934254,0.29685175,0.32191637,-0.06438865,0.3430304,0.47653094,-0.07665602,0.30784887,0.47536963,-0.08121622,0.20750889,0.5058736,-0.027317228,0.23876673,0.4253938,-0.07030159,0.2992427,0.5464432,-0.052497357,0.26864466,0.5576938,-0.036410477,0.17268513,0.59437364,-0.03627579,0.20287251,0.5490446,-0.06165836,0.2577414,0.61191267,-0.044139296,0.23844573,0.62279826,-0.027407812,0
0.35172957,0.84820175,-7.307526e-07,0.41350392,0.66013014,-0.020123677,0.42773315,0.43686077,-0.017901685,0.41554523,0.3038879,-0.01208148,0.41736472,0.19391418,0.007458981,0.32242042,0.32671383,-0.010753018,0.35212523,0.2412884,-0.0444452,0.37895146,0.39404026,-0.054211088,0.34795827,0.41001293,-0.062078714,0.24652496,0.40264243,-0.016370606,0.29982764,0.31783563,-0.060194876,0.3444987,0.47455156,-0.07398079,0.3098736,0.47409612,-0.07987905,0.20456743,0.4990466,-0.025180923,0.2424738,0.4230913,-0.066355154,0.3010706,0.5448192,-0.049059,0.26899397,0.5576665,-0.033900585,0.1710532,0.5878052,-0.03545386,0.20603544,0.5496129,-0.059901163,0.26056376,0.61241996,-0.04282587,0.2392974,0.621897,-0.026567668,0
0.35158834,0.8500028,-7.278835e-07,0.41407216,0.6540475,-0.01959727,0.4266038,0.43531573,-0.016256243,0.41472507,0.3007196,-0.009027928,0.4151976,0.19030711,0.012217929,0.31925374,0.32552642,-0.010556579,0.3508302,0.23968261,-0.04350582,0.37844315,0.39016443,-0.053068172,0.34734648,0.40879497,-0.06062253,0.24474332,0.40149176,-0.016018935,0.29968318,0.3188275,-0.05901975,0.3450551,0.47285664,-0.07356062,0.30973405,0.47345778,-0.08044692,0.20398879,0.49911323,-0.024360333,0.24272905,0.42332286,-0.06491069,0.3013848,0.54231495,-0.04837872,0.26786813,0.55610865,-0.03398261,0.17213722,0.5900773,-0.034053676,0.20732419,0.55055714,-0.057906687,0.26196158,0.610289,-0.04053621,0.23941112,0.62185884,-0.024161464,0
0.35260376,0.84541106,-7.5098615e-07,0.41402838,0.6528408,-0.020597514,0.42733866,0.434305,-0.018016133,0.41525987,0.29981893,-0.011417762,0.41552982,0.1895844,0.009372897,0.3200955,0.32148597,-0.012321123,0.35110432,0.23696744,-0.045840275,0.37887055,0.38875926,-0.055250574,0.34799105,0.4078824,-0.06275121,0.24610649,0.3961429,-0.017884163,0.30129257,0.31765574,-0.061129354,0.34623164,0.47260436,-0.07508088,0.3106168,0.47192562,-0.08171533,0.20536533,0.4941349,-0.02650738,0.24430041,0.4218553,-0.067650035,0.30217642,0.5418793,-0.05069449,0.26814294,0.5545182,-0.036070883,0.1736537,0.586747,-0.03663903,0.20894575,0.5494254,-0.06141481,0.2631713,0.6098708,-0.04431026,0.23989415,0.62119216,-0.028084071,0
0.35339102,0.844861,-7.535796e-07,0.41477385,0.65012455,-0.020172676,0.42817178,0.43096992,-0.016852206,0.41621828,0.2961454,-0.009222334,0.41588852,0.18614233,0.012620557,0.32056195,0.321951,-0.012916795,0.35090947,0.23540801,-0.045492254,0.3794194,0.38784277,-0.054562304,0.3488044,0.40665096,-0.061953545,0.24655753,0.39828897,-0.01799079,0.30068427,0.31495947,-0.060287938,0.3461333,0.46939558,-0.07454793,0.31100526,0.47100586,-0.08174459,0.20632789,0.49597707,-0.02579396,0.24444893,0.41884446,-0.065454155,0.30266875,0.53838897,-0.048511654,0.26898956,0.55314016,-0.03430935,0.17495978,0.58709204,-0.035024434,0.20887265,0.54544795,-0.057950284,0.26308268,0.6052026,-0.040094864,0.24006875,0.6181263,-0.02377076,0
0.35156456,0.84634584,-7.6452693e-07,0.41493934,0.648308,-0.0195105,0.4289545,0.42916226,-0.014742733,0.41591567,0.29429355,-0.00517182,0.41534793,0.18428925,0.018832408,0.3193882,0.32285357,-0.013005358,0.35021538,0.2343142,-0.044942167,0.37925842,0.3871935,-0.05397549,0.3493033,0.4069027,-0.061469477,0.24557146,0.40040755,-0.017935326,0.30001038,0.3130136,-0.060169242,0.34586844,0.46697393,-0.075645,0.31109574,0.47114444,-0.08399309,0.20601961,0.49774265,-0.025174316,0.24491131,0.41699886,-0.064240195,0.30340558,0.5369226,-0.047411468,0.26945278,0.5546191,-0.03359511,0.1753037,0.58839047,-0.03375113,0.20872746,0.5429267,-0.05593381,0.26410934,0.6030227,-0.03733801,0.24102253,0.6182579,-0.020709762,0
0.35149607,0.84578735,-7.519212e-07,0.4143209,0.6467441,-0.019463561,0.42775226,0.43027097,-0.014659735,0.4158033,0.29424852,-0.005235971,0.41630504,0.1837256,0.018687986,0.31998107,0.32181817,-0.011877328,0.34965023,0.23369831,-0.04321159,0.37884733,0.3849789,-0.051554274,0.3487696,0.4045096,-0.058610614,0.24607861,0.39900962,-0.016831335,0.29906008,0.31213814,-0.058990277,0.3451887,0.46561792,-0.07441097,0.31016725,0.46942845,-0.082702816,0.20651047,0.4966581,-0.02413707,0.24417135,0.41642225,-0.06344597,0.3029344,0.53578454,-0.046681765,0.2686833,0.5531355,-0.032822035,0.17566785,0.58829284,-0.032771446,0.20876132,0.5432701,-0.055405412,0.2641587,0.60213304,-0.03709712,0.24085674,0.6167605,-0.020590136,0
0.3507389,0.8474729,-7.47113e-07,0.41401672,0.6477251,-0.019634869,0.42756718,0.4310985,-0.015187566,0.4163782,0.29369283,-0.0061854934,0.41715106,0.18224695,0.017309261,0.31863678,0.32121623,-0.010582297,0.3500772,0.23325396,-0.041903947,0.37821648,0.38475707,-0.050738696,0.34716874,0.40384245,-0.05811324,0.24486256,0.3995658,-0.015314292,0.2992161,0.3110785,-0.058284163,0.3450071,0.46471852,-0.07456799,0.30966106,0.4691032,-0.08303193,0.20573881,0.4977606,-0.022356488,0.24400109,0.41591564,-0.061989836,0.30272186,0.53447044,-0.04556633,0.2685073,0.5523156,-0.031595692,0.17554872,0.58866394,-0.030701252,0.2086547,0.54122376,-0.053225085,0.2638844,0.6004941,-0.034682985,0.24095073,0.6156767,-0.017802598,0
0.35007662,0.84867716,-7.601803e-07,0.4141047,0.6461297,-0.020013353,0.42720005,0.43052512,-0.014746885,0.41553962,0.29331428,-0.0046405545,0.41677934,0.18161559,0.020315671,0.31913665,0.3177154,-0.0092825,0.34995738,0.23365632,-0.04014766,0.37761965,0.38442612,-0.049105223,0.34570736,0.4038017,-0.05672551,0.24446568,0.39622688,-0.013570683,0.2988112,0.31165344,-0.056025334,0.34475434,0.46473303,-0.07265067,0.3090624,0.468554,-0.081528574,0.2052511,0.49489623,-0.02031898,0.24333867,0.41599864,-0.05961725,0.30225623,0.53391373,-0.04377326,0.2672346,0.551355,-0.030401204,0.17568496,0.58640397,-0.02851199,0.20959233,0.5429737,-0.05133707,0.2644723,0.6018879,-0.03367473,0.24034777,0.6162684,-0.017491939,0
0.35133308,0.8464714,-7.48647e-07,0.41397446,0.6492822,-0.02190904,0.4274088,0.43242478,-0.0177706,0.41571194,0.29511964,-0.0084893415,0.41661227,0.18301442,0.015576422,0.31949255,0.31936556,-0.0114595825,0.3498573,0.23395818,-0.042690456,0.37783512,0.3845984,-0.0516235,0.34563982,0.40281335,-0.059100565,0.24534497,0.39702308,-0.01481517,0.29847845,0.3122397,-0.056742772,0.3445453,0.46477705,-0.0723809,0.3088443,0.46692055,-0.08066819,0.20589805,0.49509963,-0.020905782,0.2432364,0.41665274,-0.06001901,0.30203754,0.5341204,-0.043983895,0.26759097,0.5491843,-0.030528141,0.17562169,0.5857883,-0.028581666,0.20897846,0.5422586,-0.051244486,0.2635194,0.6010836,-0.0336929,0.24008165,0.61478907,-0.01767335,0
0.3517466,0.84419453,-7.5934594e-07,0.41466242,0.648717,-0.020385407,0.42786977,0.43099165,-0.01582705,0.41506666,0.29364392,-0.006602278,0.41582498,0.1826947,0.017132003,0.3216802,0.31916505,-0.010951207,0.34930342,0.2333642,-0.042010035,0.3780279,0.3849648,-0.050197903,0.34700027,0.40411085,-0.057282176,0.24673435,0.39739054,-0.015205744,0.29729435,0.3104264,-0.057806283,0.34407732,0.4645523,-0.07306226,0.30905125,0.46792498,-0.08081853,0.2068854,0.49547324,-0.022024564,0.24257447,0.41626632,-0.061561715,0.3020384,0.53466177,-0.044674046,0.26845428,0.55035806,-0.030513778,0.17628881,0.58621967,-0.030280104,0.2087447,0.5429827,-0.053367425,0.26403862,0.60232335,-0.035582695,0.24144268,0.61519617,-0.019348115,0
0.34999248,0.8457141,-7.490928e-07,0.41374272,0.6495106,-0.022582572,0.42809463,0.43157873,-0.018578244,0.41611326,0.29377642,-0.009155012,0.416662,0.18143779,0.015278719,0.3208503,0.3188547,-0.012460052,0.34857213,0.23204729,-0.043771613,0.37748778,0.38403356,-0.05216657,0.3459043,0.40258956,-0.059312336,0.24579963,0.3968576,-0.015505194,0.29697728,0.30990827,-0.05815059,0.34399694,0.46427488,-0.07386121,0.308655,0.46680218,-0.08197701,0.20603667,0.49467877,-0.021269161,0.24301578,0.41653824,-0.060144488,0.30231652,0.5343024,-0.043446615,0.2680898,0.5489146,-0.029623266,0.17580648,0.5845933,-0.02875034,0.20899707,0.5426135,-0.05072844,0.26440826,0.60083854,-0.03266307,0.24128518,0.6134205,-0.016392944,0
0.3501822,0.8463688,-7.455958e-07,0.4138689,0.65083694,-0.021484507,0.4278718,0.43114358,-0.016983109,0.4153334,0.2931826,-0.0071847225,0.41691795,0.1806984,0.017494082,0.32084802,0.31790283,-0.013382834,0.3492826,0.23154598,-0.044219926,0.37827423,0.3839848,-0.051913667,0.34700808,0.4015259,-0.05864607,0.24535748,0.39710915,-0.01667204,0.29704946,0.3096197,-0.059492957,0.34415185,0.46332392,-0.07516659,0.30970988,0.46594894,-0.08324193,0.20546511,0.49483937,-0.022303073,0.24254057,0.41585326,-0.061141342,0.30244645,0.5341545,-0.044359114,0.26924786,0.54967636,-0.03051106,0.17430505,0.5840372,-0.029469894,0.20832704,0.54170173,-0.051447593,0.2644685,0.60074186,-0.03338202,0.24242231,0.6134152,-0.017101899,0
0.35036144,0.8496703,-7.612809e-07,0.4152099,0.64588505,-0.017455945,0.42721224,0.42842472,-0.011158304,0.41541576,0.29107797,-0.0006374578,0.4174924,0.17983231,0.024710767,0.3216926,0.31875432,-0.008717817,0.34936154,0.2316308,-0.03850609,0.37851554,0.38389206,-0.04589368,0.34741563,0.40236437,-0.052796695,0.24512348,0.3979919,-0.014098785,0.29777956,0.30703938,-0.05674745,0.34423295,0.46110293,-0.07341783,0.30915067,0.46667,-0.08245608,0.20583954,0.49634752,-0.021482952,0.24430522,0.4136017,-0.05964613,0.30319917,0.53161657,-0.04327582,0.26731622,0.5514408,-0.030076612,0.17645584,0.5863048,-0.03018892,0.21188593,0.54106766,-0.05225371,0.26595694,0.5999536,-0.034655336,0.23982093,0.61533666,-0.018899651,0
0.34780508,0.84820604,-7.7480274e-07,0.41426516,0.6450556,-0.019225055,0.42777494,0.4278826,-0.013277799,0.41470093,0.29142648,-0.0023734225,0.41707322,0.17997244,0.023724755,0.3211633,0.3156242,-0.0106072575,0.35045692,0.23062754,-0.04008679,0.37918568,0.38272274,-0.04668213,0.3473452,0.40173134,-0.053037073,0.24431494,0.39142382,-0.015369088,0.29909226,0.306769,-0.056685288,0.34522495,0.46160161,-0.07194272,0.30976558,0.46548867,-0.08024154,0.2044194,0.48898417,-0.022366168,0.24573106,0.41304994,-0.059960995,0.30431634,0.5319511,-0.043002713,0.26834428,0.54965836,-0.029610217,0.17487323,0.58033925,-0.03089278,0.21185946,0.54052377,-0.053154964,0.2671304,0.5989612,-0.03559786,0.24209782,0.61262804,-0.019832911,0
0.34675366,0.848516,-7.640789e-07,0.41404778,0.6393732,-0.019991396,0.42835662,0.4247757,-0.014822741,0.4160854,0.28821033,-0.0045597274,0.41691804,0.17605892,0.021284217,0.31812638,0.3078555,-0.012385774,0.35144126,0.23089215,-0.041935608,0.38065565,0.3830724,-0.048022315,0.34961873,0.4033611,-0.05407198,0.24065708,0.3776586,-0.017283507,0.30226132,0.30932397,-0.05826753,0.3475461,0.46386856,-0.07339037,0.31150833,0.46483466,-0.081848234,0.20093316,0.47577506,-0.024425244,0.24879134,0.41610682,-0.06146284,0.30538145,0.53403693,-0.045213938,0.2678161,0.54912513,-0.03273319,0.17282207,0.5693233,-0.03345921,0.21687457,0.54857594,-0.05614915,0.27089283,0.6041333,-0.04059743,0.24392906,0.6122413,-0.02625568,0
0.34792095,0.84205174,-7.1657996e-07,0.41401413,0.6389404,-0.022322126,0.42642337,0.42325866,-0.02184029,0.41368976,0.28638244,-0.017071584,0.41393146,0.17326713,0.0022218039,0.31499356,0.30289632,-0.017950231,0.35268724,0.23147473,-0.04841287,0.38250297,0.3821593,-0.053443063,0.3513474,0.4041807,-0.05836876,0.23721865,0.36855,-0.023290208,0.3041284,0.31380674,-0.06569355,0.3496402,0.46663195,-0.0788113,0.3134297,0.46659267,-0.08484286,0.1974356,0.46756548,-0.030969309,0.25195292,0.422046,-0.070101045,0.30838287,0.5372038,-0.05393579,0.27119413,0.55030465,-0.040489618,0.16959472,0.56351936,-0.04066205,0.22158873,0.54989684,-0.06568085,0.27507457,0.6070542,-0.051312085,0.24828595,0.61637014,-0.03689299,0
0.34949842,0.84031665,-7.0328883e-07,0.41550434,0.6384307,-0.02148865,0.42784333,0.42311662,-0.023667859,0.41634762,0.28871804,-0.02288803,0.41503066,0.17698836,-0.008790101,0.31422567,0.3006074,-0.01800397,0.35551107,0.23103842,-0.049705245,0.38682148,0.38210383,-0.055483002,0.35741886,0.40965402,-0.06047373,0.23628508,0.36185038,-0.025009261,0.3072624,0.31310716,-0.067584045,0.35258606,0.46632594,-0.0789817,0.3175752,0.47173178,-0.08293394,0.1959616,0.46020693,-0.034571994,0.25684926,0.42548555,-0.07377039,0.3116421,0.5419606,-0.05672162,0.2751775,0.55844927,-0.04197802,0.16906124,0.55877566,-0.046244606,0.22707438,0.5496622,-0.071559,0.27965128,0.6099569,-0.056772534,0.25327387,0.6230227,-0.041385874,0
0.347125,0.8400607,-6.786451e-07,0.41550362,0.63291234,-0.020659292,0.4262848,0.41878387,-0.02293954,0.4128363,0.2858959,-0.022872956,0.40948346,0.17551279,-0.010565151,0.3109592,0.30132782,-0.017651498,0.3582847,0.23130652,-0.049647212,0.38910502,0.37959418,-0.056203265,0.36205333,0.41446632,-0.06150797,0.23374262,0.35837936,-0.025395036,0.31098396,0.31241405,-0.070178874,0.35461652,0.46519643,-0.08348265,0.32049343,0.47907928,-0.08778142,0.19400194,0.45581076,-0.035386067,0.262179,0.4282453,-0.07637165,0.314599,0.5444003,-0.061399084,0.27844617,0.56457645,-0.047122017,0.1680133,0.5569175,-0.047263633,0.22984922,0.5523649,-0.07380679,0.28176537,0.6113844,-0.060132157,0.25632054,0.6237451,-0.045041416,0
0.3430829,0.83880234,-6.842821e-07,0.41629434,0.6295778,-0.020942941,0.42544776,0.4120375,-0.020842412,0.41092822,0.27786535,-0.01769963,0.40712982,0.16858384,-0.002543774,0.3099073,0.29885504,-0.018487582,0.36115575,0.22962317,-0.049495433,0.3912209,0.37454823,-0.057085786,0.3646055,0.41399822,-0.06352148,0.23308831,0.3537863,-0.025231844,0.31440967,0.3152524,-0.06855556,0.35746652,0.46423718,-0.08311293,0.32405213,0.48085862,-0.089097634,0.19386874,0.45115402,-0.03412439,0.26647508,0.43021846,-0.07294836,0.31834143,0.5436093,-0.05969624,0.2830676,0.56498116,-0.047461003,0.16936292,0.553427,-0.04515224,0.23328707,0.55774266,-0.07070226,0.28442115,0.6133257,-0.058777012,0.25902426,0.62312245,-0.045522653,0
0.3428489,0.8277002,-6.373743e-07,0.41583923,0.6283778,-0.021385077,0.42316425,0.4103415,-0.024234213,0.406331,0.27516901,-0.025087552,0.40113857,0.16571301,-0.015506034,0.30213556,0.2999866,-0.022310108,0.36254787,0.22855464,-0.054189537,0.39407274,0.36930636,-0.061220516,0.37052858,0.41697657,-0.06648548,0.22969335,0.3514849,-0.02939229,0.31834105,0.31977862,-0.07520589,0.36110777,0.46860644,-0.088959344,0.32891145,0.49181792,-0.09326322,0.19239886,0.44781113,-0.038369782,0.27260843,0.43357033,-0.08077382,0.32214397,0.5496944,-0.06789929,0.28897792,0.5749399,-0.054343183,0.16893756,0.5524021,-0.049111303,0.23776636,0.5584248,-0.07764261,0.28738183,0.6174053,-0.066316485,0.26380008,0.62920666,-0.05245763,0
0.35244712,0.8050449,-5.894169e-07,0.4182275,0.6334977,-0.03068595,0.42445463,0.42091233,-0.041303992,0.40601057,0.2831573,-0.050030973,0.3951953,0.17412755,-0.050401032,0.29796967,0.30577123,-0.028988887,0.36310315,0.22574529,-0.06686045,0.39870304,0.36170766,-0.07721202,0.3809029,0.42173338,-0.08180961,0.23407763,0.3547241,-0.03351207,0.32406697,0.32657093,-0.07648358,0.36856675,0.4763324,-0.08306442,0.3395329,0.50548744,-0.080450244,0.19581604,0.44765887,-0.042641204,0.2809357,0.44094715,-0.08762276,0.32772166,0.56241554,-0.07493499,0.30029935,0.5830902,-0.05894947,0.17000416,0.555844,-0.054003187,0.23967105,0.5585025,-0.08344174,0.2877884,0.6228368,-0.07117643,0.27553976,0.6358814,-0.055120822,0
0.36349633,0.7840401,-5.268917e-07,0.4224875,0.62430614,-0.033787545,0.42267126,0.41991085,-0.04714529,0.40631402,0.2807327,-0.05854952,0.38923338,0.1699245,-0.06297902,0.2862789,0.305891,-0.030831479,0.360845,0.22382647,-0.07391284,0.4018145,0.34888664,-0.09147698,0.39062747,0.41880852,-0.099355586,0.22752044,0.35659528,-0.034220874,0.32903922,0.32864913,-0.07629993,0.37600648,0.46920156,-0.08310542,0.35188228,0.5093792,-0.08087316,0.19285673,0.4487955,-0.0434711,0.2901046,0.44253626,-0.089442864,0.33639535,0.55939466,-0.07951392,0.31391278,0.5870585,-0.06464141,0.17064245,0.55755764,-0.055341236,0.24715245,0.55959195,-0.085940234,0.29655108,0.6219591,-0.0754796,0.29302087,0.6388566,-0.060085665,0
0.3618877,0.7820654,-5.5186837e-07,0.4194408,0.62017345,-0.033047818,0.4196093,0.41919214,-0.048348393,0.40313405,0.2790122,-0.061919387,0.38217282,0.16794237,-0.068381146,0.27570796,0.30799004,-0.02967299,0.36218253,0.22922936,-0.07651016,0.40385094,0.3510965,-0.099419035,0.39337224,0.41850153,-0.11135039,0.2192998,0.36244553,-0.03390223,0.33596206,0.3320348,-0.077587575,0.38163275,0.46867204,-0.08516007,0.35878307,0.5122305,-0.08420257,0.1889773,0.45493355,-0.044494215,0.301699,0.4448319,-0.08973527,0.34503216,0.5573047,-0.0794243,0.32255793,0.5890143,-0.06510898,0.17242959,0.56239307,-0.058288813,0.26291502,0.5672717,-0.08727384,0.3080006,0.6238812,-0.078444764,0.30130982,0.63800585,-0.06502215,0
0.35823274,0.7803264,-5.9201705e-07,0.41932917,0.6148666,-0.03484484,0.4198219,0.41654527,-0.052047234,0.40051204,0.2762508,-0.066849455,0.3754398,0.16488618,-0.07382985,0.2724206,0.30603254,-0.03648084,0.3692196,0.22736049,-0.08634486,0.40958625,0.35283184,-0.11000767,0.40037528,0.42171004,-0.12217277,0.2175912,0.36299214,-0.04010313,0.34632936,0.33321875,-0.08697055,0.38958138,0.4682682,-0.09327692,0.36988693,0.5135551,-0.09128917,0.18970147,0.455447,-0.050445437,0.3151394,0.45224524,-0.096308626,0.35530686,0.5571839,-0.08622957,0.33447903,0.5857408,-0.072574675,0.17674136,0.56250286,-0.06447337,0.27783215,0.57853556,-0.09386336,0.32031083,0.6322627,-0.08802902,0.31318775,0.6420841,-0.07728306,0
0.354667,0.7804916,-6.1416915e-07,0.4159607,0.6130296,-0.033931386,0.41647908,0.41786748,-0.05102998,0.39780205,0.2746656,-0.06561904,0.3725388,0.1593526,-0.07228482,0.2710154,0.30553326,-0.039381802,0.37486327,0.2362954,-0.09286684,0.41250527,0.36273456,-0.11850448,0.40030527,0.42808616,-0.13195686,0.21721871,0.3636766,-0.043512654,0.35832295,0.33923793,-0.09477791,0.3977192,0.47484648,-0.101748325,0.37623352,0.5194537,-0.100156546,0.19125515,0.45748016,-0.054300103,0.3306646,0.46311098,-0.103545845,0.36477822,0.5675892,-0.09486403,0.339511,0.593503,-0.08197841,0.18082964,0.5663988,-0.068636246,0.29557395,0.5925006,-0.10072529,0.3324748,0.6453871,-0.09833431,0.31773162,0.6525421,-0.09013898,0
0.3564489,0.78150356,-6.1921946e-07,0.40992707,0.6036823,-0.024876447,0.40986836,0.41514364,-0.039661057,0.3955015,0.27116713,-0.05336837,0.37100235,0.15677711,-0.059233468,0.2657296,0.300353,-0.033319138,0.3809702,0.2431766,-0.084495254,0.41542774,0.36589584,-0.10920411,0.3984156,0.42144194,-0.12304691,0.21524185,0.36236465,-0.04159178,0.37189817,0.34520867,-0.09369828,0.40489778,0.47887638,-0.10236318,0.3805199,0.52477294,-0.10279294,0.19217655,0.45874178,-0.05520773,0.34528518,0.46890977,-0.10407065,0.37449127,0.5731701,-0.09693695,0.34810576,0.5997168,-0.085635625,0.1866989,0.57113606,-0.0716399,0.31082886,0.60009164,-0.1030848,0.3435154,0.65197986,-0.10212627,0.32481095,0.6599445,-0.095499635,0
0.34759045,0.792493,-6.7295474e-07,0.4053918,0.601069,-0.020918066,0.41173103,0.40875444,-0.034137353,0.39888027,0.26531792,-0.047370225,0.36988044,0.15629005,-0.053834114,0.26438007,0.29216516,-0.031654425,0.3848755,0.24466127,-0.08073093,0.41962162,0.36014223,-0.10484334,0.4009925,0.41153547,-0.11812894,0.21888642,0.3616231,-0.041230634,0.38721448,0.3558558,-0.08879079,0.41526878,0.4810235,-0.09713532,0.38698798,0.52572644,-0.09887825,0.19857857,0.4601228,-0.055643,0.3622486,0.47611502,-0.10126835,0.3865162,0.57619745,-0.09672966,0.35972786,0.6020554,-0.08837397,0.19486392,0.5739665,-0.072611675,0.32431728,0.5992577,-0.102709554,0.35627046,0.6510642,-0.10315671,0.3424369,0.6598452,-0.0978528,0
0.33713973,0.8081502,-6.755639e-07,0.397726,0.59698987,-0.013803271,0.40267372,0.40174747,-0.023920348,0.39059395,0.2605481,-0.034434915,0.36614272,0.15549308,-0.03772727,0.2640597,0.28366137,-0.030363966,0.3956191,0.24470231,-0.07387804,0.4232955,0.36153102,-0.09217147,0.39837748,0.40633643,-0.10330144,0.22487946,0.35901353,-0.042601638,0.39762843,0.35973635,-0.08757387,0.41895962,0.47950748,-0.09471568,0.38580066,0.5125605,-0.097960174,0.21058133,0.46301526,-0.05804196,0.3793059,0.48103246,-0.10098213,0.3987212,0.5790846,-0.09522948,0.36700678,0.60228544,-0.088348754,0.21305385,0.5777658,-0.07523812,0.3451576,0.60194576,-0.105007716,0.37218028,0.65432507,-0.10609761,0.3514755,0.6617294,-0.10282162,0
0.3317468,0.81439316,-6.47391e-07,0.3917585,0.597239,-0.009025009,0.396455,0.40388864,-0.019868096,0.38762712,0.26550418,-0.032742325,0.37546086,0.14737922,-0.03849065,0.27007446,0.28119975,-0.029244475,0.40830567,0.24908903,-0.072404005,0.4277538,0.3611699,-0.08968344,0.39716566,0.39703834,-0.100752145,0.23279417,0.3607718,-0.045898233,0.41022027,0.36452103,-0.091395795,0.42133093,0.48106265,-0.09882474,0.38344157,0.5031144,-0.10349583,0.2209773,0.46936727,-0.06510325,0.3936212,0.48721552,-0.10669647,0.4026994,0.5833136,-0.09968143,0.36504534,0.59839845,-0.09358308,0.22613704,0.5860841,-0.085844055,0.36046103,0.6035726,-0.11377955,0.37703377,0.6549339,-0.113758706,0.3471956,0.6591726,-0.111343905,0
0.32909366,0.8170526,-6.3582064e-07,0.3919918,0.6040446,-0.0064967265,0.39900407,0.40798494,-0.016290996,0.38994625,0.26644975,-0.028790126,0.3731071,0.14805582,-0.034920253,0.2784717,0.2781092,-0.02729352,0.421899,0.26139045,-0.06962965,0.4337315,0.36586386,-0.08860601,0.3968556,0.39458722,-0.10160977,0.24310167,0.35945633,-0.045332886,0.42317247,0.37731734,-0.08968524,0.42173022,0.48114035,-0.099079415,0.37946615,0.49835756,-0.106477946,0.23264614,0.4711937,-0.065571874,0.40640765,0.49893838,-0.10478552,0.40363795,0.5864488,-0.09942458,0.36324933,0.5952213,-0.09587043,0.2388303,0.591808,-0.087376006,0.37577847,0.6130551,-0.11535562,0.3801015,0.6630846,-0.11792369,0.34353507,0.6650588,-0.1181693,0
0.32715413,0.8154148,-5.9470057e-07,0.38597223,0.60665715,-0.0060584093,0.39444917,0.40953052,-0.016275622,0.39059338,0.26806653,-0.02897454,0.37634185,0.1433127,-0.03486955,0.2831295,0.28192192,-0.029189497,0.43602365,0.26413366,-0.07101258,0.43985134,0.366736,-0.0892782,0.39755806,0.39460003,-0.10191854,0.25092405,0.36339647,-0.046774276,0.4363655,0.37865987,-0.09137343,0.42443973,0.47568655,-0.1004961,0.37983868,0.4924843,-0.10849496,0.24233899,0.47494835,-0.066150576,0.41791406,0.49758115,-0.10322363,0.40748936,0.5797163,-0.09611579,0.36702722,0.5869277,-0.092403926,0.24967599,0.59394157,-0.08720649,0.38636434,0.6133375,-0.11389634,0.3839019,0.6605471,-0.1163681,0.34311563,0.65942776,-0.1172268,0
0.31856948,0.8151441,-5.1517236e-07,0.3767323,0.60464865,-0.007043596,0.39159554,0.40587503,-0.017958082,0.39285707,0.2657584,-0.031069972,0.3865446,0.14049438,-0.037715748,0.28403,0.28502634,-0.0321838,0.44236913,0.26876706,-0.07160147,0.44348356,0.36194685,-0.0879104,0.4009906,0.38732892,-0.099355474,0.25800508,0.3730084,-0.04911344,0.44488472,0.3822425,-0.08937785,0.4285924,0.46936357,-0.0953483,0.38602078,0.4852349,-0.10215146,0.2536075,0.48918182,-0.06789231,0.42948616,0.50488746,-0.102142565,0.41174477,0.57829154,-0.09468349,0.37235007,0.5840446,-0.0912119,0.26411626,0.61054945,-0.08840132,0.40197882,0.6180351,-0.11314788,0.39052835,0.6596743,-0.11559656,0.34809342,0.66144574,-0.11696714,0
0.3129928,0.8092788,-4.7558663e-07,0.37143558,0.604355,-0.010925103,0.39204025,0.39958268,-0.02237132,0.39683807,0.25448734,-0.03504158,0.38383847,0.13118702,-0.041285083,0.28462106,0.28778604,-0.038114298,0.4502852,0.27997398,-0.07957691,0.4457593,0.36652857,-0.09680836,0.39967138,0.3817426,-0.10845883,0.26250193,0.38225257,-0.05357415,0.4529354,0.3962537,-0.09497532,0.4294588,0.4770713,-0.09989325,0.3861074,0.48824075,-0.105963804,0.26092723,0.50344884,-0.071314886,0.4392383,0.51948285,-0.10727589,0.41407555,0.5894932,-0.0989679,0.3744001,0.5920704,-0.09424881,0.27419564,0.6272511,-0.09108674,0.4150416,0.62251496,-0.11715805,0.3975652,0.66214216,-0.11930475,0.3535539,0.66696614,-0.12017504,0
0.31213868,0.79334724,-4.1839272e-07,0.3724783,0.5964626,-0.013051646,0.3946871,0.39678884,-0.026795607,0.40031278,0.24995959,-0.040902037,0.38692707,0.12509784,-0.048402343,0.28767243,0.2780126,-0.047596756,0.4491966,0.27207392,-0.08959459,0.4502783,0.3571604,-0.1039708,0.40780032,0.37502277,-0.11280387,0.26610872,0.3737567,-0.062363178,0.45629242,0.39093965,-0.103474855,0.438345,0.4718133,-0.10539888,0.39663672,0.48340428,-0.109067015,0.26588476,0.49730855,-0.07902477,0.44640693,0.5128843,-0.116597466,0.42394462,0.5845431,-0.10659138,0.38480017,0.5898903,-0.10023896,0.2804753,0.6253741,-0.097480804,0.42303398,0.6220487,-0.12586501,0.40814427,0.6623644,-0.12717777,0.36666346,0.6685982,-0.12681934,0
0.30919906,0.784776,-4.3515746e-07,0.36539978,0.5917009,-0.012794723,0.39121398,0.39385974,-0.027718596,0.40054917,0.24793132,-0.043338317,0.39000115,0.12123662,-0.05269224,0.29175356,0.27742356,-0.051808532,0.4493667,0.26882464,-0.094220884,0.45263547,0.35678917,-0.10794687,0.41586068,0.3803211,-0.116165906,0.2736073,0.3737335,-0.0673812,0.4605585,0.38995147,-0.10762872,0.44196463,0.47241536,-0.10888151,0.40205175,0.48681337,-0.11245113,0.27600673,0.4970494,-0.08475943,0.45436954,0.51393974,-0.12126988,0.4284652,0.58595717,-0.11195272,0.3893272,0.590771,-0.106517375,0.2927699,0.6247265,-0.103842854,0.4335672,0.624516,-0.1295364,0.41511798,0.66251504,-0.13049878,0.37413305,0.6666983,-0.1307484,0
0.3084091,0.7684585,-3.3533072e-07,0.36259928,0.58389556,-0.012925632,0.39066768,0.3923826,-0.029567918,0.40286487,0.2537977,-0.04685105,0.3954658,0.1234037,-0.058407243,0.29808617,0.27219707,-0.056012247,0.44795007,0.25974298,-0.09595545,0.4590077,0.34110892,-0.10717688,0.43036884,0.36878544,-0.11355158,0.28154594,0.3734854,-0.07180065,0.46071672,0.39033675,-0.10800126,0.45269996,0.46486744,-0.10806906,0.41938502,0.47852966,-0.11162788,0.28511637,0.4989307,-0.08883111,0.45929584,0.5156033,-0.12386897,0.43942818,0.583948,-0.114027016,0.40253317,0.59050846,-0.108520724,0.30246693,0.6265017,-0.10721603,0.44362903,0.6273805,-0.13257942,0.42961842,0.6636305,-0.13187385,0.39143363,0.66860974,-0.130885,0
0.30282035,0.7492682,-2.3682442e-07,0.35098425,0.5797457,-0.016068537,0.38359973,0.39398807,-0.038376413,0.40111524,0.25634614,-0.060365394,0.3947689,0.1207242,-0.07679914,0.29935044,0.27940357,-0.07367567,0.4430776,0.25439322,-0.11753438,0.46573904,0.3240919,-0.12826513,0.4478277,0.35624358,-0.13237616,0.2869185,0.38108182,-0.08900772,0.46740657,0.38903698,-0.12601343,0.46214485,0.4615009,-0.12110456,0.43003306,0.4752013,-0.120788485,0.2944376,0.5051064,-0.10535795,0.46899736,0.51366055,-0.14008093,0.4465871,0.5805646,-0.12549041,0.40959653,0.59038246,-0.1169455,0.31497774,0.6306622,-0.12333588,0.45567402,0.62505305,-0.14800778,0.43623105,0.6594655,-0.1441251,0.39614773,0.66854334,-0.14090322,0
0.29603174,0.74159706,1.13947756e-07,0.3435802,0.5810171,-0.01462878,0.37931973,0.40022776,-0.0381899,0.3985992,0.26492888,-0.06087824,0.39495856,0.125409,-0.07952966,0.30304813,0.2850849,-0.077537596,0.43569782,0.25697696,-0.12261206,0.47548273,0.31046534,-0.13816687,0.47931963,0.341724,-0.14642121,0.29259318,0.38248974,-0.09475538,0.46654433,0.37641433,-0.1323771,0.49821517,0.4345088,-0.1315034,0.50471276,0.44457412,-0.13436599,0.30258486,0.50480217,-0.111738175,0.47649983,0.5107229,-0.14456707,0.4603083,0.57586646,-0.127075,0.4272216,0.5892421,-0.11719704,0.32675743,0.62969106,-0.13066556,0.4706981,0.6293857,-0.15451178,0.45374867,0.6627783,-0.14640625,0.41502294,0.6699023,-0.14035484,0
0.29430345,0.73313975,1.237707e-11,0.3289012,0.577311,-0.007966834,0.37243804,0.39688414,-0.03073183,0.39982343,0.26665574,-0.05422979,0.39848712,0.13673112,-0.074587606,0.31068122,0.28700978,-0.077799015,0.45058742,0.25599378,-0.11879983,0.48469397,0.32017988,-0.13141757,0.47940934,0.35038382,-0.13795145,0.30522037,0.3888818,-0.0977602,0.47956505,0.385314,-0.12929715,0.49727303,0.44673446,-0.1256387,0.48669028,0.45810783,-0.12797736,0.3169789,0.5126447,-0.11635056,0.48963863,0.5133621,-0.14310351,0.4731387,0.57485485,-0.12585562,0.43778482,0.5870144,-0.11767895,0.34174922,0.6361645,-0.13592067,0.4872856,0.6265735,-0.15276541,0.47470683,0.6544558,-0.14230643,0.44002688,0.66036683,-0.13619518,0
0.2959821,0.72675216,-2.3767204e-07,0.32863104,0.57207185,-0.010034644,0.37596336,0.3927353,-0.03236042,0.4073315,0.2618909,-0.054761168,0.407958,0.14161232,-0.07299692,0.32515922,0.27597928,-0.07412314,0.47237924,0.26282668,-0.11385777,0.48424882,0.33426082,-0.12508906,0.4579971,0.35672855,-0.13117039,0.32187432,0.38011897,-0.09243773,0.49572942,0.38846508,-0.1224964,0.49099535,0.45997298,-0.117205046,0.46088117,0.46887726,-0.11811484,0.33414152,0.50333977,-0.110006645,0.50585705,0.5072292,-0.1378936,0.481661,0.56926185,-0.122664645,0.44055745,0.5756615,-0.11512581,0.35858917,0.6257141,-0.12813145,0.5005502,0.61983526,-0.14614557,0.47623044,0.6569562,-0.13723466,0.43052828,0.6647365,-0.13185345,0
0.2933148,0.73169047,-3.418669e-07,0.31795377,0.5677806,-0.008584243,0.37032893,0.3797981,-0.028700264,0.40842924,0.24314524,-0.048518155,0.4152396,0.123016834,-0.063587114,0.33819807,0.27758777,-0.068747185,0.49097443,0.28192842,-0.10741596,0.4898049,0.35589403,-0.117485315,0.45659626,0.3664862,-0.12239159,0.34263733,0.379541,-0.08664634,0.5141836,0.39689887,-0.11427221,0.49394825,0.4666539,-0.106421664,0.45494118,0.46980852,-0.104468524,0.35795656,0.50144416,-0.1041689,0.5250003,0.5130896,-0.12873316,0.49424213,0.5714667,-0.11304513,0.45255196,0.5737554,-0.10473993,0.38287503,0.62490857,-0.12201115,0.51606315,0.63197315,-0.13537309,0.48938522,0.662503,-0.1264105,0.44693333,0.6607399,-0.121052794,0
0.29320922,0.73046815,-3.2152943e-07,0.31193528,0.5659007,-0.0063769757,0.36792994,0.3816112,-0.025210282,0.41336405,0.24377649,-0.04340109,0.41875362,0.12515754,-0.056521416,0.35143092,0.28242165,-0.07010393,0.5074058,0.28591102,-0.10854448,0.50324476,0.35980815,-0.11750076,0.46831274,0.37751082,-0.12034655,0.3585552,0.38167632,-0.08770407,0.52869594,0.39902908,-0.111629106,0.51209086,0.47002694,-0.10002649,0.47594512,0.4792792,-0.09547011,0.37402794,0.50272614,-0.1047058,0.53450286,0.5170844,-0.12365639,0.5092187,0.5736557,-0.10392947,0.46925503,0.57759553,-0.09376061,0.3970388,0.62578225,-0.1220448,0.52355695,0.6335061,-0.12983958,0.49652547,0.67047286,-0.11611899,0.45416075,0.67272913,-0.10805665,0
0.29737273,0.73033977,-3.8032087e-07,0.31156045,0.55494714,-0.0036205896,0.3709468,0.37314153,-0.02137093,0.42412955,0.24012329,-0.038526118,0.43634644,0.13702318,-0.05001024,0.36208043,0.28305304,-0.066726394,0.51773393,0.29942507,-0.102563016,0.50608915,0.37872332,-0.10990044,0.46555457,0.39350283,-0.11219488,0.37136018,0.38049304,-0.08488094,0.53628576,0.4024539,-0.10669528,0.5140733,0.4719769,-0.094216116,0.47307667,0.477348,-0.08921349,0.38868275,0.4982987,-0.101953685,0.5420534,0.5202298,-0.11738866,0.5155827,0.57513535,-0.0959024,0.4748214,0.5740682,-0.085411854,0.41242483,0.6189752,-0.11928608,0.53282195,0.6366413,-0.12324697,0.5046343,0.674785,-0.10717229,0.4636248,0.6704948,-0.09815984,0
0.30182683,0.7252587,-4.0055644e-07,0.3165018,0.55083585,-0.0021617534,0.37682787,0.36870664,-0.018269122,0.42999145,0.2343574,-0.034246895,0.44170323,0.12221286,-0.044274677,0.37243786,0.28212935,-0.060438927,0.52395624,0.2961765,-0.09531816,0.511461,0.3748648,-0.10322884,0.47100642,0.3933194,-0.105788,0.38356373,0.37937093,-0.07890419,0.54353994,0.40535602,-0.10044935,0.5197575,0.47479746,-0.08979477,0.4785639,0.4823828,-0.08572183,0.40160063,0.4985715,-0.09634898,0.5514065,0.5239136,-0.111873314,0.52357906,0.57712024,-0.091488466,0.4825486,0.5756844,-0.0815554,0.42490697,0.6219511,-0.113852225,0.54368126,0.64354634,-0.1186444,0.51398546,0.68063194,-0.103008926,0.47206265,0.6754209,-0.09399223,0
0.30736345,0.7261115,-4.2967375e-07,0.31970912,0.5453675,-0.002105004,0.38226902,0.36525324,-0.0177044,0.44065464,0.23460619,-0.032801565,0.45370182,0.12671179,-0.042053044,0.3872901,0.28531075,-0.05866603,0.53532344,0.30721566,-0.09223944,0.5181226,0.383329,-0.099632874,0.47589207,0.39980143,-0.10146014,0.40062562,0.38606903,-0.076076,0.55553013,0.4115076,-0.09605266,0.5286644,0.47639242,-0.08452022,0.48634136,0.48574555,-0.07938393,0.4190029,0.50624055,-0.09238413,0.55991405,0.5304608,-0.10603778,0.53054297,0.5807366,-0.0843844,0.49019313,0.58180314,-0.07323769,0.44104797,0.62992275,-0.10875232,0.5519913,0.6486906,-0.110858224,0.5219393,0.6848762,-0.09313812,0.48233432,0.6812005,-0.0825396,0
0.30892742,0.7205077,-3.6331173e-07,0.32140982,0.5359519,-0.000111178706,0.3844496,0.3620776,-0.01470951,0.44660154,0.23947784,-0.029330999,0.462015,0.1355915,-0.038275633,0.39840764,0.28710485,-0.052964136,0.54296863,0.30462492,-0.08522266,0.52981323,0.37547168,-0.09264479,0.48999828,0.4004168,-0.09384205,0.4170977,0.3941791,-0.070531934,0.5651868,0.40326706,-0.08914214,0.5438067,0.4683519,-0.07787557,0.5041933,0.4876419,-0.07200006,0.438746,0.5166388,-0.08703927,0.5685067,0.52987134,-0.09874589,0.5422131,0.578513,-0.076384984,0.5033197,0.583428,-0.064118415,0.46093115,0.64043343,-0.103504725,0.56105113,0.6516494,-0.10326046,0.53253967,0.68540204,-0.08384957,0.49571013,0.6826525,-0.07174943,0
0.31053343,0.7230164,-3.210079e-07,0.32405442,0.53254,0.003469613,0.38924867,0.36274737,-0.007862054,0.45303705,0.2421628,-0.019468399,0.46851256,0.14002565,-0.025875986,0.4080809,0.2928163,-0.044105615,0.54526633,0.295318,-0.073401496,0.53689754,0.36052495,-0.08105983,0.50069267,0.39135373,-0.08179803,0.43388367,0.40660787,-0.061429597,0.5744345,0.39498627,-0.07655494,0.5565815,0.45621789,-0.06669646,0.5193672,0.4834483,-0.061298817,0.4598596,0.5315438,-0.077347755,0.5768415,0.5330645,-0.08509143,0.54936963,0.57804674,-0.06269127,0.51055443,0.5868517,-0.05049503,0.48174152,0.65462357,-0.093034655,0.5687497,0.65733,-0.08944546,0.5376984,0.6898364,-0.06822943,0.50141925,0.6903975,-0.054890744,0
0.3120084,0.72615176,-3.4091917e-07,0.32471305,0.5306157,0.004890103,0.3896625,0.3633405,-0.0041571576,0.4532132,0.24795344,-0.01302267,0.47251865,0.14200753,-0.0170242,0.42221633,0.2980597,-0.0441757,0.5532401,0.29719958,-0.06841038,0.5437772,0.3611679,-0.07215297,0.5077056,0.39137518,-0.07001184,0.45013112,0.4147667,-0.05932597,0.58211803,0.39458975,-0.06864264,0.56617475,0.451733,-0.05565857,0.5318566,0.48085245,-0.048586372,0.47572163,0.5416236,-0.07235536,0.58246374,0.53766555,-0.07463623,0.554535,0.5768739,-0.049726002,0.5157924,0.58844703,-0.036453135,0.49509987,0.66368127,-0.08494795,0.5742403,0.6536188,-0.07675303,0.5437017,0.6799451,-0.05262317,0.5078908,0.68553865,-0.037354942,0
0.3135708,0.73735076,-4.739138e-07,0.32588965,0.53427875,0.006680319,0.39448908,0.3651858,0.00021205633,0.45962495,0.24445254,-0.005761034,0.4753135,0.13493264,-0.0073930924,0.43370825,0.3007316,-0.038765974,0.5587642,0.29959214,-0.056584563,0.5419135,0.36138588,-0.0569843,0.50115013,0.38701028,-0.053436693,0.46572062,0.41986954,-0.051879723,0.5833787,0.40383002,-0.05305067,0.5614281,0.45497304,-0.038605575,0.5233628,0.47767192,-0.032622755,0.4930651,0.5479703,-0.06246109,0.584872,0.53892577,-0.057769038,0.55665857,0.57566404,-0.03306091,0.5179962,0.5893463,-0.022286361,0.5124693,0.6672461,-0.072407424,0.57776475,0.6474667,-0.060042255,0.54801995,0.6766821,-0.035628617,0.5150078,0.68793887,-0.021248488,0
0.31405488,0.7415607,-4.5237465e-07,0.3270491,0.536026,0.004745305,0.3977229,0.36561024,-0.001441747,0.46268892,0.24382535,-0.0067094443,0.48089892,0.13022625,-0.007864841,0.44199127,0.30492094,-0.038727783,0.5670673,0.2992239,-0.05565776,0.5569326,0.36177593,-0.055874113,0.5192476,0.38856193,-0.05197623,0.47733703,0.4295798,-0.049955394,0.5915971,0.40834045,-0.0496083,0.5749944,0.45949316,-0.03557489,0.538859,0.4830413,-0.030236168,0.506221,0.5613325,-0.058702186,0.5953722,0.54145145,-0.053586148,0.57121867,0.5796803,-0.028906759,0.5338259,0.5971678,-0.018125687,0.5261939,0.6809453,-0.066858046,0.58958673,0.64817905,-0.055210866,0.5619342,0.6772245,-0.03074156,0.52934283,0.691962,-0.015955761,0
0.31875497,0.7485966,-4.8617386e-07,0.3312407,0.5341674,0.0048059635,0.40261668,0.36445484,-0.0004614924,0.46688387,0.2409043,-0.004214045,0.48728752,0.12629041,-0.0039794575,0.45195314,0.3094827,-0.037630524,0.5725131,0.3060913,-0.050468773,0.55813,0.36487132,-0.04850546,0.5188008,0.39045158,-0.04363875,0.4898102,0.43823847,-0.04717144,0.5978152,0.408931,-0.04258995,0.58085376,0.45459077,-0.028064787,0.5446212,0.48083538,-0.023026338,0.51938593,0.5701959,-0.053662196,0.6029637,0.5348742,-0.04450042,0.58057195,0.57057947,-0.020160617,0.5446698,0.5924996,-0.010528829,0.538941,0.68541914,-0.05946178,0.5935789,0.6403417,-0.04541251,0.567301,0.6690562,-0.020997241,0.5379712,0.68963337,-0.0066702575,0
0.3246807,0.74144363,-5.398015e-07,0.3357199,0.52934134,0.0060953232,0.40449056,0.36203003,0.000803458,0.46845093,0.2410559,-0.003214633,0.4909872,0.126917,-0.0035999117,0.45910108,0.31274444,-0.037006937,0.5769073,0.30549824,-0.048229694,0.5594299,0.36402404,-0.04536517,0.5190062,0.3922063,-0.04018619,0.49721518,0.44347224,-0.046879936,0.60117364,0.41248298,-0.04050271,0.58105695,0.4571194,-0.025381021,0.5428774,0.48383033,-0.020848732,0.5260428,0.5758023,-0.053429123,0.6100301,0.53020465,-0.043784946,0.5858213,0.5658104,-0.018209921,0.5484209,0.58989596,-0.008434328,0.54449177,0.68961656,-0.059015345,0.60059917,0.63360655,-0.045919277,0.5738947,0.66365397,-0.020623522,0.54346895,0.6878075,-0.0058974354,0
0.3293509,0.7429366,-6.078538e-07,0.33623463,0.52659905,0.004662363,0.40641785,0.36128372,-0.00050345063,0.47255522,0.23937517,-0.003967741,0.49560976,0.12270403,-0.003619693,0.4664822,0.31380174,-0.03461057,0.5796501,0.3072099,-0.04262573,0.55628616,0.36044246,-0.03799035,0.5132463,0.3867051,-0.03215319,0.5066029,0.44697672,-0.04261181,0.6023128,0.41533828,-0.03217643,0.5777422,0.45635712,-0.015875177,0.53927207,0.4836412,-0.011525496,0.53593594,0.5802524,-0.047500797,0.6119493,0.53144306,-0.035315957,0.5861963,0.563295,-0.010319367,0.54944104,0.5888178,-0.0017863578,0.55435926,0.69337744,-0.051459964,0.60584694,0.6300044,-0.037002925,0.5786785,0.65748465,-0.012028382,0.5491034,0.6826117,0.0020150542,0
0.33355594,0.7359023,-5.893361e-07,0.3398962,0.51973164,0.0049666604,0.4084946,0.35563248,0.001084567,0.4759379,0.2357248,-0.0010928025,0.50042987,0.122664005,0.0006056639,0.47410595,0.3147483,-0.032114863,0.5838127,0.31312615,-0.037122797,0.5622829,0.36448732,-0.030003717,0.5227869,0.392328,-0.022919338,0.51503336,0.44862399,-0.039364304,0.60650814,0.41751903,-0.027018549,0.5822719,0.45437467,-0.009724862,0.54507756,0.48261595,-0.004504779,0.54375327,0.58061236,-0.043403707,0.6143596,0.5305992,-0.030185062,0.5898168,0.55884314,-0.0063241813,0.554793,0.58541614,0.0017427886,0.56155396,0.6913613,-0.04645775,0.60561526,0.62669,-0.03198707,0.58053946,0.65080243,-0.008475663,0.55369467,0.6768484,0.004916966,0
0.33810353,0.73249686,-6.079958e-07,0.34495857,0.5114705,0.0058441334,0.41410744,0.34957546,0.002637839,0.48147106,0.23084342,0.0009567495,0.50419676,0.11814314,0.0026507236,0.4855356,0.310964,-0.030294709,0.58795196,0.31642205,-0.033179402,0.56389296,0.36465004,-0.025549129,0.5247522,0.3891096,-0.018999087,0.5251474,0.44911787,-0.037716314,0.6086303,0.42257455,-0.023840712,0.5807722,0.4561808,-0.0066495594,0.54304534,0.48362803,-0.0018389032,0.5508218,0.5855714,-0.041698888,0.6158297,0.5413771,-0.027700907,0.58842635,0.56579816,-0.0046765935,0.55196136,0.5916044,0.0024979718,0.5647161,0.70153755,-0.044550326,0.6008923,0.6475347,-0.030013874,0.5732548,0.66735184,-0.0075219204,0.54527897,0.69081,0.005019833,0
0.34115854,0.73029196,-6.387675e-07,0.34755567,0.50598764,0.00937962,0.41628435,0.3484522,0.0076949024,0.48640034,0.22878146,0.0071098623,0.51402026,0.116078734,0.00967281,0.4974002,0.30821183,-0.026913848,0.59190077,0.3186499,-0.02353508,0.56584203,0.36596328,-0.011240893,0.5270655,0.3897589,-0.0027089198,0.53763944,0.4485277,-0.034775306,0.61233246,0.42731783,-0.015528728,0.58179,0.46031052,0.0040401956,0.5432714,0.48806614,0.009489943,0.5613231,0.587583,-0.03838013,0.618277,0.54945064,-0.019007485,0.5882307,0.5723113,0.0045989864,0.5497692,0.5964985,0.01043059,0.57198536,0.7065457,-0.04070801,0.5979295,0.6678537,-0.022958787,0.56845266,0.68540883,-0.0013707416,0.54006517,0.7042934,0.009697059,0
0.3439062,0.72982657,-6.5397893e-07,0.35008106,0.50320524,0.0114515815,0.41959387,0.34687158,0.010229994,0.48983032,0.22389588,0.009317478,0.5169098,0.10868707,0.011272618,0.5072248,0.30729574,-0.020655287,0.59414023,0.315845,-0.016016454,0.56512797,0.362129,-0.0049564694,0.52707595,0.38733572,0.0024046984,0.5476336,0.44628713,-0.029019423,0.61484665,0.42637184,-0.0071053733,0.5820804,0.45672032,0.012419557,0.54447407,0.48486334,0.01737449,0.56931746,0.58481026,-0.033268098,0.61996025,0.5500578,-0.010755433,0.5881587,0.5693786,0.012767654,0.54992574,0.5920162,0.017731106,0.57760376,0.7035342,-0.03637929,0.5990241,0.67127407,-0.014606672,0.5677797,0.6853488,0.0078776805,0.538983,0.70121825,0.018848794,0
0.34816587,0.7238915,-6.4654546e-07,0.3550331,0.49415782,0.012898543,0.4242549,0.3437211,0.011708326,0.49560887,0.22607812,0.010601452,0.5238588,0.11305216,0.012174798,0.51829267,0.30771184,-0.01850783,0.5986863,0.31804866,-0.010727348,0.5712914,0.36236823,0.0017379546,0.5363359,0.38807034,0.009552304,0.55716956,0.44514588,-0.02656058,0.6180751,0.427267,-0.001271406,0.58549625,0.454925,0.018812275,0.54869866,0.4820212,0.02351588,0.57574713,0.58254486,-0.029968701,0.6195031,0.5477945,-0.0039205356,0.5882595,0.5650225,0.019349534,0.55117327,0.5871765,0.023354467,0.5811475,0.700312,-0.032170217,0.5995526,0.6673939,-0.0073667346,0.56908804,0.67812246,0.015767368,0.540275,0.69208276,0.026835017,0
0.3541488,0.72504616,-6.583731e-07,0.3597298,0.49489588,0.012754876,0.42819026,0.34402752,0.012278413,0.49871975,0.2237308,0.011821205,0.5284014,0.11133376,0.014054902,0.5280105,0.3170643,-0.014580529,0.6001447,0.3158282,-0.0037846556,0.57006955,0.35781676,0.009910898,0.5348018,0.38724256,0.018424354,0.56685376,0.45173156,-0.020803211,0.6191186,0.42088968,0.0070048594,0.58584213,0.44431156,0.026587302,0.5497065,0.47412252,0.030838162,0.5835528,0.58531874,-0.022289535,0.6200084,0.53588605,0.005277565,0.58845764,0.55049896,0.026576905,0.5519991,0.57658273,0.029319752,0.58753556,0.69836456,-0.022418398,0.6015024,0.65465844,0.0028664677,0.5710745,0.6634405,0.024604974,0.5423304,0.68105483,0.034814093,0
0.35819107,0.7242833,-6.5518606e-07,0.36311927,0.49601352,0.016379407,0.43113443,0.34726468,0.018467609,0.5022145,0.22725019,0.019560345,0.5332457,0.11819258,0.023240317,0.538177,0.3170758,-0.004337792,0.6038538,0.31511438,0.010699992,0.5743109,0.357194,0.025569119,0.5406529,0.3872369,0.034352988,0.5757271,0.4472843,-0.010800592,0.6203577,0.4201138,0.022099115,0.5874964,0.44374263,0.041958664,0.55250084,0.47297007,0.04580121,0.5893185,0.5791023,-0.012523959,0.61913145,0.5355968,0.019965803,0.5879387,0.55067456,0.039479516,0.552405,0.57571393,0.039904702,0.59059083,0.69233435,-0.01285966,0.59960765,0.6594967,0.016240861,0.56947297,0.6676903,0.03653522,0.5415682,0.6830282,0.044978827,0
0.35985819,0.7198106,-6.847331e-07,0.36580086,0.49196398,0.013904972,0.4344898,0.34391433,0.014884154,0.50619507,0.22971329,0.01530097,0.53711236,0.123220414,0.01821581,0.5475084,0.30745822,-0.00801189,0.6099529,0.32623196,0.0045779846,0.5796763,0.37381363,0.017193813,0.54462826,0.39990753,0.024329787,0.5843169,0.43929464,-0.014404704,0.6230495,0.43328294,0.01656057,0.58829415,0.46297967,0.03445804,0.5514409,0.4895347,0.03701906,0.5964813,0.5742954,-0.01619458,0.6174221,0.55349535,0.014390432,0.58486855,0.57107407,0.032300074,0.5481076,0.5907721,0.031831875,0.59544826,0.6900113,-0.016959824,0.59641975,0.67964846,0.010008546,0.5649838,0.689764,0.028581958,0.5368091,0.6988562,0.03615021,0
0.36672714,0.71666163,-6.948283e-07,0.37082613,0.48637813,0.012508194,0.44132656,0.34120566,0.013566961,0.5131438,0.22612539,0.014232888,0.5394545,0.11368883,0.017048206,0.5567676,0.30897316,-0.0032246655,0.6105336,0.32323202,0.011825232,0.57758373,0.36662948,0.023752578,0.5441328,0.39372122,0.029843243,0.5928491,0.44129828,-0.0077064787,0.62096334,0.43086636,0.025117777,0.5842696,0.45561928,0.041269347,0.54955816,0.4831429,0.042266183,0.60209584,0.5755049,-0.007607912,0.615811,0.54800683,0.023488665,0.5823861,0.562184,0.039432224,0.5478983,0.5848287,0.037814636,0.599356,0.6883311,-0.006336013,0.5977877,0.66875845,0.021600991,0.56552625,0.67631567,0.040420983,0.5391115,0.688673,0.0481402,0
0.37408906,0.7082521,-7.046274e-07,0.37619323,0.48054478,0.010391871,0.4453818,0.33502525,0.011214447,0.5167505,0.2217606,0.01176069,0.5449995,0.11256406,0.014308534,0.56472,0.30735904,-0.001530173,0.6073921,0.31573057,0.012848503,0.5736357,0.35904038,0.023221651,0.5406228,0.390241,0.028182322,0.60061884,0.43893808,-0.0053192633,0.6190617,0.42836577,0.026080264,0.580929,0.45477828,0.040070355,0.5460167,0.48497576,0.040145673,0.6087564,0.5719121,-0.0049936683,0.6125262,0.55054134,0.024700936,0.57785034,0.5662937,0.038494196,0.5444437,0.5897197,0.035906322,0.6042663,0.6847248,-0.0037546484,0.5954891,0.6722349,0.02278048,0.56320035,0.6813695,0.03981056,0.5386269,0.69323945,0.046547756,0
0.3801381,0.6994889,-7.0112117e-07,0.38070136,0.47550195,0.011227363,0.45031714,0.3287372,0.013126756,0.52062136,0.21598244,0.014426717,0.54737854,0.10772717,0.017748058,0.56538635,0.3021785,8.3720355e-05,0.6114177,0.3248835,0.013562805,0.5802093,0.3706416,0.023629127,0.5465447,0.39803332,0.02860375,0.6023243,0.4310403,-0.004512801,0.62095386,0.43682915,0.026113681,0.5840213,0.46706253,0.039527096,0.5485523,0.49516627,0.039728783,0.6124176,0.5634486,-0.0052779117,0.6143876,0.5572438,0.023696993,0.58062536,0.5759807,0.036393818,0.5463789,0.5966582,0.03356564,0.60945237,0.67766804,-0.005194518,0.5972213,0.67933196,0.020426873,0.56530714,0.69060946,0.035979163,0.53987795,0.6993146,0.042054243,0
0.38819408,0.689679,-6.955216e-07,0.38577765,0.4654919,0.004549105,0.45435774,0.32051495,0.004656281,0.52449495,0.21076274,0.005155605,0.55104065,0.102389336,0.007618769,0.57463455,0.30044478,-0.0010217433,0.60849816,0.31944585,0.008675431,0.57677007,0.36429545,0.013826022,0.54439837,0.39469716,0.015481392,0.61056346,0.4316427,-0.003561694,0.61587244,0.43655455,0.022760658,0.5799141,0.46827647,0.03130413,0.5481275,0.49990052,0.028612506,0.618845,0.564126,-0.0031585363,0.6109388,0.56011045,0.020436531,0.5771691,0.57751286,0.029683579,0.5456108,0.5982988,0.025787199,0.61336124,0.6783927,-0.0024584772,0.5938898,0.6863943,0.01747805,0.5622994,0.69719696,0.030007819,0.53978264,0.70525104,0.03506847,0
0.39405495,0.6903949,-6.808592e-07,0.38568217,0.4712876,0.0077817445,0.45364374,0.32659277,0.010342121,0.5255277,0.21989,0.013071207,0.5528339,0.116324455,0.01762487,0.57061404,0.29707062,0.00443044,0.6116418,0.31868804,0.017373882,0.58029103,0.36506855,0.02367652,0.5493074,0.39290905,0.025871314,0.6092446,0.4241925,0.002080824,0.6199957,0.43035492,0.03248065,0.5832378,0.4623592,0.04259352,0.55122143,0.49108663,0.04091333,0.6203144,0.55442625,0.002837485,0.6130091,0.5492103,0.0302805,0.5798441,0.56724644,0.03970051,0.5488318,0.58909714,0.035644967,0.6191302,0.66756815,0.0042037205,0.5998515,0.6674765,0.02810015,0.5690964,0.68074685,0.04195002,0.5469038,0.6933901,0.047570877,0
0.39422727,0.6858157,-7.63565e-07,0.38626432,0.46742615,0.009956669,0.4572134,0.32398373,0.0144505575,0.5304713,0.21856502,0.019160727,0.555004,0.113698184,0.025444688,0.5764856,0.29600358,0.006203488,0.6099116,0.32414317,0.023116164,0.5772278,0.3736064,0.03192661,0.5465619,0.4007734,0.03470194,0.6155527,0.42323044,0.002709491,0.6188036,0.43827978,0.03696764,0.58169866,0.4738848,0.047798272,0.5505194,0.5024988,0.045135435,0.62582517,0.5530258,0.0029022475,0.61322093,0.55773824,0.0328759,0.57953715,0.57630277,0.042812016,0.54833543,0.5959517,0.037726343,0.6230222,0.66742647,0.0037842076,0.6015826,0.67730844,0.028658865,0.5692885,0.6912384,0.042943,0.54553914,0.6998028,0.04815192,0
0.40074426,0.6861328,-7.142828e-07,0.38976124,0.4618215,0.00931812,0.4608448,0.3173873,0.015493846,0.535878,0.21343273,0.022376733,0.5601504,0.11236352,0.031023791,0.5790365,0.29791957,0.009009386,0.6170633,0.30674034,0.030024838,0.58242667,0.35107976,0.041386887,0.5521421,0.3788462,0.045766562,0.6184801,0.42685536,0.008134438,0.6230942,0.41775402,0.044761226,0.5845429,0.44825324,0.0567371,0.5542091,0.47845113,0.0552833,0.6276973,0.55621696,0.011066755,0.61634535,0.5355202,0.042930525,0.5821255,0.5512428,0.0528144,0.5523121,0.57696164,0.047999136,0.6254456,0.6682278,0.014973085,0.60522443,0.6529919,0.042346995,0.5731287,0.6640021,0.057580944,0.551184,0.68122065,0.06331193,0
0.39643532,0.6810018,-7.2568054e-07,0.39061075,0.46015817,0.0067556547,0.46286163,0.3190025,0.00979602,0.5363879,0.21346974,0.013410624,0.56071,0.10669765,0.018839074,0.57912534,0.29745713,0.004472398,0.6155665,0.31012917,0.01919428,0.5827485,0.35641092,0.026903577,0.5520469,0.38769737,0.02983414,0.61691904,0.42298436,0.0031705038,0.6213006,0.4272186,0.03566701,0.58288765,0.4607762,0.04631695,0.5517718,0.49046427,0.044424217,0.6259789,0.5521019,0.0050849877,0.6148068,0.54909617,0.03307558,0.57924086,0.5666785,0.04234675,0.5472387,0.5879271,0.037965853,0.623087,0.66501,0.0075627067,0.6034722,0.66966784,0.03187544,0.56980616,0.6817843,0.045917355,0.545835,0.69251746,0.05151845,0
0.39611933,0.680363,-7.25315e-07,0.3891839,0.46072534,0.006477444,0.46264714,0.32024297,0.0094090495,0.53666717,0.2158916,0.0132048335,0.5610784,0.10945213,0.018892728,0.5791397,0.29361677,0.0018477669,0.6186446,0.30912527,0.015469434,0.58712804,0.35383576,0.023411661,0.5562467,0.38242078,0.026476523,0.6177247,0.42189613,-0.0004302712,0.62327003,0.42716515,0.030365271,0.58491313,0.4612535,0.041274372,0.55361027,0.49108216,0.039968614,0.62737477,0.55330205,0.0004501667,0.6174773,0.5481509,0.026312998,0.58178085,0.5661837,0.035818864,0.55003023,0.5880765,0.03196083,0.62404543,0.66869646,0.0019442635,0.6031598,0.6728318,0.023691582,0.569372,0.68634266,0.037109837,0.5455104,0.69805443,0.042731676,0
0.39638686,0.68286324,-7.1035174e-07,0.38947982,0.46103886,0.008234654,0.4620306,0.32124698,0.012129846,0.53637713,0.217653,0.016187254,0.56312585,0.1120635,0.022121273,0.5798065,0.29612124,0.0077291364,0.6185031,0.30823663,0.023314396,0.58623505,0.3535389,0.031476796,0.5552464,0.38402194,0.034598194,0.6181505,0.4237202,0.005505413,0.6246162,0.42587107,0.03815283,0.58640313,0.45897207,0.048658665,0.5544455,0.4886532,0.046961725,0.6265426,0.55427265,0.0064487946,0.61704963,0.5482021,0.034177933,0.58102655,0.5658123,0.042841326,0.5486743,0.58749783,0.03821772,0.62278515,0.66893893,0.0081213135,0.6024165,0.67245674,0.03196906,0.5680521,0.6841504,0.045314897,0.5436311,0.6953589,0.05049909,0
0.3955233,0.6830779,-7.086988e-07,0.39038563,0.4625386,0.008607907,0.46383074,0.3216042,0.012642913,0.5376029,0.21620342,0.016980043,0.56305456,0.10891348,0.023161331,0.5791028,0.29429206,0.007618915,0.6183079,0.30956063,0.024208998,0.5856542,0.35612327,0.032990616,0.5547932,0.38674986,0.036412355,0.6176962,0.4202074,0.005724256,0.6250088,0.42442393,0.039581776,0.5869651,0.45790583,0.050696045,0.5551101,0.48829392,0.049257524,0.626815,0.54977965,0.0071625984,0.61795175,0.5445064,0.036463566,0.5826105,0.5628608,0.0454706,0.5504275,0.58506167,0.040773097,0.62423766,0.6629524,0.009346516,0.604644,0.66662323,0.034635216,0.5707036,0.6795792,0.048520662,0.54646236,0.6918864,0.053895395,0
0.39530176,0.6768577,-7.199667e-07,0.3917339,0.45909253,0.0055582826,0.4656612,0.31862852,0.007195483,0.53848875,0.21235535,0.009232884,0.5624753,0.103162855,0.013230888,0.57983726,0.2903524,0.0020602131,0.61968654,0.31322795,0.011957603,0.5883557,0.35996717,0.016713321,0.55742383,0.3884633,0.018030187,0.61742514,0.41647,-0.0009240868,0.62463236,0.43214303,0.027349629,0.58709306,0.46728224,0.037073307,0.555085,0.49545416,0.03540434,0.62702674,0.54703236,-0.0013453905,0.61766684,0.55273855,0.022524085,0.5818191,0.57227135,0.031538457,0.5492961,0.5907719,0.027923552,0.6239266,0.66148007,-0.0014400001,0.6027609,0.67494345,0.01915103,0.5689596,0.6890732,0.03199611,0.54470557,0.69752157,0.03753162,0
0.39657772,0.6746735,-7.0358266e-07,0.39209858,0.4562318,0.0054497914,0.46591243,0.31721994,0.0071867397,0.53896093,0.21233699,0.009692665,0.56233764,0.10430586,0.014113116,0.5790135,0.2913577,0.00043523218,0.61858624,0.30963415,0.012634673,0.58799684,0.35463583,0.019744264,0.557145,0.38428074,0.022547903,0.6168839,0.41902402,-0.0018151655,0.6243429,0.42700163,0.027745461,0.5871941,0.46002197,0.038163908,0.5552832,0.48989344,0.03684712,0.6264582,0.5502115,-0.0009986338,0.6179427,0.5473517,0.024008028,0.58233845,0.5658795,0.033219118,0.54999727,0.5876146,0.02952633,0.62320095,0.66487783,0.00034585095,0.60323644,0.6711636,0.021458957,0.5694231,0.68429524,0.034673136,0.5451594,0.6961329,0.040396754,0
0.39729053,0.67101794,-7.126514e-07,0.39261764,0.457769,0.0054493393,0.46398526,0.31935012,0.0066372645,0.537357,0.21603388,0.008713171,0.56366795,0.111017466,0.012897964,0.5777086,0.29124206,-0.0024589961,0.6211047,0.3106923,0.008455003,0.5901558,0.35714537,0.015371247,0.55839187,0.38517055,0.018264826,0.6155867,0.417378,-0.0049416837,0.6269326,0.42632967,0.023605337,0.58940727,0.4596394,0.03459854,0.556136,0.4869115,0.03382582,0.6257531,0.5470784,-0.0043515987,0.619407,0.54557353,0.020174388,0.5840258,0.5642056,0.030152937,0.5511639,0.5837724,0.027002113,0.62347966,0.66072273,-0.0032610653,0.60472643,0.6663451,0.01739695,0.5705163,0.6794103,0.030864308,0.54551697,0.6900915,0.036810357,0
0.39751762,0.67737067,-7.1496123e-07,0.39215708,0.4603764,0.008328063,0.46418402,0.31881505,0.010754268,0.53750753,0.21424195,0.013498918,0.563299,0.10918957,0.018163156,0.5778742,0.29179347,0.0015177615,0.6202734,0.3083198,0.014759446,0.58915883,0.35488528,0.022732984,0.55809385,0.38327378,0.02612288,0.6161665,0.4165668,-0.0017405705,0.6266576,0.42216522,0.028784502,0.58956575,0.45562553,0.04025782,0.55678654,0.48411816,0.039710037,0.62674665,0.5446233,-0.0016070383,0.61832726,0.53913677,0.025645845,0.5836854,0.5586091,0.035976883,0.5514814,0.57996804,0.032628275,0.625335,0.6560709,-0.0008460543,0.60631835,0.65522337,0.022668682,0.57298225,0.668831,0.037185542,0.5482554,0.681248,0.043493945,0
0.39565748,0.67719215,-7.126958e-07,0.39351165,0.46204072,0.004991229,0.4670567,0.3189875,0.0049305744,0.5391648,0.21112588,0.0054934355,0.562965,0.10102886,0.007831716,0.5785895,0.29254243,-0.0030227469,0.6186583,0.307431,0.0054100105,0.5880898,0.35336477,0.0098788645,0.55756253,0.38225895,0.011175529,0.61603975,0.41491455,-0.0062669306,0.6250464,0.42373595,0.019827245,0.5889888,0.4569295,0.029132541,0.5570668,0.48599863,0.027508967,0.62732905,0.54150623,-0.006611624,0.6187313,0.5407628,0.01641222,0.58512896,0.56005245,0.025894567,0.55306005,0.5805203,0.022867765,0.62633914,0.65152204,-0.006636897,0.6073753,0.65558106,0.013540344,0.5748498,0.67052937,0.027346672,0.54999053,0.6823492,0.033880625,0
0.3950791,0.67508227,-7.1516007e-07,0.3929765,0.4591923,0.006587082,0.46690446,0.3176733,0.0073259356,0.5394883,0.21101868,0.0087103965,0.56354237,0.10352185,0.011997208,0.5768113,0.2914346,-0.0049152416,0.62000805,0.30809522,0.004859929,0.58985114,0.3559608,0.011591534,0.5589313,0.38562492,0.014387403,0.6142134,0.41472608,-0.008525618,0.6254361,0.4259467,0.01890701,0.5887959,0.46071792,0.030337874,0.5564843,0.48940146,0.029925147,0.62544537,0.54241794,-0.008877211,0.6179242,0.5444908,0.0155416075,0.58376426,0.5646762,0.026193848,0.5515105,0.58458245,0.023457374,0.6242783,0.6537107,-0.008742265,0.6052444,0.66175365,0.012554474,0.5721011,0.67637664,0.0266088,0.54723436,0.68680555,0.03292956,0
0.3947445,0.6729494,-7.187692e-07,0.39337558,0.45894513,0.0066675786,0.46584877,0.31835115,0.0075888624,0.53790563,0.21238664,0.0089516835,0.56282073,0.10604194,0.012316736,0.5770567,0.29156566,-0.0034627279,0.61966455,0.31164566,0.0065842182,0.589584,0.36040577,0.013627225,0.55846393,0.3884998,0.016559228,0.61450946,0.41483158,-0.0073045925,0.6261016,0.4299923,0.019889824,0.58953375,0.46516576,0.030918587,0.55626935,0.49170902,0.0303555,0.6256081,0.5428692,-0.007976334,0.6182835,0.5505122,0.016089667,0.58353615,0.5706925,0.026191307,0.5507408,0.5877952,0.023136206,0.6239493,0.65547836,-0.00817424,0.60445744,0.66889036,0.012287606,0.57049924,0.68252724,0.025545923,0.5450312,0.69004977,0.031375807,0
0.39707124,0.674448,-6.8489624e-07,0.39515048,0.45733666,0.0071179825,0.46787125,0.31611982,0.0086819595,0.53949046,0.2099216,0.010874213,0.5629558,0.10316384,0.014874622,0.5761187,0.2922468,-0.0015221048,0.6187298,0.30533004,0.011076739,0.5886845,0.34945488,0.019201074,0.55807525,0.3779775,0.022899961,0.61366737,0.4157266,-0.0040706834,0.6259868,0.4201255,0.026155366,0.59028167,0.45089507,0.03810354,0.5577474,0.4794715,0.037828322,0.62504685,0.54237205,-0.003228948,0.6194094,0.53594893,0.02404919,0.586569,0.5546707,0.03465655,0.5545155,0.5765735,0.031508353,0.62465096,0.65118825,-0.0017923375,0.60795146,0.64892566,0.022034595,0.576301,0.66252816,0.03694205,0.55172527,0.6755029,0.043520667,0
0.39730483,0.67269677,-7.116076e-07,0.3961903,0.45708743,0.0068626287,0.46771255,0.31453562,0.008127292,0.5388117,0.20911604,0.00985864,0.5630645,0.103452355,0.013349844,0.5780063,0.293998,-0.0025725318,0.61919457,0.30929518,0.008245819,0.58907324,0.35430485,0.01502892,0.5581102,0.38252002,0.01792598,0.6149024,0.41677335,-0.005789058,0.6251005,0.423847,0.022667877,0.58959574,0.45508242,0.03342843,0.5572386,0.482522,0.03245959,0.62584585,0.5431235,-0.0056983274,0.6171918,0.5391503,0.020163506,0.5845145,0.5576133,0.030227931,0.55282146,0.57745016,0.02695146,0.62466264,0.65205604,-0.005100117,0.6060207,0.65140915,0.017461846,0.57465017,0.66401786,0.031900145,0.5500687,0.67499894,0.038391184,0
0.39760953,0.6744405,-7.0969503e-07,0.39415225,0.45976412,0.0072043827,0.46617386,0.3169458,0.008704291,0.5386637,0.21030909,0.0106258355,0.5623208,0.103399426,0.014454714,0.5760156,0.29210597,-0.0008374446,0.619513,0.31124628,0.010582287,0.5886914,0.35738176,0.017633738,0.5575467,0.38391855,0.020560823,0.61399513,0.413874,-0.0041505606,0.6266043,0.4244069,0.025130952,0.5904272,0.45618072,0.036544234,0.55742747,0.4831221,0.035953224,0.6257619,0.53968346,-0.0042798673,0.6197789,0.53830713,0.022168426,0.58674073,0.5571255,0.032891776,0.55446154,0.5774075,0.029950116,0.6255636,0.6493373,-0.0039310693,0.60814834,0.6503434,0.019078081,0.5765082,0.6637036,0.0338356,0.5517825,0.6751375,0.04044746,0
0.39553052,0.6742709,-7.067866e-07,0.39395547,0.4597784,0.008558759,0.4669776,0.3166338,0.010076337,0.53883654,0.20851722,0.011737383,0.5606802,0.100310594,0.0149634695,0.5733934,0.28776205,-0.0011689543,0.6187414,0.31170338,0.009232102,0.58892983,0.36019063,0.015361286,0.5583805,0.3859027,0.017726826,0.61157537,0.40976235,-0.0053699543,0.62646294,0.4230665,0.023179306,0.5911006,0.4564596,0.034226608,0.55806226,0.4835544,0.03347461,0.6246234,0.53651935,-0.0062019294,0.6195274,0.53720534,0.020219998,0.5868676,0.5571677,0.031051682,0.5544537,0.57696587,0.028170452,0.6256545,0.6466706,-0.00646216,0.6085734,0.6494702,0.016960332,0.5767045,0.66404414,0.032092817,0.55161345,0.6753636,0.03892425,0
0.3940067,0.67359054,-7.0672365e-07,0.39351803,0.46048963,0.007951698,0.4656321,0.3178397,0.007964895,0.53763026,0.21118057,0.008508375,0.5610932,0.10373041,0.0107756695,0.572061,0.28878063,-0.008755734,0.6214496,0.31237072,0.00035886053,0.5917851,0.3619871,0.0075147045,0.5598812,0.3865073,0.010756693,0.61008984,0.41076985,-0.013392468,0.62926257,0.42367625,0.013822999,0.5937142,0.45773768,0.02621274,0.5593569,0.4840079,0.026293399,0.6232539,0.53810453,-0.014346464,0.6214226,0.53856397,0.011421039,0.5889408,0.5589393,0.02361523,0.5558787,0.57803786,0.021352349,0.62378484,0.64929736,-0.014727281,0.60870653,0.6524272,0.007973001,0.5771276,0.66654164,0.023388147,0.55143994,0.67704576,0.030267395,0
0.392897,0.6763817,-7.0836813e-07,0.39276594,0.46205467,0.009072077,0.46624923,0.31753373,0.010314952,0.53854513,0.2093189,0.011665511,0.56170094,0.101842165,0.014648317,0.5727894,0.28961033,-0.0049842424,0.62195057,0.30916846,0.0049323738,0.5918206,0.35642192,0.012256645,0.56033516,0.38172632,0.015508726,0.6100279,0.412782,-0.0099856425,0.62857354,0.4222531,0.017921578,0.5927733,0.45462537,0.030341074,0.55894464,0.48146784,0.030511707,0.62242323,0.540331,-0.011456397,0.62003815,0.53909683,0.014363949,0.5867859,0.55901694,0.025886646,0.5539849,0.57862717,0.023311606,0.6224736,0.6511642,-0.012275309,0.6070539,0.65612644,0.010310995,0.574809,0.67115283,0.025084777,0.5494217,0.6828496,0.031564426,0
0.3920852,0.67502105,-6.8803575e-07,0.394405,0.45809254,0.011646855,0.46895996,0.31542003,0.013109168,0.54044694,0.20523676,0.01454283,0.5605826,0.09527689,0.017441638,0.57204676,0.29067764,-0.0047592376,0.6230948,0.30278206,0.009361514,0.5925504,0.34654883,0.020280657,0.562182,0.37178463,0.025492502,0.6095545,0.4163505,-0.009519384,0.6327962,0.4125105,0.022197062,0.5973798,0.44047973,0.037482925,0.5636185,0.46818957,0.038753845,0.6217581,0.54430777,-0.009934929,0.6246046,0.5267149,0.020338235,0.5926835,0.54404974,0.03406649,0.5601357,0.56712896,0.031716313,0.6224153,0.65321755,-0.009298628,0.6119894,0.6400138,0.01737415,0.58040595,0.6520306,0.0346229,0.5545487,0.66691697,0.041857567,0
0.38844907,0.67659074,-6.9060286e-07,0.39278734,0.4615492,0.011469403,0.4662497,0.3188377,0.011218842,0.5385611,0.20807919,0.010613067,0.5603265,0.096866876,0.011673472,0.56761754,0.28591734,-0.0076364162,0.6261136,0.3076915,0.0017009603,0.5954997,0.353232,0.009756606,0.56366456,0.37391365,0.013549532,0.6045387,0.41149166,-0.0140527515,0.6355051,0.41921002,0.014327889,0.59968,0.45030606,0.029371107,0.56452954,0.47479305,0.030881548,0.61763304,0.5406803,-0.016562192,0.6270274,0.53528017,0.011371061,0.5947036,0.5548206,0.026080215,0.56058943,0.5731844,0.024673615,0.6191211,0.6523701,-0.018264962,0.6122502,0.6505736,0.0071280254,0.58067214,0.66392636,0.024359187,0.554385,0.6736995,0.031661436,0
0.3861316,0.68035555,-7.121034e-07,0.3909359,0.4635488,0.013583935,0.46244493,0.32024184,0.014253914,0.53399014,0.20863852,0.014262417,0.5573669,0.1000537,0.01620859,0.5630541,0.28433475,-0.0064296545,0.6246152,0.30577546,0.0039139455,0.59290224,0.35207045,0.013187016,0.55963,0.37308383,0.01801415,0.600549,0.409391,-0.013632895,0.63476187,0.4192413,0.01606089,0.5988054,0.45089075,0.032182716,0.56300807,0.47428095,0.03411897,0.61473113,0.5388411,-0.016723728,0.62726784,0.5339635,0.012733922,0.5950204,0.5537151,0.028462375,0.5603251,0.57127476,0.027328387,0.6174883,0.65101296,-0.018843276,0.6133625,0.6449107,0.008216466,0.58203334,0.6574235,0.026637524,0.555111,0.66614115,0.03444085,0
0.38431105,0.6817144,-7.208496e-07,0.38841587,0.46325126,0.0142994225,0.4606342,0.32129228,0.015610238,0.5325154,0.20842615,0.016378362,0.55617857,0.09894821,0.019036345,0.5606699,0.2816151,-0.008407882,0.6231819,0.3047629,0.0029695637,0.5920574,0.35335934,0.01433585,0.5581173,0.37486354,0.02056343,0.59866595,0.40748602,-0.015714778,0.63539135,0.41757354,0.014819515,0.5995536,0.45005393,0.03252461,0.5632663,0.47343582,0.035308108,0.61277825,0.5386043,-0.01860346,0.62802064,0.5347574,0.011565742,0.5956383,0.55477446,0.028127488,0.5605239,0.5716969,0.027074438,0.6149045,0.6524137,-0.020411134,0.6111549,0.6509652,0.0068940083,0.5798403,0.6647922,0.02511587,0.55303055,0.67253137,0.03244477,0
0.38286465,0.68317056,-6.9947396e-07,0.3885944,0.4638265,0.014327614,0.46172386,0.32092828,0.015413035,0.53340137,0.20730793,0.016224416,0.5569994,0.097542584,0.019103706,0.5600515,0.2848379,-0.010617603,0.625048,0.3048886,0.0016807743,0.5945266,0.35146874,0.01491034,0.55988455,0.37208214,0.02264163,0.59672403,0.4113134,-0.017467337,0.6362695,0.41733265,0.013963,0.60113174,0.44799668,0.03315201,0.5649105,0.47123015,0.03670474,0.6100471,0.5424868,-0.019645873,0.6296779,0.5343675,0.011847991,0.59792566,0.55298,0.02974515,0.5627382,0.5705176,0.029181393,0.6116169,0.6553069,-0.02066492,0.61177564,0.6491347,0.008321447,0.5809565,0.66123116,0.027796619,0.55413437,0.66952425,0.03558749,0
0.38307995,0.6868908,-6.868197e-07,0.3877707,0.46257412,0.012986597,0.46105814,0.3181402,0.013221067,0.5340056,0.20493847,0.013312757,0.5584937,0.093788,0.015372631,0.5579523,0.2883898,-0.010745428,0.62416387,0.300077,0.0005411948,0.59167594,0.34294075,0.012062822,0.5568939,0.36527228,0.018797629,0.59462816,0.41827726,-0.016590433,0.637355,0.40912274,0.01404403,0.6019372,0.43511465,0.032645255,0.5659343,0.45980203,0.035886638,0.6080156,0.5498826,-0.01789594,0.6315067,0.5228682,0.012784782,0.59983504,0.5400906,0.031172993,0.5650899,0.5623337,0.031346668,0.6100999,0.66116524,-0.017964998,0.6136344,0.63305926,0.010701756,0.58340496,0.6441263,0.03155604,0.557084,0.6583267,0.04053058,0
0.38091463,0.6877241,-6.8261386e-07,0.38565272,0.46531364,0.011722298,0.45805785,0.3215787,0.011283926,0.53214335,0.20940268,0.010857663,0.5588351,0.09854594,0.012705623,0.5562952,0.28748587,-0.0126538845,0.6244141,0.3031451,-0.0036777596,0.59297067,0.34866664,0.0068868333,0.557578,0.3701743,0.013286612,0.5933212,0.41651708,-0.018858628,0.63839626,0.4142475,0.009879398,0.60380715,0.44303837,0.028156368,0.56668323,0.46713498,0.031626344,0.60725194,0.5475882,-0.020905932,0.63142705,0.53147066,0.008159269,0.6000557,0.5504698,0.026218615,0.56431377,0.5696167,0.026412128,0.60924137,0.6600811,-0.022059642,0.6122319,0.64814246,0.004338009,0.58183813,0.6614096,0.023505429,0.55478567,0.6718181,0.031663418,0
0.37926573,0.6903548,-6.8065225e-07,0.3846984,0.4663314,0.012033098,0.4592889,0.31922242,0.012404961,0.53350145,0.20552137,0.012883918,0.5589981,0.093912095,0.015667688,0.5528797,0.28756702,-0.013477681,0.62608784,0.30621845,-0.0046498585,0.59473044,0.35152304,0.0068060183,0.5580512,0.37176013,0.014081106,0.58962035,0.41803026,-0.019967968,0.64007914,0.416626,0.008591082,0.6057187,0.44648337,0.027779954,0.56837547,0.47092173,0.03190566,0.6048349,0.5507979,-0.022303376,0.6362277,0.5330236,0.006230322,0.6044155,0.5530238,0.025418513,0.56735283,0.5728534,0.026480267,0.60789824,0.6647744,-0.023664225,0.61484814,0.64980036,0.002147668,0.58353835,0.66462195,0.021916466,0.55550843,0.67679274,0.030543048,0
0.37894365,0.6903274,-6.675935e-07,0.38499337,0.46907404,0.010329857,0.45862252,0.32090428,0.008998693,0.5328017,0.20721379,0.008524543,0.5596584,0.096758604,0.010493974,0.5481916,0.28632003,-0.020816425,0.6271273,0.3089703,-0.013481714,0.5959588,0.35299194,-0.0017178719,0.55886817,0.37084374,0.005844211,0.5847403,0.41862702,-0.027090216,0.64075637,0.4175483,-0.00030819827,0.6067818,0.44567192,0.019539453,0.5688374,0.46884122,0.02404731,0.60129476,0.5524883,-0.028963327,0.6376577,0.53380126,-0.0016408948,0.60599285,0.55334365,0.018919263,0.56841797,0.57341444,0.020904355,0.6060007,0.666903,-0.029888455,0.6173392,0.6488695,-0.0049761985,0.5863534,0.66398364,0.015639111,0.55829644,0.6772219,0.024880433,0
0.3781016,0.6912186,-6.7077116e-07,0.3833161,0.46816736,0.009926017,0.45932564,0.31865048,0.008919184,0.5347608,0.20651734,0.009499933,0.560236,0.09695226,0.012537853,0.5447256,0.28695422,-0.02585012,0.6273748,0.30459845,-0.0181144,0.59599495,0.34939206,-0.004585944,0.55860513,0.36805975,0.004271358,0.58218104,0.421464,-0.031434596,0.64106476,0.41517562,-0.0044247303,0.60659534,0.4439327,0.017231306,0.56897724,0.4683651,0.022874432,0.6002154,0.55620533,-0.032291453,0.63870156,0.53373796,-0.0042763366,0.60681957,0.5530273,0.01753582,0.5697882,0.57403994,0.02005433,0.60611194,0.6702052,-0.032134105,0.6179873,0.649309,-0.006537045,0.5866999,0.6647078,0.014608971,0.5595376,0.6793916,0.023905357,0
0.37457582,0.69540083,-6.629298e-07,0.38181454,0.47349113,0.008082895,0.45633835,0.3207672,0.006658761,0.53217584,0.20894009,0.0066585764,0.5584577,0.100022405,0.009511357,0.53966194,0.29692578,-0.02695553,0.62715155,0.30933738,-0.023993986,0.59667283,0.35298666,-0.013063808,0.5571924,0.37202227,-0.0051172413,0.57554114,0.43137592,-0.03322392,0.6419357,0.42124093,-0.010689297,0.60785043,0.45123693,0.009626525,0.5696044,0.4733809,0.015123098,0.59334636,0.56628925,-0.035528153,0.6405103,0.542138,-0.012874593,0.6084482,0.56260675,0.009299184,0.5700539,0.581466,0.013476226,0.5982822,0.681666,-0.03690849,0.6164462,0.65881526,-0.0153569775,0.5855949,0.6739346,0.0059463554,0.55817175,0.68615687,0.016117873,0
0.37174785,0.7020905,-6.5475155e-07,0.380108,0.4771451,0.008428308,0.45500666,0.32168847,0.0067458446,0.52992934,0.20692214,0.0067298766,0.5568834,0.09708819,0.009775754,0.5318818,0.29779387,-0.030770741,0.62566185,0.308173,-0.02899736,0.5954944,0.3539679,-0.017533213,0.5536276,0.37249053,-0.0086603565,0.5685631,0.43474314,-0.03716375,0.6409877,0.4220311,-0.015928945,0.6075079,0.45363247,0.004894383,0.56803787,0.47470036,0.010955242,0.5883519,0.57177037,-0.0393344,0.64004683,0.5435087,-0.017265122,0.6089853,0.5651437,0.005911677,0.5705025,0.584509,0.0109066395,0.59551805,0.68781483,-0.04034434,0.6168567,0.6570052,-0.018669868,0.58646274,0.6727302,0.003790825,0.559367,0.6865514,0.0147437,0
0.3685912,0.70510924,-6.5510847e-07,0.37742293,0.48204115,0.0051972107,0.4532327,0.3253259,0.0023086567,0.527492,0.20823848,0.0018080117,0.5553451,0.09670913,0.005073072,0.5266856,0.29698324,-0.03315368,0.6255481,0.30836016,-0.0329332,0.5925524,0.34903365,-0.022228088,0.54883283,0.36591053,-0.013596236,0.56333953,0.43614328,-0.038107168,0.63913774,0.42042172,-0.01882561,0.6047966,0.44529158,0.0015454751,0.5653051,0.4668123,0.0075956453,0.584009,0.5732837,-0.039189145,0.63912785,0.53836715,-0.019505924,0.608183,0.5563506,0.004100299,0.57006997,0.57905614,0.0102317585,0.59309274,0.687761,-0.039266843,0.61891794,0.64627516,-0.019930005,0.58955914,0.6614555,0.0027639319,0.56306005,0.6801115,0.0145647805,0
0.36535883,0.70700794,-6.3547867e-07,0.37562472,0.48361838,0.0030974124,0.45134196,0.32927465,-0.0015567967,0.5257355,0.21183917,-0.0029516628,0.55328685,0.098786145,-0.00015736555,0.51994157,0.29705945,-0.039376844,0.62367564,0.3069403,-0.04164903,0.59186614,0.34808463,-0.030574005,0.54688966,0.36571336,-0.021059662,0.5565891,0.4377248,-0.043679833,0.6374027,0.42181668,-0.027062299,0.6041845,0.44773087,-0.00619386,0.56413066,0.46881056,0.0006800005,0.57887566,0.57603395,-0.044130675,0.63767475,0.5443559,-0.026347397,0.6065387,0.5623464,-0.0020392076,0.56809855,0.58325917,0.004803961,0.58961684,0.69279,-0.043674417,0.615425,0.6584712,-0.026162526,0.58448607,0.67510974,-0.004157023,0.55812603,0.69275093,0.007406413,0
0.35967517,0.7115735,-6.247237e-07,0.3738877,0.488587,0.0031566655,0.45038697,0.3311996,-0.002775556,0.52259076,0.21110564,-0.0055789254,0.55104256,0.09791106,-0.0040188455,0.51335186,0.29900652,-0.04298589,0.6229437,0.30650592,-0.048664864,0.5924103,0.35201758,-0.03911053,0.5449043,0.37153298,-0.029876763,0.54846066,0.4419859,-0.048635907,0.6374819,0.42363846,-0.036239512,0.60465455,0.45440033,-0.016867355,0.5620717,0.47569647,-0.010146627,0.57100534,0.5839477,-0.050356526,0.63671505,0.5513776,-0.035618972,0.604471,0.57196707,-0.010628664,0.5645995,0.5922248,-0.0024701585,0.58224624,0.7050193,-0.050978314,0.6146113,0.6661159,-0.034077276,0.5826159,0.68342113,-0.010469262,0.5550893,0.70189774,0.002361036,0
0.35477373,0.7134379,-5.916082e-07,0.37267923,0.49244177,0.0027236866,0.4472974,0.33232,-0.005230362,0.51875055,0.21019638,-0.00961237,0.54662025,0.094489306,-0.009314654,0.50460106,0.30228436,-0.04989576,0.6196477,0.30258316,-0.056491666,0.59081054,0.3495614,-0.04499564,0.5441626,0.37042928,-0.034328993,0.5389074,0.44541478,-0.056188554,0.63670564,0.42185447,-0.044981,0.605125,0.45538694,-0.023690445,0.56276864,0.4767809,-0.015705053,0.5616188,0.5879267,-0.05817025,0.6329984,0.55241627,-0.043855898,0.60163075,0.57657933,-0.016516479,0.5631211,0.59752953,-0.0071453447,0.5737473,0.7108252,-0.05899909,0.61170167,0.6676439,-0.042987753,0.5798521,0.68815047,-0.018306434,0.55321425,0.70801586,-0.0048833103,0
0.35139215,0.70974594,-5.80509e-07,0.37298906,0.49017626,0.0020317042,0.44819054,0.32933044,-0.006971341,0.516371,0.20819926,-0.012273807,0.5417106,0.09218362,-0.01284895,0.498722,0.29868895,-0.054309253,0.61945283,0.30294368,-0.06422721,0.58898073,0.34652936,-0.05451341,0.5413738,0.364298,-0.044832803,0.53020275,0.4464625,-0.061446853,0.6353084,0.42205697,-0.054302506,0.60293365,0.45274755,-0.033327673,0.56027555,0.4732529,-0.024928033,0.55164397,0.5920171,-0.0643286,0.63109,0.5537522,-0.053388204,0.59878135,0.57701933,-0.024601644,0.55989236,0.59803677,-0.013425936,0.5639328,0.71683556,-0.06605704,0.6073134,0.6692325,-0.052502453,0.5751366,0.6889755,-0.027341323,0.54816115,0.70920336,-0.013213079,0
0.3492803,0.7151106,-5.683391e-07,0.3691541,0.49632087,0.0029808173,0.44419685,0.33027315,-0.0058517787,0.51178116,0.20803377,-0.010570634,0.53576696,0.09167263,-0.010407697,0.489665,0.2991622,-0.060411602,0.6174583,0.30331963,-0.07025535,0.58757555,0.34397805,-0.057711087,0.5391897,0.3620023,-0.045744926,0.5201166,0.447807,-0.06787751,0.6338791,0.42167383,-0.06169437,0.6016445,0.4506751,-0.03847856,0.55907315,0.47146395,-0.028437018,0.542017,0.5943646,-0.07047263,0.6293422,0.55372244,-0.059451967,0.59671396,0.5770043,-0.028471168,0.55764645,0.5988577,-0.016047152,0.5560607,0.71964884,-0.071729496,0.6059569,0.66928214,-0.057874575,0.5733826,0.68966997,-0.03184008,0.5459221,0.7102213,-0.01750195,0
0.3450505,0.7208437,-5.482054e-07,0.36527708,0.50491834,0.0024755448,0.44174,0.33314073,-0.006697574,0.50926745,0.2128664,-0.012272841,0.5341354,0.09623778,-0.012585893,0.47961792,0.29839987,-0.06163024,0.6159846,0.3013618,-0.07771876,0.58555907,0.34168142,-0.06904419,0.5347239,0.36128896,-0.058381367,0.50781465,0.4447596,-0.07068222,0.6311322,0.4186381,-0.07142679,0.5971732,0.44862995,-0.049836177,0.55367154,0.4707978,-0.0391839,0.53000784,0.59096146,-0.07549134,0.6282523,0.5507066,-0.070021816,0.59233046,0.5746543,-0.037770227,0.55174416,0.59707934,-0.022652445,0.54580796,0.7187603,-0.07911533,0.6050425,0.66842824,-0.0681514,0.5696888,0.6897148,-0.040815208,0.5397607,0.71090037,-0.0246382,0
0.34123078,0.7200614,-5.1689113e-07,0.36100098,0.5110029,-0.0017244357,0.439204,0.33553243,-0.0137170395,0.50589275,0.2157794,-0.022740258,0.529125,0.095869064,-0.026028562,0.47133687,0.2976277,-0.06250919,0.6137999,0.30011362,-0.08842116,0.5833106,0.3439181,-0.08763397,0.53052604,0.36604458,-0.080786295,0.49520403,0.4436654,-0.072819375,0.6269311,0.4211588,-0.083326876,0.59123266,0.45166537,-0.0653322,0.5456312,0.47203153,-0.055069078,0.5150407,0.589668,-0.080479376,0.6254862,0.5551083,-0.08361688,0.5870618,0.57885134,-0.050902404,0.54384804,0.5972184,-0.032944746,0.5295131,0.71946156,-0.08758885,0.6037166,0.676117,-0.08119859,0.56687635,0.6979351,-0.052837327,0.5328259,0.7154386,-0.034719378,0
0.3404083,0.7178664,-4.5749366e-07,0.35834044,0.5155934,-0.0030624194,0.43434596,0.33423382,-0.017528538,0.50079954,0.21299192,-0.029376544,0.52566063,0.094474554,-0.0350101,0.46046707,0.30198848,-0.06918299,0.6111615,0.2946483,-0.10038842,0.585254,0.33926213,-0.10145173,0.53152394,0.36661854,-0.09446234,0.47989273,0.44759873,-0.080527514,0.6240369,0.4182358,-0.09847033,0.58968794,0.44920516,-0.08103291,0.5415276,0.47226655,-0.069446445,0.4985324,0.5926426,-0.08945628,0.6229501,0.55293864,-0.09810887,0.5848118,0.5772021,-0.064094976,0.5399224,0.59696025,-0.04356098,0.51472217,0.72355765,-0.09798705,0.6048763,0.6749795,-0.09535954,0.56777084,0.6955465,-0.066757694,0.5294595,0.7136621,-0.04766582,0
0.33675754,0.7251204,-3.60929e-07,0.3535426,0.5240279,-0.0043452554,0.43072298,0.34084588,-0.023639003,0.49867287,0.21756601,-0.040551376,0.5191322,0.09004718,-0.05128181,0.44474733,0.2959019,-0.08076378,0.60604197,0.2946693,-0.11908375,0.5875781,0.3491804,-0.124529995,0.53414625,0.37623817,-0.11982496,0.46068776,0.4410366,-0.095014215,0.6210859,0.42491347,-0.11943755,0.5887983,0.46395653,-0.1038084,0.53669757,0.48098332,-0.093453005,0.4780039,0.5904234,-0.10658413,0.6214328,0.563853,-0.11890917,0.58327514,0.59245074,-0.08369647,0.5346864,0.60458535,-0.062481508,0.49420306,0.728278,-0.1179812,0.60257304,0.6944681,-0.1166174,0.5666038,0.71426,-0.08673114,0.5236805,0.7218384,-0.06704902,0
0.33502606,0.7236267,-2.0293545e-07,0.3512606,0.5282752,-0.005244529,0.42675495,0.3441447,-0.026437292,0.495133,0.21985537,-0.04500838,0.51061803,0.09669131,-0.057995684,0.42927232,0.29404882,-0.0888335,0.59639627,0.28947663,-0.12772976,0.6003685,0.35099268,-0.13307907,0.5649008,0.3805503,-0.12900971,0.44304818,0.43914858,-0.10359125,0.6130308,0.42198634,-0.13181707,0.5907212,0.46898752,-0.116057254,0.5426561,0.48707488,-0.104967155,0.46131685,0.5864537,-0.11516511,0.6131586,0.55793095,-0.13016528,0.5812994,0.589959,-0.09631332,0.534324,0.600396,-0.07517245,0.48213664,0.7218267,-0.12659319,0.59922016,0.68276685,-0.12732074,0.5677129,0.7032754,-0.0988782,0.5239372,0.71109957,-0.07967472,0
0.33194715,0.7274728,8.8454186e-08,0.35405022,0.53500956,-0.0064646015,0.4262603,0.34832013,-0.037213605,0.4903239,0.2203067,-0.06593425,0.49913839,0.09404206,-0.08953467,0.41309053,0.290073,-0.1142701,0.5834057,0.2899255,-0.15807612,0.60689205,0.35635948,-0.16305332,0.5848675,0.3915571,-0.15888545,0.41518646,0.43402544,-0.13363744,0.6031536,0.42232105,-0.1679401,0.5960551,0.47951254,-0.14925852,0.55593413,0.50030416,-0.1365237,0.42828435,0.5821091,-0.14834464,0.6066105,0.5621817,-0.16665807,0.57892114,0.6020833,-0.12867805,0.52660817,0.61418515,-0.10516334,0.44843695,0.71914667,-0.16319744,0.58822113,0.6940989,-0.16651064,0.56464905,0.7077053,-0.13732375,0.51694095,0.70940566,-0.117681116,0
0.32538384,0.7334778,2.2893983e-07,0.3524676,0.5436917,-0.009973032,0.42088425,0.36045498,-0.046279464,0.47658056,0.23476674,-0.08071143,0.48411775,0.108632654,-0.11013078,0.39384937,0.29338467,-0.12818314,0.5692322,0.2868238,-0.17864041,0.6027707,0.34910175,-0.1845661,0.5834379,0.39207757,-0.17966875,0.39173594,0.43209907,-0.14984797,0.6021975,0.4170478,-0.19216968,0.60040545,0.48393607,-0.17163613,0.5563515,0.5190343,-0.15570481,0.40334305,0.5803676,-0.16732869,0.5998581,0.5582115,-0.19185765,0.57793367,0.60693794,-0.15196261,0.5273116,0.6311515,-0.1256769,0.42421523,0.72182757,-0.1855774,0.5797499,0.69076157,-0.19356349,0.5631579,0.70276123,-0.16513158,0.51736575,0.7115487,-0.14528647,0
0.32290477,0.7347683,4.5093157e-07,0.35690188,0.5404988,-0.0074636424,0.42181265,0.350999,-0.042820297,0.4688322,0.22815144,-0.076187484,0.4763825,0.102683544,-0.10580885,0.37718612,0.28478265,-0.12640628,0.544111,0.27773717,-0.17544849,0.5829851,0.3186633,-0.18538952,0.56881154,0.35140294,-0.18471356,0.37114054,0.4294743,-0.14920855,0.5837052,0.410882,-0.18840083,0.6057481,0.4393466,-0.17393541,0.5772128,0.4625092,-0.1654867,0.38212013,0.5873991,-0.16705534,0.583892,0.5571131,-0.18891002,0.5879257,0.5657154,-0.15504786,0.5518946,0.5727868,-0.13569085,0.4046046,0.7363485,-0.18532085,0.56424516,0.6959914,-0.19464922,0.57611203,0.6692538,-0.17130052,0.55388284,0.64918447,-0.15635757,0
0.3438219,0.74825114,4.5514875e-07,0.39105457,0.5538752,-0.0005943501,0.44100216,0.36789182,-0.039291326,0.4659851,0.23704427,-0.07803672,0.4636007,0.10029191,-0.1149004,0.36390465,0.2646346,-0.13243605,0.5239559,0.2788012,-0.18048958,0.5606222,0.33111385,-0.18540797,0.546746,0.35232016,-0.18520586,0.34108767,0.40167424,-0.16274427,0.55175304,0.42537904,-0.20005935,0.5794869,0.47126445,-0.18265553,0.56254256,0.47911525,-0.17745635,0.33946246,0.564955,-0.18734546,0.5434517,0.5673953,-0.21411777,0.55738467,0.60545874,-0.17975526,0.52823293,0.609517,-0.16448009,0.3517393,0.71919876,-0.21185984,0.50523096,0.71919584,-0.23457989,0.54308116,0.7104694,-0.21944451,0.54364586,0.684693,-0.21184643,0
0.3472846,0.7432552,7.988749e-07,0.4052438,0.54553777,-0.022587439,0.44281057,0.3702454,-0.056601107,0.4605211,0.23627366,-0.08728991,0.4554044,0.09118274,-0.11620042,0.32164964,0.27480078,-0.11784866,0.4453397,0.2581137,-0.16888918,0.5054336,0.27538574,-0.18868306,0.53818303,0.28090277,-0.2008526,0.2935546,0.40314436,-0.13469768,0.45852655,0.40550175,-0.17759995,0.52624434,0.4173141,-0.18214317,0.5656646,0.414305,-0.19250487,0.29290393,0.5588377,-0.1493617,0.46245208,0.56329995,-0.18974555,0.5052518,0.56844664,-0.18073477,0.5143272,0.5622033,-0.17850257,0.30747628,0.7089324,-0.1654296,0.44847167,0.7193812,-0.1968824,0.47606745,0.69975996,-0.19511375,0.47270438,0.678637,-0.19501014,0
0.38458157,0.75913846,7.07164e-07,0.4293902,0.56551856,-0.020153772,0.44035593,0.38066489,-0.043617077,0.4357963,0.23914737,-0.06635139,0.43045872,0.10279673,-0.09060189,0.31348178,0.2749384,-0.08079529,0.394163,0.24261953,-0.1436761,0.45968175,0.24833898,-0.18061626,0.51612306,0.25731212,-0.20160104,0.2678062,0.3763623,-0.09810015,0.40460902,0.38346684,-0.16343863,0.49473533,0.39104208,-0.18932968,0.56389236,0.39571697,-0.20501207,0.25200546,0.51864886,-0.1163602,0.3973291,0.54819715,-0.18446498,0.4662558,0.5762646,-0.19797365,0.510593,0.58907723,-0.19988243,0.25646946,0.6710811,-0.13485236,0.36576483,0.708918,-0.18742743,0.41678506,0.7200953,-0.19941552,0.44575107,0.71573424,-0.20140776,0
0.35538247,0.7951913,1.4532148e-07,0.4049336,0.59084857,-0.025108928,0.413792,0.3890233,-0.047840457,0.41468054,0.2402517,-0.06890956,0.41298923,0.097184,-0.08846525,0.2844479,0.27755895,-0.065728456,0.41123578,0.2602897,-0.124787495,0.4664461,0.28759772,-0.16275094,0.49168947,0.28938743,-0.18690358,0.24387552,0.3828627,-0.078848116,0.42889494,0.4030786,-0.1336179,0.4888821,0.43284205,-0.15227,0.51943016,0.42346904,-0.16566812,0.229921,0.5202743,-0.09526997,0.4063968,0.5554515,-0.14384454,0.41902536,0.582905,-0.14669818,0.4086506,0.5752994,-0.14796928,0.23223932,0.67151177,-0.11535088,0.367273,0.6968936,-0.15540312,0.3950918,0.7083394,-0.1629713,0.3955992,0.7027471,-0.16458333,0
0.35484445,0.80371284,-4.281359e-07,0.40733096,0.59776205,-0.024607359,0.41350913,0.38405973,-0.041338805,0.41020885,0.23408802,-0.057054132,0.4039283,0.09889224,-0.066938005,0.2756695,0.27067715,-0.061208475,0.44601485,0.27045575,-0.11264343,0.4451714,0.37034777,-0.13614658,0.3973377,0.38812494,-0.15350422,0.22932127,0.37920997,-0.07490205,0.4457195,0.4087593,-0.13077474,0.4290064,0.5004968,-0.14277804,0.37881497,0.5082031,-0.15302947,0.21159309,0.52063507,-0.091606475,0.4148435,0.56175524,-0.14152098,0.4007961,0.6334312,-0.136356,0.3579687,0.63052595,-0.13274325,0.21004787,0.67325634,-0.11197736,0.36104125,0.70435107,-0.15445505,0.37402043,0.73009527,-0.16371642,0.35387382,0.71958846,-0.1668923,0
0.3578704,0.8240031,-5.987453e-07,0.41080648,0.6114989,-0.022630248,0.4101521,0.39391455,-0.03717434,0.4024122,0.23297428,-0.05078738,0.38866928,0.1002633,-0.057117436,0.26471785,0.2722236,-0.055752374,0.41856784,0.2514993,-0.109470375,0.43759516,0.37051746,-0.13100138,0.3996688,0.39813262,-0.14461899,0.21202934,0.37465596,-0.06867082,0.42086482,0.39563707,-0.12788898,0.4297523,0.5187528,-0.13771331,0.3850015,0.5361415,-0.14271459,0.18844143,0.507169,-0.08487405,0.3878855,0.5515237,-0.13876054,0.39724678,0.64777625,-0.13310991,0.35713014,0.65347916,-0.12616056,0.1823647,0.6510315,-0.10390573,0.3328005,0.7031894,-0.1453842,0.36357838,0.74467754,-0.1519704,0.34469363,0.73458874,-0.15132369,0
0.35749832,0.8230653,-6.3013283e-07,0.41480675,0.61122084,-0.02439529,0.41309825,0.39701682,-0.038869284,0.39721492,0.23593612,-0.05206608,0.37453747,0.10404912,-0.05863697,0.25650865,0.28571412,-0.05607518,0.39847112,0.25381428,-0.1093959,0.42979872,0.36916733,-0.13071914,0.40051454,0.41785032,-0.1431587,0.2001965,0.38105792,-0.066150196,0.39756757,0.4030724,-0.12405603,0.42694947,0.5242882,-0.13467678,0.39437002,0.5596699,-0.13947599,0.17504139,0.5080814,-0.07936459,0.3618434,0.5549236,-0.13378303,0.38574117,0.64633095,-0.13055,0.35135332,0.66281754,-0.1244956,0.16741905,0.6495981,-0.09487883,0.31530905,0.70961845,-0.1367542,0.3540998,0.7482024,-0.14355922,0.3360632,0.7409023,-0.1423359,0
0.35998645,0.8412725,-6.154955e-07,0.41953522,0.63403547,-0.03151984,0.41509846,0.412457,-0.050189823,0.39563495,0.24705337,-0.06640275,0.37440133,0.10880089,-0.0747807,0.25721145,0.30342886,-0.053925663,0.37208155,0.24304971,-0.10800977,0.4163873,0.3628193,-0.13179395,0.39619845,0.42157024,-0.14593308,0.19319743,0.38653445,-0.061243687,0.35761058,0.3853207,-0.11660983,0.4031896,0.50457215,-0.12766646,0.3756386,0.53978133,-0.13239282,0.16370754,0.50630736,-0.07313286,0.32507703,0.5409646,-0.12529002,0.36448354,0.6247054,-0.120493636,0.3364085,0.64121723,-0.11348642,0.15197985,0.6394081,-0.088228695,0.2820104,0.6925535,-0.12824292,0.33023727,0.72581047,-0.13225709,0.32045132,0.7208859,-0.12883459,0
0.3693688,0.8267695,-5.8248827e-07,0.4313234,0.63895977,-0.043365795,0.42393315,0.41579732,-0.06449052,0.39589804,0.25459796,-0.0816544,0.37717822,0.11941716,-0.09130847,0.25731063,0.30315587,-0.052820385,0.35863772,0.2225717,-0.10935978,0.41199657,0.35259837,-0.13557263,0.40668097,0.42684856,-0.14858069,0.19177774,0.38505498,-0.054427236,0.3290053,0.3658418,-0.10674978,0.38853544,0.49212572,-0.115813404,0.37371984,0.53236276,-0.11597742,0.15912502,0.50611645,-0.06298606,0.289536,0.5179186,-0.11493223,0.347111,0.605356,-0.10921432,0.33586657,0.62578636,-0.09824963,0.14466678,0.6387331,-0.075495176,0.25005484,0.6713388,-0.11070052,0.31161383,0.70563304,-0.108542554,0.32183582,0.70388705,-0.09920532,0
0.36525786,0.8483771,-7.145294e-07,0.43417692,0.6601953,-0.043842223,0.42841452,0.42689726,-0.061625984,0.39941287,0.26568726,-0.07608968,0.38416418,0.12918961,-0.08286502,0.2673289,0.31227407,-0.038535357,0.3447188,0.21952695,-0.09182854,0.397255,0.35536963,-0.11781915,0.39674124,0.43831584,-0.13040598,0.19666359,0.3866353,-0.037625723,0.3113062,0.3693403,-0.08579845,0.37227616,0.50162077,-0.096413426,0.35843888,0.5445139,-0.096909165,0.15974571,0.5016999,-0.04450861,0.2710508,0.51640165,-0.09202619,0.33115134,0.6092735,-0.08615497,0.32135302,0.6306428,-0.0749582,0.13971178,0.629192,-0.055661526,0.23159304,0.6591044,-0.086293735,0.29504216,0.69713324,-0.08221488,0.30560768,0.69615626,-0.07149565,0
0.36709362,0.83928573,-6.2182085e-07,0.43333504,0.6494748,-0.048609667,0.42746782,0.42329904,-0.06852862,0.3987554,0.26787567,-0.08404832,0.38569972,0.13363788,-0.09077082,0.26918185,0.3090544,-0.044408146,0.3386139,0.22293249,-0.09764571,0.3892726,0.3589175,-0.12034712,0.37768456,0.43451133,-0.13213484,0.19781144,0.38194805,-0.04353883,0.29919472,0.35936257,-0.097377785,0.363007,0.50144464,-0.108735435,0.3412047,0.5435548,-0.10853183,0.15978163,0.49892867,-0.05026994,0.25517252,0.5054619,-0.104009725,0.32103908,0.6114085,-0.094887786,0.30562428,0.6351344,-0.08033692,0.14034115,0.6282981,-0.06143467,0.2272871,0.6551592,-0.097437255,0.28776082,0.6993797,-0.09214776,0.28594977,0.7000263,-0.08005463,0
0.36590245,0.833699,-5.9799027e-07,0.43179432,0.6511195,-0.052416753,0.4249912,0.42368293,-0.07277275,0.39655906,0.26661444,-0.0881059,0.38686705,0.13128683,-0.0947956,0.27039826,0.30865645,-0.042619545,0.3321906,0.22424287,-0.09589949,0.38290435,0.3534888,-0.118999854,0.3713588,0.4257122,-0.13077646,0.1983707,0.37943965,-0.039804578,0.28681406,0.35659736,-0.0937876,0.3526331,0.49452385,-0.10548656,0.33254203,0.53623414,-0.10479557,0.15822737,0.49517825,-0.045401715,0.24242729,0.5049038,-0.100004144,0.30933088,0.60830927,-0.09123087,0.2946598,0.6299826,-0.07634952,0.13593997,0.62412995,-0.055656012,0.21357588,0.654714,-0.09169246,0.27494347,0.69887686,-0.086028166,0.27481082,0.6995428,-0.07369025,0
0.36159503,0.84470725,-6.118331e-07,0.42810696,0.65742123,-0.049180053,0.41941923,0.4185994,-0.06620479,0.39135104,0.26156208,-0.078493506,0.38323593,0.12775072,-0.08091157,0.26832905,0.3116164,-0.0364861,0.32844046,0.22226948,-0.087545164,0.37703437,0.3616591,-0.1070222,0.35960367,0.4272031,-0.1177215,0.19239108,0.3830752,-0.035532348,0.27799964,0.34443942,-0.09060496,0.34162158,0.4914855,-0.10091846,0.3157499,0.52674836,-0.09916925,0.15072942,0.49956965,-0.04293127,0.23507664,0.4967236,-0.0968362,0.29999968,0.60541147,-0.08525171,0.27787018,0.62342954,-0.069392554,0.1281425,0.62635314,-0.05498631,0.20726722,0.6540348,-0.09041319,0.26847735,0.6978982,-0.08416512,0.26236472,0.6925674,-0.07223543,0
0.35466006,0.8673668,-5.797225e-07,0.41870022,0.6637265,-0.043876432,0.41100842,0.41813666,-0.058250044,0.3843292,0.2580513,-0.0685039,0.37907135,0.12282261,-0.067735225,0.26312685,0.30481964,-0.028397532,0.31671777,0.22613269,-0.072691105,0.3643322,0.36869574,-0.08734347,0.33928907,0.41892818,-0.09700312,0.18197742,0.3814463,-0.029253427,0.26326156,0.34228146,-0.08323538,0.3277431,0.4860463,-0.09540623,0.29570806,0.50716907,-0.09604994,0.14205498,0.5014675,-0.03701351,0.21850118,0.49651858,-0.087422654,0.28699628,0.59507006,-0.073943056,0.25982866,0.609763,-0.058682762,0.120231,0.62531555,-0.04918365,0.19600576,0.6523766,-0.0828156,0.25670424,0.6925492,-0.07570067,0.2426257,0.6874439,-0.064067,0
0.3519937,0.8652141,-6.106926e-07,0.40758887,0.6644685,-0.038456354,0.40201628,0.41437495,-0.046855383,0.37432763,0.2535425,-0.050657522,0.37179476,0.123438895,-0.041631453,0.26130196,0.29834688,-0.019906217,0.29931942,0.22481772,-0.05890151,0.3472945,0.37657467,-0.07205595,0.31680936,0.41510183,-0.08209065,0.17939214,0.39427137,-0.019545909,0.24378371,0.3390329,-0.07101241,0.31272793,0.48375365,-0.08594885,0.28004247,0.4952425,-0.08971558,0.14326607,0.5173931,-0.024610417,0.19484422,0.4888087,-0.07080236,0.27202517,0.58340406,-0.054355443,0.24786565,0.5984713,-0.038235787,0.1196554,0.63140094,-0.0334325,0.17411673,0.64248055,-0.0628103,0.23930019,0.68067,-0.05134379,0.22841622,0.6714794,-0.037435178,0
0.34554374,0.86530286,-6.5735804e-07,0.40107787,0.6727036,-0.037589103,0.40153944,0.415053,-0.041426856,0.36751744,0.25704437,-0.03826503,0.36423683,0.13088828,-0.020230595,0.27146432,0.31099778,-0.018321298,0.28326172,0.2213648,-0.05470192,0.33378318,0.3823141,-0.0660482,0.30627355,0.41143462,-0.07583943,0.19328603,0.41627574,-0.0138761215,0.22305317,0.32561737,-0.065669365,0.29652902,0.4823526,-0.080023624,0.26845273,0.48885697,-0.08371963,0.15475056,0.536034,-0.014102485,0.17682245,0.4733768,-0.057534873,0.256452,0.5761272,-0.0351456,0.23556778,0.5852307,-0.016129745,0.12181617,0.64195824,-0.017642764,0.15227881,0.63512045,-0.042763185,0.22081402,0.67554,-0.026118882,0.21287817,0.65871567,-0.009946382,0
0.34466788,0.86313236,-6.9365854e-07,0.39620262,0.6758529,-0.044504154,0.3926453,0.42054626,-0.050567985,0.3597841,0.2664906,-0.048132565,0.35702112,0.14318237,-0.030046023,0.2633364,0.3068577,-0.02738411,0.2714581,0.21706912,-0.067284964,0.32055867,0.374539,-0.077563524,0.29547265,0.4074942,-0.08402862,0.18811363,0.41876,-0.020153347,0.21406782,0.32711875,-0.071520664,0.29119527,0.48392794,-0.08106619,0.26328608,0.48483574,-0.08014406,0.14848727,0.53903073,-0.018889759,0.16132692,0.4741037,-0.06608076,0.24583867,0.5800568,-0.043737575,0.22820655,0.5839564,-0.022722928,0.11430934,0.64757425,-0.021041088,0.13055858,0.62972844,-0.048914753,0.2032831,0.671176,-0.031383786,0.20266053,0.65839934,-0.01330537,0
0.33787528,0.85776794,-7.524364e-07,0.3893229,0.67461556,-0.04097624,0.38136014,0.4207858,-0.044375356,0.34776258,0.26532614,-0.039391182,0.34813097,0.14404249,-0.018015495,0.25643706,0.31122053,-0.026293207,0.25827864,0.21383825,-0.06640342,0.30883694,0.3758695,-0.07455805,0.28620481,0.41015953,-0.07945572,0.18309651,0.42211947,-0.020402053,0.19999474,0.32302237,-0.07235446,0.27840385,0.48544088,-0.07849724,0.25248516,0.48504108,-0.074870564,0.1418833,0.5405125,-0.020564375,0.14969185,0.46958023,-0.066917025,0.23464932,0.5809165,-0.040338382,0.21583018,0.58307976,-0.016839346,0.10446231,0.64815575,-0.024122618,0.11924559,0.6277832,-0.050657623,0.1920902,0.67268735,-0.03117739,0.1882785,0.66233206,-0.012270043,0
0.3265968,0.85741067,-7.2903737e-07,0.38140166,0.68193835,-0.04468307,0.37371153,0.42463136,-0.051154837,0.33994386,0.26562926,-0.04941474,0.3401237,0.14237294,-0.03055133,0.24619314,0.30289328,-0.026124695,0.2482122,0.21275324,-0.07053399,0.3002113,0.3748541,-0.079358704,0.27908233,0.40900677,-0.08405195,0.17134549,0.4056864,-0.019397931,0.19036275,0.31904584,-0.07643705,0.26890182,0.48522475,-0.08145263,0.24201569,0.47705793,-0.07536202,0.12784508,0.5215998,-0.020105684,0.14328413,0.47217304,-0.07052128,0.22501403,0.5852031,-0.04412819,0.20438664,0.5785481,-0.019698648,0.08910249,0.6276648,-0.024889627,0.1161107,0.63497764,-0.055640455,0.18624242,0.6823095,-0.040832203,0.17744252,0.6609441,-0.024367737,0
0.32294574,0.8474984,-7.282803e-07,0.37639683,0.6796044,-0.049081415,0.36464217,0.42350706,-0.05813118,0.32760298,0.26282445,-0.058642816,0.3284389,0.14383453,-0.042656027,0.23303305,0.3035448,-0.031622015,0.23704849,0.21538559,-0.07634483,0.28884584,0.3704716,-0.08328114,0.27029726,0.4158471,-0.08546241,0.16137247,0.4035446,-0.0242731,0.17797185,0.33225214,-0.08007872,0.25893882,0.48938617,-0.08203872,0.23295905,0.48175037,-0.073394,0.117260136,0.5202604,-0.02510779,0.13007428,0.48017648,-0.07891792,0.21420652,0.58942026,-0.05439792,0.19633947,0.5794349,-0.029746056,0.08103131,0.6355453,-0.029947687,0.10444176,0.63993317,-0.06421072,0.17487349,0.68704236,-0.05064463,0.16952674,0.66842234,-0.03409201,0
0.31350505,0.85109293,-6.847159e-07,0.36842313,0.685892,-0.05252727,0.35372385,0.4240559,-0.062804766,0.31124952,0.26519084,-0.06428803,0.31245565,0.15006843,-0.048921514,0.22399062,0.29943058,-0.029127501,0.22420911,0.21519682,-0.07748863,0.27745658,0.3697664,-0.087212935,0.2591511,0.41082844,-0.09092734,0.15034206,0.40423095,-0.020185005,0.16393963,0.3266234,-0.08056778,0.24709837,0.48524374,-0.08310003,0.22205015,0.47691113,-0.07303822,0.106146716,0.522123,-0.020573838,0.11943934,0.48382673,-0.0767785,0.20491162,0.5900593,-0.05140541,0.18732211,0.58013016,-0.025083704,0.0692516,0.6354842,-0.025609849,0.09605169,0.6468525,-0.06020373,0.16643155,0.6920728,-0.04719234,0.15955076,0.6678747,-0.030637886,0
0.30641723,0.84683204,-6.663844e-07,0.35518748,0.6772471,-0.048132725,0.34192562,0.4262201,-0.057707667,0.30271876,0.26634586,-0.058498397,0.29748255,0.15525004,-0.04268138,0.21578568,0.30574986,-0.03218117,0.2069713,0.22061881,-0.077062905,0.26229686,0.36933428,-0.08278591,0.2487989,0.41502145,-0.08298601,0.14606683,0.40995646,-0.02368072,0.14483634,0.3302189,-0.081405714,0.23221579,0.48297608,-0.082001776,0.21406782,0.47980967,-0.07120404,0.10239446,0.5270322,-0.022810064,0.0993047,0.48187563,-0.07600722,0.18889484,0.5883502,-0.046638608,0.17853467,0.58261657,-0.01814958,0.063486144,0.64373934,-0.025746735,0.07284424,0.64392155,-0.05650514,0.14566982,0.68774426,-0.03799955,0.14556593,0.6662717,-0.01800012,0
0.3034173,0.8362902,-5.9702126e-07,0.34597176,0.67468286,-0.053428233,0.3316213,0.43146607,-0.06791288,0.2909753,0.2706951,-0.07368268,0.28189185,0.15714327,-0.06338657,0.20232832,0.30952352,-0.03755218,0.19220178,0.22663522,-0.08394974,0.24949135,0.3649577,-0.08680892,0.23879755,0.41987985,-0.083303794,0.1322802,0.41351092,-0.029057782,0.12787002,0.33681625,-0.087145984,0.22134799,0.48450527,-0.08315738,0.20469055,0.48723882,-0.06807461,0.08862421,0.53325367,-0.029319625,0.0807569,0.4898387,-0.08805694,0.1757266,0.59211886,-0.057573978,0.16625988,0.58960646,-0.026387816,0.051773757,0.6611258,-0.03343127,0.054528385,0.65453607,-0.06963954,0.12924445,0.69429946,-0.051093385,0.13117395,0.67717284,-0.029763663,0
0.2959003,0.8404671,-5.5754975e-07,0.33729684,0.674863,-0.05350586,0.32080212,0.42697388,-0.06576543,0.2773461,0.27019483,-0.068855,0.26936457,0.15576497,-0.054955,0.18923427,0.3051352,-0.031955097,0.17891462,0.2258257,-0.083289124,0.23844272,0.3699623,-0.09695478,0.2267071,0.41332167,-0.10249442,0.11583019,0.42099664,-0.021644332,0.110738836,0.33517045,-0.08731264,0.20514943,0.4794577,-0.09339388,0.19352072,0.48372793,-0.08454357,0.07551531,0.5459539,-0.020028315,0.061212927,0.49619853,-0.07893784,0.15840068,0.58940536,-0.050845593,0.15258017,0.5913713,-0.021581376,0.040727735,0.66508543,-0.022902394,0.05123587,0.664445,-0.056674156,0.12217946,0.70134485,-0.03990175,0.1173788,0.678754,-0.020398887,0
0.29223052,0.83933544,-5.986514e-07,0.3348784,0.6620448,-0.05232691,0.30921137,0.41583812,-0.06479387,0.2626853,0.25951678,-0.06763062,0.2578946,0.13997602,-0.051953122,0.17484914,0.29851496,-0.038129933,0.1648127,0.21439913,-0.086170964,0.23106453,0.366346,-0.09301043,0.21989623,0.4102487,-0.0950544,0.0977548,0.4173477,-0.027739052,0.10147101,0.3269643,-0.09375498,0.19661103,0.48010615,-0.09799864,0.17836848,0.48198068,-0.08871885,0.058882803,0.54504216,-0.024676675,0.063096695,0.4926866,-0.080364145,0.1565699,0.5877756,-0.049596217,0.14029424,0.59416115,-0.020552658,0.02598916,0.66313595,-0.026350064,0.054685563,0.66704965,-0.0596242,0.12623142,0.70164144,-0.043730766,0.11200305,0.6850829,-0.025556045,0
0.29236728,0.8455812,-7.029531e-07,0.33793938,0.6561297,-0.054290276,0.31135854,0.4132288,-0.06378613,0.2613088,0.25793,-0.061750315,0.2534597,0.13920078,-0.03956072,0.16658573,0.29884285,-0.03935844,0.15596598,0.21214071,-0.088074975,0.22538057,0.3628242,-0.093474984,0.21612383,0.41396475,-0.09366084,0.09331487,0.4159792,-0.028782472,0.096143,0.3301531,-0.096185826,0.19596742,0.48028946,-0.100812025,0.17999034,0.48424658,-0.09114568,0.053905554,0.5438003,-0.025920061,0.05576457,0.4957549,-0.08522815,0.15437739,0.59458923,-0.05535323,0.14030197,0.6004731,-0.025544154,0.024340644,0.66796494,-0.027699675,0.04700753,0.6720246,-0.063729465,0.12305287,0.7049472,-0.047188435,0.111020386,0.69131386,-0.027449675,0
0.30604804,0.8413035,-6.968777e-07,0.3478498,0.6560809,-0.048890576,0.31834346,0.41869152,-0.059893154,0.26984435,0.26175547,-0.06261352,0.25681275,0.14536482,-0.04703247,0.17444094,0.30408263,-0.03257078,0.15763828,0.20702845,-0.082822025,0.2291365,0.3520261,-0.090361,0.22657733,0.41265076,-0.09034437,0.10779864,0.4124528,-0.026235633,0.09881556,0.3267577,-0.092975825,0.20012434,0.46933296,-0.09773812,0.19169873,0.48405784,-0.08743733,0.06856356,0.53682554,-0.027652062,0.06206937,0.4873561,-0.08816351,0.162341,0.58939445,-0.058588754,0.1559929,0.6012348,-0.027232267,0.038665846,0.6672522,-0.032922495,0.052193902,0.6593445,-0.066817544,0.13229205,0.6953788,-0.046469513,0.13032489,0.6844729,-0.02349048,0
0.319476,0.8346551,-6.430843e-07,0.35527483,0.65987957,-0.054604698,0.32766783,0.42152348,-0.07331631,0.28519708,0.26552844,-0.08482448,0.26609004,0.14993468,-0.07988166,0.17592454,0.30145472,-0.037332833,0.1708469,0.20668072,-0.0899427,0.24349464,0.34720206,-0.098517746,0.23801434,0.41078466,-0.09875691,0.109370045,0.4060372,-0.032218743,0.11402182,0.32372525,-0.09915399,0.21433933,0.46509397,-0.10248019,0.20110962,0.48698562,-0.09063047,0.07058175,0.5339616,-0.035904977,0.07976531,0.48559716,-0.101094194,0.17859127,0.5878337,-0.073086336,0.1694184,0.6028733,-0.04126629,0.04310596,0.67313915,-0.043621145,0.06663145,0.6547651,-0.08238357,0.14622131,0.6910791,-0.06231619,0.14549574,0.6850649,-0.038083907,0
0.32633978,0.82552004,-6.959927e-07,0.3669759,0.6570404,-0.05851822,0.34285825,0.41706562,-0.080260545,0.30467308,0.25177506,-0.096591726,0.2834051,0.1397905,-0.09794664,0.19601521,0.29074547,-0.030819347,0.18997343,0.19833869,-0.08867517,0.259193,0.338991,-0.10291864,0.25925964,0.40339702,-0.10593543,0.13036375,0.3870681,-0.027026713,0.13430071,0.3171724,-0.093232155,0.23030435,0.460872,-0.09271952,0.22243333,0.47835177,-0.0761819,0.08826037,0.51300687,-0.035255454,0.10380313,0.48730543,-0.099917084,0.19695453,0.58714795,-0.07118756,0.19207832,0.58854645,-0.03768179,0.059720963,0.65172946,-0.049051024,0.087440126,0.65361744,-0.086263396,0.16217606,0.68943626,-0.06657004,0.16537496,0.67453355,-0.04232829,0
0.33935338,0.82242095,-6.7129264e-07,0.38196903,0.66011465,-0.05939182,0.36169675,0.42631087,-0.086231686,0.32521224,0.26362896,-0.10883941,0.30209273,0.1477631,-0.11756996,0.21578561,0.28525132,-0.033947483,0.2143138,0.18749723,-0.09660453,0.27965888,0.32799745,-0.11568174,0.2802238,0.3961923,-0.12123799,0.14789635,0.38496524,-0.032252084,0.16117471,0.31127292,-0.10013595,0.25212288,0.46179765,-0.102509916,0.23619714,0.48154122,-0.08853977,0.103869766,0.5132288,-0.042808454,0.12013283,0.47496817,-0.11238941,0.21114394,0.58005214,-0.08647899,0.20077136,0.58571374,-0.054351028,0.07480307,0.65512025,-0.058437917,0.0978879,0.6370124,-0.101668715,0.17398196,0.6793657,-0.08180918,0.17748639,0.67524785,-0.05629535,0
0.35469615,0.82592213,-6.314401e-07,0.40209377,0.65624225,-0.0639547,0.37913048,0.4208964,-0.09115205,0.34035733,0.25918615,-0.112814754,0.32069913,0.1343373,-0.12037079,0.22144413,0.26867086,-0.03208091,0.23443358,0.1766519,-0.098741405,0.29656518,0.3175906,-0.12370385,0.29906693,0.39558253,-0.13265197,0.1504438,0.36467457,-0.027936893,0.17700933,0.2980382,-0.09905956,0.26654217,0.44879884,-0.10565279,0.2536149,0.47466308,-0.09315239,0.10718695,0.49521014,-0.03707949,0.14094827,0.4722454,-0.10870912,0.22832297,0.5743483,-0.08799875,0.21604557,0.57933,-0.058224935,0.08168036,0.63868165,-0.051892545,0.120396346,0.63354933,-0.09579793,0.19227134,0.67631876,-0.07978039,0.19082892,0.67029434,-0.056442227,0
0.36591536,0.81153905,-6.8427465e-07,0.41764155,0.6296557,-0.058282886,0.39010113,0.3863508,-0.07849061,0.3502773,0.23051962,-0.094275035,0.33187816,0.10752699,-0.09615526,0.24306008,0.260894,-0.023577144,0.25093573,0.17014378,-0.08482518,0.3142547,0.3131839,-0.10668929,0.3152205,0.38562933,-0.114916116,0.17370002,0.35234275,-0.019714534,0.1947973,0.29312634,-0.085457,0.28169653,0.43726715,-0.090180516,0.2692174,0.45806256,-0.07781769,0.13108799,0.47836202,-0.028959285,0.1627106,0.46403593,-0.09217732,0.24664153,0.5621363,-0.07042836,0.23332955,0.56594795,-0.042548813,0.104517594,0.6156721,-0.0443084,0.1495268,0.62948817,-0.08264542,0.21681032,0.6694215,-0.06920726,0.21063915,0.65921205,-0.04971102,0
0.3849498,0.8064784,-6.418094e-07,0.43230647,0.6177808,-0.05324483,0.40451148,0.37787738,-0.07254044,0.36855203,0.22162205,-0.087848894,0.34925026,0.099833906,-0.09040266,0.25763395,0.26386023,-0.027263222,0.27391902,0.15610948,-0.0855363,0.33570558,0.2955707,-0.105093434,0.33306998,0.3740075,-0.11201487,0.1905193,0.35829055,-0.026138946,0.21834163,0.27450198,-0.09078095,0.30467033,0.41998887,-0.097224936,0.28867015,0.458416,-0.086998336,0.14990787,0.4876804,-0.03615077,0.18294096,0.44954687,-0.10105596,0.2687559,0.5492755,-0.0809516,0.25337094,0.5666693,-0.05376879,0.1255034,0.6304241,-0.050676577,0.16389856,0.6075775,-0.09057914,0.23421083,0.649099,-0.0739724,0.22985408,0.6560907,-0.051821224,0
0.40277934,0.8021917,-6.909926e-07,0.45277494,0.60557866,-0.05509013,0.42170706,0.3553319,-0.07282723,0.38198748,0.20539442,-0.08561401,0.36365002,0.0821614,-0.08422295,0.27052107,0.25020114,-0.030093268,0.29499483,0.14951855,-0.08611138,0.3573927,0.29435134,-0.10198628,0.34544238,0.36347649,-0.1082637,0.19886512,0.3419125,-0.027515072,0.24450207,0.26963747,-0.091314115,0.33074424,0.4193783,-0.09655719,0.3043103,0.4455645,-0.08667062,0.15812394,0.4708598,-0.035895273,0.20636553,0.44321492,-0.09874956,0.29396492,0.5456151,-0.07815813,0.2722169,0.55786246,-0.052521147,0.13409123,0.60991067,-0.049459986,0.19058257,0.61146957,-0.089321926,0.26036978,0.6504129,-0.07657092,0.24897982,0.6489613,-0.058038652,0
0.42112708,0.79732233,-6.645753e-07,0.4694121,0.59887,-0.055631608,0.43696225,0.35370433,-0.07568945,0.39797455,0.20807555,-0.090595365,0.3840713,0.07829285,-0.09274118,0.28016502,0.25012457,-0.032833777,0.3170444,0.14537042,-0.08903284,0.37884694,0.28080827,-0.109793596,0.36654854,0.3480913,-0.12014764,0.20935827,0.34193355,-0.029880421,0.27105463,0.26937008,-0.089523956,0.3562042,0.41326612,-0.09665825,0.3296906,0.44487506,-0.08997442,0.17185783,0.4720635,-0.03761436,0.23582713,0.44033647,-0.097464375,0.31963274,0.5377209,-0.08010898,0.29535055,0.55612165,-0.057961803,0.15258977,0.6119736,-0.050566513,0.21723041,0.60208523,-0.08953657,0.28326476,0.64148605,-0.077944085,0.26929584,0.649857,-0.060676213,0
0.43976638,0.8034663,-7.2102256e-07,0.49168128,0.59993714,-0.04916792,0.45936513,0.35966596,-0.06819261,0.41842687,0.21526241,-0.08347092,0.40505734,0.083110094,-0.08782444,0.30676043,0.2564103,-0.033640426,0.349546,0.12657228,-0.09093157,0.41206908,0.26210096,-0.11394675,0.40985486,0.34652865,-0.12475021,0.23648119,0.34133726,-0.033602055,0.3038683,0.24947755,-0.09133472,0.3860772,0.39530692,-0.099080004,0.36820245,0.4478269,-0.09286776,0.19739898,0.46686038,-0.04333343,0.2712129,0.42504877,-0.102003634,0.35163367,0.5287561,-0.08638716,0.33333394,0.56054276,-0.0647973,0.1765497,0.6078541,-0.057465613,0.24413323,0.58798563,-0.09416028,0.31296682,0.629882,-0.08108274,0.30753583,0.64380896,-0.06268318,0
0.460728,0.79407763,-6.743033e-07,0.5067625,0.602682,-0.050578106,0.49012017,0.38504055,-0.07487001,0.44316915,0.29555804,-0.09616805,0.41452584,0.23736645,-0.10667222,0.34236374,0.24239713,-0.03677448,0.3945883,0.10118064,-0.10121332,0.45194995,0.23922376,-0.12991086,0.4513556,0.3321909,-0.14296228,0.27241832,0.32614595,-0.039896406,0.34104452,0.21914983,-0.10652376,0.41997024,0.37942454,-0.11768169,0.40730888,0.44574496,-0.11117966,0.23084617,0.4479297,-0.053149898,0.3008241,0.39312795,-0.11875801,0.3791711,0.51467985,-0.10434534,0.3646299,0.5615453,-0.08103114,0.20514852,0.5943773,-0.070837066,0.2688451,0.5649168,-0.10975554,0.33783513,0.61499554,-0.09461529,0.33652082,0.63309115,-0.07383843,0
0.48332492,0.7865901,-6.009951e-07,0.5309606,0.6135329,-0.05284753,0.52611303,0.42236817,-0.08477796,0.48341513,0.34420764,-0.11346105,0.44565246,0.33430654,-0.13200006,0.36989638,0.22867635,-0.045161556,0.4303438,0.08920199,-0.11381571,0.48813885,0.22954553,-0.14730285,0.4905621,0.3349601,-0.16216812,0.29934415,0.30711892,-0.047863252,0.3765822,0.21071517,-0.11464389,0.4551925,0.37438095,-0.12701236,0.44512305,0.4434341,-0.12187179,0.2559831,0.42694163,-0.060423244,0.33684993,0.38050187,-0.12422872,0.4128196,0.50547546,-0.1117395,0.40055573,0.5535774,-0.089986764,0.2296982,0.57298005,-0.07773598,0.30173585,0.55414826,-0.113999,0.37039763,0.60586613,-0.09982352,0.37359014,0.6218969,-0.08017211,0
0.5022994,0.7918466,-4.5678811e-07,0.5623958,0.64303005,-0.061302174,0.5894057,0.47180787,-0.105431065,0.5761279,0.37154764,-0.14537324,0.5335948,0.3818752,-0.175857,0.39511636,0.22802417,-0.060792416,0.45779794,0.091127634,-0.1338167,0.5152336,0.22120056,-0.17192963,0.52058476,0.3319114,-0.18860391,0.3245901,0.29707056,-0.061938066,0.4115334,0.19530898,-0.13053109,0.48945138,0.35651958,-0.1466992,0.48042795,0.43414032,-0.1443306,0.28022873,0.4137986,-0.07239188,0.3687582,0.36209258,-0.13540402,0.44393978,0.48608398,-0.12502351,0.4353046,0.5425181,-0.10487736,0.25529063,0.56122774,-0.088307425,0.33162242,0.5408377,-0.12326943,0.4008376,0.5946893,-0.10890379,0.40866026,0.617716,-0.08907311,0
0.5371672,0.7649441,-4.0683005e-07,0.5947634,0.60766685,-0.062540784,0.59986115,0.42172387,-0.101349756,0.5579957,0.335906,-0.13333814,0.50697434,0.33012986,-0.15622355,0.39974362,0.22690913,-0.06783555,0.4766576,0.08573511,-0.13503155,0.53546065,0.202328,-0.16691457,0.5407113,0.30593142,-0.18036845,0.33281308,0.2917873,-0.065416664,0.4379851,0.19007897,-0.1304205,0.5156696,0.34821174,-0.14271715,0.5050631,0.42478165,-0.13834389,0.2959336,0.40223843,-0.07146138,0.40286785,0.35398483,-0.13407198,0.47458863,0.47749972,-0.12457998,0.46183786,0.52944285,-0.10595838,0.27938336,0.5428619,-0.08238522,0.36656994,0.52777386,-0.119971536,0.43670607,0.5866687,-0.10787176,0.44601297,0.61011755,-0.089864,0
0.5447193,0.7821369,-5.6295005e-07,0.60850465,0.609833,-0.055589642,0.6089385,0.4173175,-0.08643023,0.5563454,0.32028863,-0.11146538,0.50049305,0.29173833,-0.12685274,0.42489046,0.23427851,-0.049823634,0.5098138,0.09619263,-0.116621494,0.56857836,0.19931939,-0.1525186,0.5768888,0.29445946,-0.16975735,0.3560333,0.2854521,-0.04862344,0.47064716,0.19202769,-0.111263014,0.5448565,0.33998996,-0.12282162,0.54058754,0.42176116,-0.11866651,0.32020533,0.3851596,-0.057111837,0.43845952,0.34488449,-0.11622113,0.5038507,0.46494478,-0.105899416,0.49554652,0.5209145,-0.08787225,0.3077791,0.5129967,-0.07116801,0.4130783,0.51922286,-0.10938162,0.4734279,0.584589,-0.102037214,0.4755095,0.6087126,-0.08738134,0
0.564997,0.76779324,-5.299311e-07,0.62622106,0.5949149,-0.05314048,0.6285008,0.41846025,-0.086767234,0.5859814,0.30876198,-0.11470014,0.5372356,0.24227914,-0.1325809,0.44151467,0.24676125,-0.061371658,0.53683543,0.11714253,-0.13313854,0.594495,0.23011579,-0.169273,0.59594727,0.32578653,-0.18623066,0.3800287,0.28914866,-0.06282317,0.5090844,0.18778369,-0.13064235,0.5808606,0.34188235,-0.13992111,0.5728907,0.42434278,-0.13359123,0.35023683,0.38129002,-0.07330145,0.487149,0.34425324,-0.1377598,0.54694587,0.4703283,-0.1266764,0.53092563,0.52447134,-0.107450016,0.34478158,0.5019019,-0.08851659,0.4604277,0.51427907,-0.13068496,0.5142403,0.5840646,-0.12406533,0.50920033,0.6086206,-0.109719925,0
0.5921543,0.7335103,-2.8579024e-07,0.6454032,0.6644295,-0.0892458,0.6370852,0.582172,-0.14859232,0.5941539,0.50104135,-0.19007058,0.5609328,0.39912823,-0.2179287,0.41396356,0.40770996,-0.13563071,0.51460195,0.3564263,-0.20877877,0.577169,0.46185195,-0.23261304,0.569866,0.5320546,-0.24352665,0.37885615,0.3618844,-0.12089056,0.521202,0.26222768,-0.19101241,0.6049937,0.3957905,-0.1942498,0.59086156,0.4496588,-0.18802522,0.3791983,0.37179968,-0.11282591,0.5231684,0.32780057,-0.18274583,0.5910166,0.45045376,-0.16749689,0.5645513,0.49814895,-0.14879794,0.40088785,0.4246805,-0.11037296,0.52055293,0.44583055,-0.1583237,0.57447636,0.5310569,-0.15230727,0.55809474,0.56406236,-0.14045072,0
0.5856045,0.763729,-3.9026364e-07,0.6530647,0.57714754,-0.05268356,0.66136163,0.38689476,-0.08949589,0.6374282,0.23744124,-0.12383389,0.6149378,0.13211879,-0.15295458,0.49486238,0.23178235,-0.049690694,0.58132374,0.13615328,-0.1204102,0.61563927,0.12521073,-0.16027135,0.62623626,0.13293755,-0.18140772,0.43816975,0.2909418,-0.05172278,0.5765352,0.23354279,-0.11781292,0.63474244,0.35937315,-0.12927078,0.61943734,0.42781153,-0.12617959,0.41221684,0.38653275,-0.063786454,0.56375295,0.37166327,-0.13419074,0.61161894,0.4846648,-0.1276171,0.5896742,0.5289453,-0.11079209,0.40557247,0.50624084,-0.08105511,0.54093623,0.5338527,-0.1294393,0.5914964,0.6021501,-0.1283296,0.5809759,0.6249446,-0.11760967,0
0.62183505,0.7326405,-4.653407e-07,0.67466056,0.5669767,-0.05360434,0.6813924,0.38506588,-0.09010611,0.6664016,0.23508853,-0.120057255,0.65371776,0.10983688,-0.14117984,0.5014886,0.2735114,-0.08286729,0.6405779,0.17717609,-0.15804236,0.6932111,0.30037868,-0.19274119,0.6761898,0.37174708,-0.20991154,0.45525444,0.3189329,-0.08356525,0.62683374,0.2411333,-0.15494993,0.68508273,0.39139113,-0.16091566,0.66389084,0.4624666,-0.15552102,0.4374019,0.40030318,-0.091996625,0.6103011,0.3784061,-0.1618428,0.6574115,0.5012047,-0.15023722,0.6311191,0.54918224,-0.13132295,0.4394312,0.5048238,-0.10445996,0.581717,0.52675307,-0.15145071,0.6268026,0.5988004,-0.14909095,0.6114987,0.6244969,-0.13878164,0
0.6081957,0.7486622,-3.9984135e-07,0.6657795,0.59966505,-0.060472757,0.6803626,0.43381464,-0.10188724,0.6771085,0.28308713,-0.13422303,0.6801466,0.16201857,-0.15738161,0.50881577,0.29101017,-0.09172851,0.6580874,0.18426156,-0.15874754,0.70395726,0.2529992,-0.18594494,0.69047534,0.29870617,-0.2001279,0.47175735,0.34359244,-0.08681392,0.6591291,0.27927536,-0.14961462,0.7076063,0.4069831,-0.1500078,0.67776483,0.46537364,-0.14464258,0.46298403,0.42385548,-0.08948258,0.6520158,0.3923609,-0.15189157,0.6848374,0.49960214,-0.13921885,0.6479835,0.5453664,-0.123503506,0.4724348,0.52075076,-0.09722274,0.6242178,0.51870286,-0.14185989,0.65809786,0.5852582,-0.14248186,0.6311963,0.61582386,-0.13599375,0
0.61657465,0.6315139,7.073346e-08,0.6220731,0.74624187,-0.15855996,0.61531496,0.7623917,-0.25643724,0.6343675,0.6954695,-0.31682605,0.6551192,0.64849025,-0.36488137,0.48728803,0.5637573,-0.27804944,0.6471796,0.532126,-0.35530978,0.69084114,0.60719025,-0.37241298,0.66647494,0.6316897,-0.38269222,0.49064565,0.39398843,-0.22153921,0.68419623,0.37944728,-0.29892436,0.723893,0.4971551,-0.29675266,0.6905164,0.53819174,-0.29486483,0.51847965,0.2781926,-0.16857181,0.6975645,0.2607787,-0.24122305,0.727958,0.375966,-0.227667,0.69840765,0.42602834,-0.21359119,0.55035424,0.21117356,-0.12565008,0.67470646,0.1802355,-0.18285288,0.71850467,0.2233133,-0.18846478,0.7199329,0.22959946,-0.18581018,0
0.63964313,0.7537254,-7.0527665e-07,0.6916095,0.64185447,-0.06829972,0.7045037,0.4863637,-0.10622891,0.6992818,0.34949058,-0.13215248,0.6876521,0.24856956,-0.14886077,0.5504479,0.31064308,-0.09149323,0.7283759,0.2726829,-0.14918359,0.75403225,0.35817826,-0.17703806,0.7180519,0.39661363,-0.19640742,0.51728237,0.34886658,-0.080401495,0.72112495,0.3472888,-0.13712509,0.744609,0.46809632,-0.14465173,0.70382345,0.5175074,-0.14827906,0.5078234,0.41493067,-0.07600312,0.7039601,0.4238098,-0.12680084,0.7188548,0.5291805,-0.11836813,0.67565864,0.57330567,-0.11066896,0.51236457,0.5049826,-0.07885947,0.67641807,0.5284431,-0.119188786,0.6978383,0.5970616,-0.12597464,0.6632517,0.62595737,-0.12604015,0
0.6416617,0.65459234,9.951728e-08,0.64466906,0.76071215,-0.16451049,0.63418245,0.7261488,-0.26260448,0.6307863,0.6153121,-0.31744474,0.6435018,0.50997615,-0.35951522,0.5545356,0.5619047,-0.31795704,0.6798124,0.5180641,-0.396659,0.67817116,0.5856887,-0.40913257,0.63237315,0.5878966,-0.41770744,0.5497585,0.4191426,-0.25961274,0.7240011,0.3618796,-0.3439376,0.72611064,0.44879475,-0.3397531,0.68679017,0.48535848,-0.33737218,0.56423354,0.31878257,-0.2030565,0.74088633,0.268125,-0.27707916,0.74004114,0.35332757,-0.2668193,0.7049371,0.40530536,-0.25856355,0.5870819,0.25974166,-0.15673234,0.721643,0.20950592,-0.22385393,0.74193525,0.26783103,-0.24059004,0.73103094,0.30684328,-0.24699306,0
0.65952146,0.75257564,-5.851795e-07,0.69414383,0.60051304,-0.056297265,0.6999177,0.41279435,-0.09411781,0.6945692,0.2865737,-0.11891935,0.6962142,0.19896561,-0.13550182,0.58934015,0.29778242,-0.12266487,0.7208793,0.24190459,-0.17478496,0.74940014,0.3448686,-0.18945259,0.7164012,0.4055831,-0.19920811,0.578083,0.37671477,-0.118476965,0.7479112,0.32994968,-0.17144439,0.7599284,0.43743002,-0.17164974,0.717758,0.49904165,-0.17310995,0.5842854,0.46833414,-0.11686654,0.75134355,0.43129054,-0.1619166,0.7535796,0.5153627,-0.14728189,0.7132472,0.57462096,-0.13794978,0.5982303,0.56426585,-0.12038773,0.73380774,0.5322307,-0.15627852,0.7387261,0.6000055,-0.15586704,0.7040515,0.6461836,-0.15323998,0
0.71487594,0.71126586,-3.7054286e-07,0.70733005,0.56073236,-0.057083186,0.68181884,0.3961156,-0.11790433,0.6370796,0.3036133,-0.16110466,0.6022565,0.2640201,-0.20210138,0.72945416,0.25683755,-0.20352995,0.7174571,0.21471533,-0.26198426,0.6798394,0.3078442,-0.2648693,0.65519077,0.34824744,-0.26301372,0.73540056,0.3515389,-0.20320345,0.71215487,0.30565178,-0.26221886,0.6654247,0.39490563,-0.24459788,0.6515554,0.44212466,-0.23274024,0.7185745,0.4639263,-0.20004047,0.68145365,0.44508758,-0.24768293,0.6497136,0.50636566,-0.21815303,0.65296924,0.5383638,-0.19967271,0.6880315,0.570527,-0.1985827,0.6478648,0.57133305,-0.23870422,0.63295364,0.61666447,-0.22923768,0.64436173,0.637036,-0.22006164,0
0.70307505,0.7034035,-1.4208464e-07,0.7260868,0.5554736,-0.048408903,0.7376944,0.37742537,-0.096129246,0.74866676,0.25829998,-0.13062426,0.76793593,0.15982361,-0.15977582,0.656873,0.30507037,-0.17406635,0.7721857,0.27880424,-0.24175383,0.7473253,0.33923763,-0.25903893,0.7041022,0.35687473,-0.26617387,0.6390574,0.3768723,-0.17830251,0.792,0.3755626,-0.2439431,0.7438504,0.4255656,-0.23666073,0.6967023,0.4503431,-0.22894245,0.63617575,0.4729318,-0.1815756,0.7802221,0.46861795,-0.23726544,0.72151387,0.5052506,-0.21777745,0.674961,0.51725423,-0.20201409,0.6465496,0.5806705,-0.1873616,0.7232736,0.5776426,-0.23400272,0.68391055,0.5853361,-0.23332293,0.65329707,0.5800615,-0.22800449,0
0.0,0.0,0.0,0.0,0.0,0.0,0.0,0.0,0.0,0.0,0.0,0.0,0.0,0.0,0.0,0.0,0.0,0.0,0.0,0.0,0.0,0.0,0.0,0.0,0.0,0.0,0.0,0.0,0.0,0.0,0.0,0.0,0.0,0.0,0.0,0.0,0.0,0.0,0.0,0.0,0.0,0.0,0.0,0.0,0.0,0.0,0.0,0.0,0.0,0.0,0.0,0.0,0.0,0.0,0.0,0.0,0.0,0.0,0.0,0.0,0.0,0.0,0.0,0
0.0,0.0,0.0,0.0,0.0,0.0,0.0,0.0,0.0,0.0,0.0,0.0,0.0,0.0,0.0,0.0,0.0,0.0,0.0,0.0,0.0,0.0,0.0,0.0,0.0,0.0,0.0,0.0,0.0,0.0,0.0,0.0,0.0,0.0,0.0,0.0,0.0,0.0,0.0,0.0,0.0,0.0,0.0,0.0,0.0,0.0,0.0,0.0,0.0,0.0,0.0,0.0,0.0,0.0,0.0,0.0,0.0,0.0,0.0,0.0,0.0,0.0,0.0,0
0.0,0.0,0.0,0.0,0.0,0.0,0.0,0.0,0.0,0.0,0.0,0.0,0.0,0.0,0.0,0.0,0.0,0.0,0.0,0.0,0.0,0.0,0.0,0.0,0.0,0.0,0.0,0.0,0.0,0.0,0.0,0.0,0.0,0.0,0.0,0.0,0.0,0.0,0.0,0.0,0.0,0.0,0.0,0.0,0.0,0.0,0.0,0.0,0.0,0.0,0.0,0.0,0.0,0.0,0.0,0.0,0.0,0.0,0.0,0.0,0.0,0.0,0.0,0
0.0,0.0,0.0,0.0,0.0,0.0,0.0,0.0,0.0,0.0,0.0,0.0,0.0,0.0,0.0,0.0,0.0,0.0,0.0,0.0,0.0,0.0,0.0,0.0,0.0,0.0,0.0,0.0,0.0,0.0,0.0,0.0,0.0,0.0,0.0,0.0,0.0,0.0,0.0,0.0,0.0,0.0,0.0,0.0,0.0,0.0,0.0,0.0,0.0,0.0,0.0,0.0,0.0,0.0,0.0,0.0,0.0,0.0,0.0,0.0,0.0,0.0,0.0,0
0.0,0.0,0.0,0.0,0.0,0.0,0.0,0.0,0.0,0.0,0.0,0.0,0.0,0.0,0.0,0.0,0.0,0.0,0.0,0.0,0.0,0.0,0.0,0.0,0.0,0.0,0.0,0.0,0.0,0.0,0.0,0.0,0.0,0.0,0.0,0.0,0.0,0.0,0.0,0.0,0.0,0.0,0.0,0.0,0.0,0.0,0.0,0.0,0.0,0.0,0.0,0.0,0.0,0.0,0.0,0.0,0.0,0.0,0.0,0.0,0.0,0.0,0.0,0
0.0,0.0,0.0,0.0,0.0,0.0,0.0,0.0,0.0,0.0,0.0,0.0,0.0,0.0,0.0,0.0,0.0,0.0,0.0,0.0,0.0,0.0,0.0,0.0,0.0,0.0,0.0,0.0,0.0,0.0,0.0,0.0,0.0,0.0,0.0,0.0,0.0,0.0,0.0,0.0,0.0,0.0,0.0,0.0,0.0,0.0,0.0,0.0,0.0,0.0,0.0,0.0,0.0,0.0,0.0,0.0,0.0,0.0,0.0,0.0,0.0,0.0,0.0,0
0.0,0.0,0.0,0.0,0.0,0.0,0.0,0.0,0.0,0.0,0.0,0.0,0.0,0.0,0.0,0.0,0.0,0.0,0.0,0.0,0.0,0.0,0.0,0.0,0.0,0.0,0.0,0.0,0.0,0.0,0.0,0.0,0.0,0.0,0.0,0.0,0.0,0.0,0.0,0.0,0.0,0.0,0.0,0.0,0.0,0.0,0.0,0.0,0.0,0.0,0.0,0.0,0.0,0.0,0.0,0.0,0.0,0.0,0.0,0.0,0.0,0.0,0.0,0
0.0,0.0,0.0,0.0,0.0,0.0,0.0,0.0,0.0,0.0,0.0,0.0,0.0,0.0,0.0,0.0,0.0,0.0,0.0,0.0,0.0,0.0,0.0,0.0,0.0,0.0,0.0,0.0,0.0,0.0,0.0,0.0,0.0,0.0,0.0,0.0,0.0,0.0,0.0,0.0,0.0,0.0,0.0,0.0,0.0,0.0,0.0,0.0,0.0,0.0,0.0,0.0,0.0,0.0,0.0,0.0,0.0,0.0,0.0,0.0,0.0,0.0,0.0,0
0.0,0.0,0.0,0.0,0.0,0.0,0.0,0.0,0.0,0.0,0.0,0.0,0.0,0.0,0.0,0.0,0.0,0.0,0.0,0.0,0.0,0.0,0.0,0.0,0.0,0.0,0.0,0.0,0.0,0.0,0.0,0.0,0.0,0.0,0.0,0.0,0.0,0.0,0.0,0.0,0.0,0.0,0.0,0.0,0.0,0.0,0.0,0.0,0.0,0.0,0.0,0.0,0.0,0.0,0.0,0.0,0.0,0.0,0.0,0.0,0.0,0.0,0.0,0
0.0,0.0,0.0,0.0,0.0,0.0,0.0,0.0,0.0,0.0,0.0,0.0,0.0,0.0,0.0,0.0,0.0,0.0,0.0,0.0,0.0,0.0,0.0,0.0,0.0,0.0,0.0,0.0,0.0,0.0,0.0,0.0,0.0,0.0,0.0,0.0,0.0,0.0,0.0,0.0,0.0,0.0,0.0,0.0,0.0,0.0,0.0,0.0,0.0,0.0,0.0,0.0,0.0,0.0,0.0,0.0,0.0,0.0,0.0,0.0,0.0,0.0,0.0,0
0.0,0.0,0.0,0.0,0.0,0.0,0.0,0.0,0.0,0.0,0.0,0.0,0.0,0.0,0.0,0.0,0.0,0.0,0.0,0.0,0.0,0.0,0.0,0.0,0.0,0.0,0.0,0.0,0.0,0.0,0.0,0.0,0.0,0.0,0.0,0.0,0.0,0.0,0.0,0.0,0.0,0.0,0.0,0.0,0.0,0.0,0.0,0.0,0.0,0.0,0.0,0.0,0.0,0.0,0.0,0.0,0.0,0.0,0.0,0.0,0.0,0.0,0.0,0
0.0,0.0,0.0,0.0,0.0,0.0,0.0,0.0,0.0,0.0,0.0,0.0,0.0,0.0,0.0,0.0,0.0,0.0,0.0,0.0,0.0,0.0,0.0,0.0,0.0,0.0,0.0,0.0,0.0,0.0,0.0,0.0,0.0,0.0,0.0,0.0,0.0,0.0,0.0,0.0,0.0,0.0,0.0,0.0,0.0,0.0,0.0,0.0,0.0,0.0,0.0,0.0,0.0,0.0,0.0,0.0,0.0,0.0,0.0,0.0,0.0,0.0,0.0,0
0.6010594,0.7604256,-1.1824936e-06,0.6069516,0.5933134,-0.04848442,0.64575535,0.41983858,-0.091464445,0.68981993,0.2931789,-0.13182831,0.7188747,0.19117022,-0.16596311,0.8231326,0.40276408,-0.10339149,0.8306397,0.17482552,-0.17452879,0.72552985,0.1748142,-0.1978657,0.6466907,0.21446347,-0.20141569,0.8320932,0.537458,-0.11325587,0.8076176,0.25877103,-0.1885492,0.6757622,0.26822227,-0.19591457,0.5904056,0.32920647,-0.18346322,0.8025707,0.6777823,-0.12731677,0.7355561,0.43657392,-0.20952022,0.60737646,0.43231818,-0.19731985,0.5340853,0.4707269,-0.16937397,0.74991745,0.8193585,-0.14342882,0.67463934,0.69882536,-0.20956841,0.5983457,0.68776476,-0.2051508,0.5564947,0.70967317,-0.1846461,0
0.5932205,0.79932916,-1.2752926e-06,0.55548954,0.77917325,-0.07660115,0.5654688,0.74757534,-0.12691854,0.6027329,0.66827,-0.16742395,0.62780213,0.56510663,-0.20198366,0.72976184,0.56421036,-0.113918416,0.70580983,0.3659894,-0.18588598,0.59765697,0.3822835,-0.21527246,0.5351784,0.44462043,-0.22559477,0.7680691,0.5187214,-0.10500313,0.72154766,0.29745293,-0.17492622,0.5919932,0.33248365,-0.1748395,0.5321957,0.4157377,-0.159695,0.7691546,0.5032614,-0.1043252,0.70212615,0.31908014,-0.17780535,0.5745406,0.35976508,-0.15318145,0.5190929,0.4347927,-0.11945905,0.74602336,0.50818783,-0.108986385,0.6604145,0.38576794,-0.16567788,0.5643105,0.4084481,-0.15376212,0.5216656,0.46764463,-0.12980027,0
0.61191285,0.80002284,-9.342399e-07,0.5769861,0.861203,-0.089711025,0.54119337,0.8248651,-0.15358645,0.5105022,0.6968919,-0.2005439,0.510652,0.57008296,-0.24259043,0.68558764,0.6885143,-0.17406838,0.6169105,0.5133701,-0.23967995,0.5238131,0.5299649,-0.2604887,0.47599718,0.58004344,-0.2705732,0.72993386,0.574038,-0.15539713,0.6481776,0.35899287,-0.2221498,0.54062593,0.38854828,-0.22251512,0.49467728,0.46687165,-0.21733108,0.7408169,0.4918649,-0.1406288,0.66251504,0.29353198,-0.20742388,0.5625799,0.3411607,-0.19279653,0.5155314,0.42389837,-0.1749222,0.73355776,0.43771714,-0.13034973,0.6564966,0.30537534,-0.19318998,0.58396363,0.32111517,-0.19502005,0.5521588,0.37458527,-0.18478665,0
0.0,0.0,0.0,0.0,0.0,0.0,0.0,0.0,0.0,0.0,0.0,0.0,0.0,0.0,0.0,0.0,0.0,0.0,0.0,0.0,0.0,0.0,0.0,0.0,0.0,0.0,0.0,0.0,0.0,0.0,0.0,0.0,0.0,0.0,0.0,0.0,0.0,0.0,0.0,0.0,0.0,0.0,0.0,0.0,0.0,0.0,0.0,0.0,0.0,0.0,0.0,0.0,0.0,0.0,0.0,0.0,0.0,0.0,0.0,0.0,0.0,0.0,0.0,0
0.57889605,0.9521955,-1.0807162e-06,0.63788235,0.7847843,-0.011630989,0.65947354,0.59032416,-0.04082605,0.63875115,0.43704614,-0.07598115,0.59482145,0.3471621,-0.1096329,0.7175969,0.4396166,-0.07062979,0.693501,0.13696508,-0.13214429,0.62424827,0.15682591,-0.15114342,0.5901414,0.24508655,-0.15491426,0.68385136,0.5010609,-0.096055456,0.6162126,0.22046235,-0.16313,0.5243208,0.2817782,-0.16011077,0.4922254,0.37824613,-0.14381228,0.62968224,0.5830517,-0.124350205,0.53351194,0.36855155,-0.1861099,0.45956331,0.43226308,-0.16419056,0.44805688,0.51401746,-0.13590392,0.56705123,0.6729566,-0.15279628,0.47139567,0.53931695,-0.19265372,0.4364893,0.56710124,-0.1786821,0.44576535,0.61499983,-0.1588036,0
0.5322581,0.9529091,1.3590906e-08,0.63034314,0.75215375,-0.009888152,0.68110543,0.5835035,-0.0349012,0.6877961,0.46544296,-0.066116296,0.6413352,0.40504602,-0.091792785,0.5696365,0.31863874,-0.05758293,0.622877,0.13709834,-0.1099872,0.6589135,0.25270504,-0.1327436,0.65807986,0.36708763,-0.14021201,0.5041103,0.38125122,-0.08475784,0.5615082,0.2589395,-0.13996944,0.6127117,0.41111416,-0.15153968,0.6160047,0.51984906,-0.15246831,0.4472854,0.48669472,-0.1135201,0.49615133,0.3936908,-0.1585306,0.55224454,0.5208439,-0.147055,0.56457937,0.610427,-0.13256401,0.39769518,0.616811,-0.14389598,0.42080742,0.568251,-0.17186065,0.48127007,0.6132531,-0.16220558,0.51421934,0.65579623,-0.15005074,0
0.57634526,0.92686146,-2.4502654e-07,0.6290681,0.71923846,-0.026532939,0.6483727,0.52991194,-0.059972163,0.630255,0.42102236,-0.09657219,0.5802809,0.37705323,-0.1269289,0.5171913,0.27815375,-0.050817724,0.5838109,0.15426758,-0.109414846,0.62353736,0.28845537,-0.1389639,0.6139609,0.38802612,-0.15272333,0.44574174,0.34709606,-0.07173138,0.5215491,0.2389056,-0.1261926,0.5782827,0.40091524,-0.13953102,0.5680876,0.47308064,-0.14226696,0.38935822,0.46226522,-0.09704579,0.45896563,0.38713855,-0.15166694,0.52024746,0.52856505,-0.14033392,0.5122811,0.5827052,-0.12508509,0.34707034,0.6154507,-0.12411792,0.39085189,0.5576574,-0.15708803,0.45376763,0.6229706,-0.13892147,0.47141635,0.65688014,-0.120320834,0
0.55449903,0.8549433,-2.9643437e-07,0.6044508,0.6564343,-0.034296524,0.61447203,0.43096122,-0.05650704,0.5720472,0.30527422,-0.079134636,0.5205918,0.23755133,-0.095369644,0.4743671,0.28927186,-0.034184173,0.5135899,0.14604288,-0.09713974,0.56083757,0.25099865,-0.12930015,0.5709717,0.3452878,-0.14174138,0.4024011,0.36275697,-0.045675434,0.4645008,0.22992659,-0.10759242,0.5319576,0.39186174,-0.12216675,0.53261983,0.48246568,-0.119872354,0.3476851,0.47404727,-0.06448179,0.41174042,0.37653095,-0.13119009,0.48007917,0.5185115,-0.119512334,0.47867975,0.59171444,-0.09707499,0.30312884,0.622103,-0.08495471,0.3407853,0.55324805,-0.12903455,0.415467,0.61330944,-0.111912064,0.44282457,0.6487273,-0.088475645,0
0.5290587,0.8376623,-3.427823e-07,0.5830618,0.67816365,-0.045647103,0.5976053,0.4474724,-0.06972009,0.5625265,0.30840504,-0.09146661,0.5145895,0.23230502,-0.104709335,0.4553848,0.28553942,-0.033010166,0.46770447,0.14215145,-0.09910086,0.5135393,0.22822967,-0.12946185,0.53075963,0.32243484,-0.13810319,0.37987748,0.3642999,-0.03783067,0.414343,0.22293538,-0.10699483,0.49003607,0.38581645,-0.12113704,0.49185893,0.47917733,-0.11450815,0.32173318,0.48122796,-0.051896285,0.3538447,0.37882787,-0.12666567,0.43406048,0.5190419,-0.11234709,0.43815878,0.5934477,-0.084319286,0.2737496,0.6358412,-0.06816264,0.2897051,0.5591083,-0.11760661,0.36750266,0.6161544,-0.09947097,0.39157408,0.6473956,-0.07287896,0
0.4902112,0.8509696,-4.1695637e-07,0.5398508,0.6861816,-0.04619691,0.54391026,0.4339539,-0.06377871,0.49614507,0.3029605,-0.07876607,0.4386145,0.23811007,-0.08232987,0.43054178,0.2746373,-0.018441593,0.431457,0.12838238,-0.08542007,0.4763534,0.24437177,-0.112940855,0.4837436,0.33079535,-0.118972406,0.3501256,0.35979778,-0.0211891,0.36427182,0.22214714,-0.08811034,0.44252104,0.3952186,-0.09579919,0.4383983,0.459668,-0.08355016,0.28651306,0.47898847,-0.035626158,0.3058268,0.38981688,-0.10882962,0.38953662,0.5296904,-0.08889529,0.38761806,0.5767976,-0.056854043,0.2308484,0.62665343,-0.0527731,0.24227309,0.5530682,-0.09668513,0.32146746,0.61723083,-0.07350582,0.33983222,0.63928455,-0.043667857,0
0.4592576,0.843796,-4.0473674e-07,0.49730724,0.65731716,-0.04374217,0.4792984,0.40636805,-0.058456857,0.44987172,0.25939056,-0.07161907,0.41656023,0.1598391,-0.07379339,0.37725613,0.26710337,-0.013171611,0.38432562,0.14178798,-0.07876113,0.43006575,0.2611525,-0.10875157,0.43117064,0.34769917,-0.118164256,0.30150783,0.34887335,-0.016370686,0.3150444,0.22867513,-0.08205588,0.39493477,0.39796236,-0.0909266,0.39188534,0.46265453,-0.081120424,0.24256478,0.4710195,-0.03115662,0.25725943,0.38960493,-0.10266471,0.3413235,0.52585036,-0.08284748,0.3389085,0.5721878,-0.052259736,0.19146538,0.6200144,-0.048685685,0.20508535,0.5582133,-0.09213461,0.27909678,0.6207433,-0.070365615,0.29076535,0.641204,-0.04283958,0
0.4392196,0.81899726,-4.7330406e-07,0.47178122,0.64512086,-0.045476064,0.44960088,0.38536704,-0.060006164,0.41628563,0.22681898,-0.071652405,0.38776693,0.1331735,-0.071140535,0.32814187,0.26340806,-0.019443158,0.32939553,0.14742622,-0.07680585,0.38097093,0.29214218,-0.09586257,0.36997303,0.35649225,-0.100567974,0.25712055,0.3627247,-0.020651089,0.26335993,0.23718065,-0.08646936,0.35035965,0.40965658,-0.09149435,0.33732745,0.45767236,-0.07934734,0.20567113,0.49001962,-0.03150798,0.20445547,0.39446276,-0.10289623,0.30230775,0.5291017,-0.07522334,0.30008608,0.5737019,-0.03975216,0.15957828,0.6328492,-0.044894367,0.16074982,0.55873775,-0.08765234,0.24212874,0.6219915,-0.06114523,0.25503522,0.64665735,-0.030277623,0
0.41199452,0.8167584,-5.2727563e-07,0.44507167,0.6563381,-0.047560506,0.42708385,0.3996411,-0.061443117,0.39326787,0.23611313,-0.07279558,0.36405382,0.12654617,-0.071143426,0.30135503,0.25073594,-0.0065946365,0.2863425,0.14178273,-0.06795496,0.33916846,0.2836193,-0.09112324,0.33979735,0.3594358,-0.095333725,0.22985215,0.35247934,-0.006277214,0.21896818,0.23789772,-0.07252851,0.31149653,0.4058516,-0.0749915,0.3161094,0.4624179,-0.057640754,0.17608221,0.48583364,-0.018192984,0.15973726,0.4043264,-0.09210734,0.26638663,0.54079354,-0.06260346,0.2814522,0.59108937,-0.02167667,0.12843256,0.64045495,-0.033132885,0.11552721,0.5740665,-0.076345704,0.1994199,0.6382656,-0.04807047,0.2200745,0.66287327,-0.012998138,0
0.39886346,0.8288416,-5.20935e-07,0.4297111,0.6659634,-0.056745443,0.41152155,0.4181747,-0.07798264,0.37808257,0.24135439,-0.09512116,0.3444748,0.12488142,-0.09839438,0.2773761,0.24967627,-0.023795007,0.25189418,0.14557165,-0.08994293,0.31184372,0.29221746,-0.115528576,0.31411967,0.36761743,-0.12222421,0.20198382,0.3633961,-0.021801617,0.18021128,0.24323681,-0.097184494,0.28269252,0.4084264,-0.10535898,0.2894027,0.46501884,-0.09095878,0.14937127,0.5027229,-0.03131118,0.120683655,0.4143837,-0.11030879,0.2370756,0.5435156,-0.08103407,0.2553111,0.5950504,-0.039559826,0.10739553,0.6591449,-0.044819582,0.08743575,0.5938314,-0.092578724,0.17269644,0.6459917,-0.0660093,0.19541717,0.6668755,-0.03142847,0
0.36454758,0.84656,-5.3459394e-07,0.40599692,0.6744294,-0.058615543,0.39031303,0.43688008,-0.08481799,0.3586564,0.25662458,-0.10771952,0.3257896,0.13048166,-0.11681724,0.2412979,0.25053596,-0.023372937,0.22407027,0.14284116,-0.09746703,0.28566545,0.28862584,-0.12808996,0.2967265,0.37693968,-0.13578239,0.16193715,0.35572717,-0.022586286,0.15221661,0.24427637,-0.100851685,0.25485447,0.4116845,-0.107712165,0.26502457,0.4711914,-0.09132669,0.10375136,0.4948265,-0.03510654,0.095559105,0.41961527,-0.120043196,0.21208057,0.5561391,-0.09206188,0.23248655,0.60645014,-0.049507752,0.06035331,0.65682995,-0.05172295,0.056276232,0.5972393,-0.10507349,0.14559045,0.6594393,-0.08033771,0.16774756,0.6857774,-0.045287926,0
0.3449298,0.85578406,-5.175204e-07,0.38551706,0.683508,-0.057764888,0.36968786,0.43989113,-0.0828664,0.3392081,0.2525096,-0.10546439,0.30222636,0.12535325,-0.11407461,0.22507325,0.27075106,-0.020419672,0.19724019,0.14421642,-0.098384984,0.25761935,0.28508833,-0.1312505,0.27474424,0.37771687,-0.13871615,0.14571127,0.3729906,-0.019522808,0.12728238,0.25092843,-0.10312037,0.22807802,0.4223508,-0.11301683,0.24284126,0.49046394,-0.09698169,0.084553495,0.5102571,-0.032282766,0.07264395,0.4353462,-0.11960231,0.18502046,0.576333,-0.091945805,0.2078932,0.63002324,-0.048029147,0.035408422,0.67067456,-0.049082503,0.031889632,0.6111058,-0.10075693,0.1198938,0.67433536,-0.07518021,0.14178798,0.70049095,-0.0392356,0
0.32371926,0.8687836,-5.487414e-07,0.36291322,0.6871561,-0.05820476,0.34826216,0.4456885,-0.08305682,0.3172999,0.2531924,-0.10472585,0.2777678,0.12606865,-0.11227082,0.19060537,0.25735688,-0.020636383,0.16592248,0.15197262,-0.09797135,0.23392916,0.30248937,-0.13298829,0.25681254,0.3958113,-0.14244285,0.10564599,0.36044115,-0.01932241,0.092270106,0.26062068,-0.10138456,0.19615756,0.43300688,-0.112850085,0.21978952,0.49915665,-0.09817717,0.042965025,0.5007604,-0.031538222,0.028813317,0.43923613,-0.11676466,0.14649665,0.57908255,-0.09183032,0.18368405,0.6306294,-0.050392255,-0.00025770068,0.6668755,-0.048109822,-0.0044997036,0.62205696,-0.10290505,0.088205785,0.6889365,-0.08144629,0.12358057,0.7125224,-0.0472535,0
0.31298637,0.86983967,-5.1735685e-07,0.3494194,0.69436115,-0.058969606,0.3316099,0.45000413,-0.08408565,0.2929174,0.26288152,-0.10555596,0.2544624,0.13305682,-0.11352763,0.17114162,0.28259623,-0.029758098,0.13680993,0.1572567,-0.108384475,0.21008798,0.29541543,-0.14251322,0.24142376,0.39356917,-0.1505419,0.088707834,0.3887522,-0.028416667,0.058637418,0.2643634,-0.11196774,0.168011,0.42682308,-0.12214571,0.20085745,0.50498515,-0.1056586,0.028352886,0.53040856,-0.040388122,-0.0036318898,0.44629735,-0.12396701,0.11680578,0.5726893,-0.09868081,0.1597004,0.62801033,-0.05704669,-0.011100426,0.7007677,-0.056654047,-0.02415061,0.6464781,-0.109342165,0.06747383,0.6966239,-0.0882681,0.105985194,0.71567863,-0.05510634,0
0.2894197,0.87238705,-5.3477737e-07,0.33327955,0.6988105,-0.057270963,0.3107522,0.44598246,-0.08060677,0.26669633,0.26299116,-0.10064157,0.22610849,0.1351088,-0.1085333,0.13900627,0.28534758,-0.031596985,0.098507345,0.14538708,-0.1112036,0.17726573,0.27753288,-0.1494465,0.22128649,0.38537496,-0.15945962,0.05787485,0.39478147,-0.029222453,0.023326978,0.26633605,-0.11107564,0.13062309,0.40751225,-0.12659901,0.17599632,0.49215212,-0.11474968,4.376471e-05,0.5422589,-0.03959008,-0.031452373,0.4616198,-0.11906698,0.085706666,0.5671389,-0.10121988,0.13879187,0.6232935,-0.065639235,-0.035705894,0.7146555,-0.05416173,-0.05050336,0.65764034,-0.10331864,0.036957726,0.69548285,-0.086367324,0.07996938,0.7153326,-0.05712873,0
0.25838834,0.90566254,-5.3470166e-07,0.31025952,0.73006886,-0.0472584,0.28709352,0.46027496,-0.06454324,0.241563,0.27420253,-0.08100892,0.19976816,0.14133555,-0.08976024,0.10929158,0.32373148,-0.020486053,0.07345566,0.14827886,-0.086505055,0.15141955,0.25343865,-0.12365941,0.19601808,0.376961,-0.13537367,0.02944228,0.41900003,-0.020651694,-0.0037723035,0.25813305,-0.0859497,0.10262926,0.37933278,-0.10515195,0.15203027,0.49446797,-0.10000684,-0.029791147,0.55300033,-0.03156228,-0.057323888,0.4327948,-0.09981966,0.05610229,0.52963513,-0.09186865,0.111257665,0.6206929,-0.066004954,-0.0695937,0.71759695,-0.045187924,-0.08600682,0.6077575,-0.09253263,0.009440459,0.64251435,-0.079285406,0.066952676,0.69423354,-0.05436871,0
0.2502114,0.92086256,-5.792509e-07,0.3024396,0.7295005,-0.039843373,0.2721218,0.45540226,-0.053343035,0.22292471,0.27308995,-0.06849847,0.17599371,0.14123377,-0.07712922,0.095511295,0.34084028,-0.009045021,0.05567153,0.15489134,-0.069704525,0.13184865,0.25103924,-0.1088229,0.17745584,0.38001126,-0.12343556,0.0235833,0.43637156,-0.012639208,-0.017212518,0.25617683,-0.07166582,0.086214945,0.3670542,-0.095020026,0.13917427,0.49567634,-0.09509638,-0.03151591,0.5669621,-0.026150992,-0.06884211,0.4108964,-0.08637163,0.044116065,0.4953065,-0.077662684,0.10385095,0.59964037,-0.053958796,-0.072208285,0.731129,-0.0427113,-0.09520246,0.59373933,-0.08783411,-0.0016006529,0.62534314,-0.07403199,0.05689342,0.69163024,-0.050053965,0
0.25367337,0.9619489,-5.6923625e-07,0.2962308,0.7401098,-0.041214716,0.2587146,0.46176597,-0.055373818,0.20502841,0.28079855,-0.07112672,0.15797189,0.14496395,-0.08043132,0.08877057,0.36971685,-0.009679818,0.043922566,0.18869206,-0.070196085,0.12221228,0.27745253,-0.11137788,0.17408264,0.40603805,-0.12789173,0.021076784,0.47579104,-0.011868711,-0.024888717,0.30501217,-0.06858505,0.07530445,0.40536433,-0.0951765,0.13032272,0.5319465,-0.09964118,-0.026904926,0.61277264,-0.023989908,-0.073050305,0.472408,-0.07830087,0.030933052,0.5432585,-0.070429884,0.08883812,0.6416326,-0.050119188,-0.06037964,0.7803236,-0.039688226,-0.09720956,0.6548843,-0.07832874,-0.014034577,0.672306,-0.063163094,0.04112291,0.72946185,-0.040275704,0
0.2564016,0.96465,-5.657335e-07,0.29839912,0.7394824,-0.03762731,0.26236773,0.4655467,-0.050443456,0.20395309,0.28858972,-0.06537017,0.15652144,0.1480892,-0.07388292,0.0930354,0.37874085,-0.0053103045,0.037453827,0.20237216,-0.061550494,0.11203487,0.28623903,-0.1004454,0.16406843,0.41129273,-0.11571477,0.028478056,0.49154112,-0.0067569483,-0.028205387,0.34158695,-0.058524527,0.06250283,0.42165732,-0.0860806,0.118440926,0.53285325,-0.09305286,-0.016781032,0.62923265,-0.017648244,-0.0695476,0.5028601,-0.066475846,0.02413889,0.5604121,-0.061370756,0.07901161,0.649893,-0.044852234,-0.046954088,0.7888945,-0.031992055,-0.08680352,0.66700196,-0.06429494,-0.012863547,0.6861919,-0.050318293,0.037350763,0.7451391,-0.030106733,0
0.27287492,0.9825163,-4.770851e-07,0.3078904,0.7417589,-0.03251494,0.26467055,0.47306576,-0.043268766,0.20299731,0.29779214,-0.05642455,0.1535677,0.15774286,-0.06441791,0.10077025,0.41660306,0.0021501116,0.04399551,0.25274903,-0.046840552,0.10444434,0.32068622,-0.08508758,0.1504039,0.42237228,-0.102790445,0.042330235,0.5368354,0.0006107786,-0.016259536,0.39382827,-0.043663066,0.056258004,0.45878696,-0.07186071,0.10442744,0.55472094,-0.0823221,0.0013505444,0.67345965,-0.009394617,-0.056346856,0.54405016,-0.04872006,0.019850984,0.59105945,-0.04374696,0.067851335,0.67236984,-0.030653523,-0.024463467,0.8219259,-0.02267256,-0.0753564,0.71123856,-0.047097553,-0.016479708,0.7228054,-0.03224436,0.02756882,0.7710006,-0.013353322,0
0.27563503,0.93843067,-4.532193e-07,0.31135082,0.7280786,-0.038476713,0.2686467,0.4702183,-0.05495596,0.20753738,0.2978422,-0.07222098,0.15286614,0.16185445,-0.083068565,0.09711426,0.39455894,-0.015686685,0.03807407,0.21702778,-0.074475974,0.11020211,0.2906991,-0.1130289,0.16395481,0.41177437,-0.12741435,0.0375695,0.5020847,-0.016403792,-0.020610206,0.3431682,-0.06843262,0.06971146,0.4183262,-0.09183978,0.12464687,0.5262522,-0.09604253,-0.004751019,0.63628596,-0.026066346,-0.0583302,0.49852926,-0.07449237,0.03571246,0.5507685,-0.063810244,0.08927725,0.63624084,-0.04376685,-0.033084877,0.7957059,-0.03893723,-0.072663866,0.67411256,-0.07110321,0.0027192086,0.6873341,-0.053858142,0.051703133,0.74168766,-0.031047553,0
0.29811114,0.95917046,-4.4250817e-07,0.3250609,0.7402712,-0.042628407,0.2787443,0.47405154,-0.062287394,0.21489751,0.3029888,-0.081852175,0.15368733,0.17088771,-0.09525855,0.097294636,0.413036,-0.0258485,0.048891544,0.23448628,-0.08765141,0.12693925,0.30943966,-0.1253884,0.18502815,0.43089586,-0.13883159,0.031716906,0.5397162,-0.026402732,-0.01808548,0.38057238,-0.08304859,0.08438442,0.45474035,-0.1073839,0.14705501,0.56414664,-0.11140312,-0.011572219,0.6938166,-0.03558372,-0.062742,0.5695863,-0.08866974,0.043454826,0.6185764,-0.079406165,0.10646554,0.7020299,-0.05972314,-0.034712188,0.87292314,-0.04774601,-0.075722806,0.76653177,-0.08490057,0.0063539296,0.76977646,-0.069220796,0.06315321,0.8148467,-0.04652168,0
0.32728603,0.93630683,-5.494843e-07,0.3555574,0.75352144,-0.052782826,0.29986423,0.47659618,-0.07676976,0.23422322,0.2945438,-0.09952017,0.17623971,0.1644173,-0.11320471,0.10411614,0.37509423,-0.032072075,0.055122368,0.19062027,-0.11107831,0.14456789,0.28493464,-0.15362887,0.20539449,0.4045899,-0.16692366,0.03513623,0.5167817,-0.03476515,-0.014877707,0.34287307,-0.11277936,0.108091705,0.44203055,-0.1329008,0.17493069,0.5454865,-0.12622729,-0.0080110505,0.6956415,-0.049581468,-0.05075232,0.5786467,-0.12841776,0.07703001,0.6328616,-0.117501445,0.14547154,0.69992757,-0.087989494,-0.02802784,0.9021152,-0.06747082,-0.06102214,0.79881674,-0.12085463,0.038539954,0.80037594,-0.10425757,0.1005826,0.83443314,-0.07604237,0
0.33676124,0.95483464,-6.1045284e-07,0.36856443,0.7538067,-0.05849938,0.31405467,0.47411227,-0.08843337,0.25330523,0.27624673,-0.11763127,0.18897074,0.13538018,-0.13722281,0.09489448,0.34041107,-0.025798716,0.07059248,0.16873747,-0.11473243,0.16527244,0.25870305,-0.16627882,0.23464377,0.38245457,-0.18339877,0.01979459,0.47860613,-0.027927658,0.001459375,0.29483807,-0.11579682,0.13808692,0.40502447,-0.14026223,0.21560434,0.52621007,-0.1323656,-0.024585515,0.66069573,-0.043917824,-0.031559408,0.5348159,-0.134887,0.11148946,0.6131952,-0.12486644,0.18826044,0.7016058,-0.09051604,-0.040072292,0.8706194,-0.063479304,-0.040078714,0.7585706,-0.12485043,0.07071678,0.7707811,-0.10824462,0.1355059,0.8135487,-0.076016665,0
0.35983977,0.99010444,-7.575245e-07,0.39434713,0.78276783,-0.06123085,0.3442402,0.48274702,-0.09432641,0.28621465,0.2724268,-0.12741685,0.21999043,0.12497595,-0.15051,0.118904255,0.31916538,-0.026969181,0.10335164,0.14850625,-0.12158251,0.20390907,0.2525728,-0.17754239,0.27094796,0.38796225,-0.19729662,0.03932395,0.4556952,-0.030755023,0.03363493,0.26898423,-0.121663384,0.17621188,0.39301676,-0.14800195,0.24874339,0.5265328,-0.14173043,-0.007751368,0.6413465,-0.04917522,-0.007809885,0.5061384,-0.14470778,0.14343974,0.59753084,-0.13325696,0.22081816,0.6980966,-0.09732366,-0.02577404,0.86083794,-0.07161043,-0.022336788,0.7407998,-0.1378738,0.09462601,0.7577367,-0.120764315,0.16037896,0.80641633,-0.08707095,0
0.42996374,0.93478036,-7.6587105e-07,0.45729396,0.71696216,-0.0573534,0.3939817,0.42165604,-0.08565422,0.3217368,0.22572035,-0.11493468,0.24724764,0.09249079,-0.1338559,0.19261795,0.29409552,-0.028421517,0.15463746,0.1159485,-0.12458688,0.25901407,0.2198365,-0.17462401,0.3245663,0.35165155,-0.18947363,0.11107521,0.44222513,-0.03647397,0.0708363,0.2302008,-0.13224067,0.22397184,0.35895675,-0.15335886,0.29587328,0.4901454,-0.14098184,0.05895427,0.6320546,-0.058994245,0.0355196,0.4842083,-0.1619097,0.19555643,0.5815841,-0.14532731,0.26729512,0.6805351,-0.103163086,0.032764368,0.85697937,-0.084595405,0.015376151,0.73342556,-0.15509579,0.13521172,0.75211275,-0.13371524,0.19600725,0.79861206,-0.09629273,0
0.4706058,0.9416689,-9.826381e-07,0.49608612,0.696262,-0.051473666,0.4218463,0.40337765,-0.07246471,0.33659166,0.23566964,-0.09508847,0.2560768,0.13303778,-0.1059192,0.23490469,0.28728017,-0.015550197,0.20637327,0.09425646,-0.109146036,0.313253,0.21018243,-0.15443492,0.3737835,0.33629945,-0.16720836,0.15400845,0.42627373,-0.025097886,0.12703222,0.20751745,-0.120151006,0.28166354,0.36015537,-0.13602233,0.34311402,0.48851255,-0.11887248,0.10016768,0.6076855,-0.049820684,0.085613914,0.45489836,-0.1541812,0.24762344,0.5740629,-0.13338138,0.3058021,0.67268986,-0.088071436,0.06874418,0.82508636,-0.077413715,0.07335925,0.7065761,-0.14700995,0.19574192,0.74401146,-0.12383303,0.24047196,0.79189265,-0.085685246,0
0.50233686,0.95727,-1.0133108e-06,0.53794616,0.71684444,-0.054678064,0.47194815,0.4084044,-0.07183553,0.38169277,0.26741204,-0.08858587,0.2971365,0.18583837,-0.092282705,0.2826055,0.28838632,-0.012354255,0.26274335,0.0974969,-0.10313713,0.37462562,0.2063725,-0.14448251,0.42535275,0.32861936,-0.15505256,0.2114428,0.41876948,-0.021601709,0.17348394,0.19198427,-0.11369999,0.3318443,0.34341246,-0.12558098,0.38401645,0.47074127,-0.10551297,0.16806212,0.594949,-0.046522208,0.14451417,0.44583505,-0.14779058,0.30559093,0.5644516,-0.120272405,0.3484397,0.6595917,-0.0712822,0.14160004,0.81704926,-0.07475534,0.14132938,0.70066583,-0.13793245,0.26098773,0.72924876,-0.107060224,0.29492632,0.7661485,-0.06508607,0
0.52650255,0.977743,-7.4198385e-07,0.57433593,0.75082755,-0.05108396,0.5503627,0.48433152,-0.07657263,0.48113334,0.40173465,-0.10358637,0.39448413,0.3671313,-0.11906765,0.33481538,0.29052067,-0.016543217,0.32373247,0.07038489,-0.10505478,0.42413878,0.18807232,-0.15208362,0.46762675,0.32594937,-0.16895084,0.25861222,0.41484314,-0.030204693,0.22857913,0.16891354,-0.11891565,0.37874928,0.3228711,-0.13816112,0.43266693,0.45410287,-0.12626056,0.21292576,0.59039354,-0.057907004,0.19718538,0.4243076,-0.14721021,0.35669875,0.5405998,-0.121936046,0.40230525,0.63200665,-0.07950473,0.18728352,0.81760097,-0.08964435,0.19777885,0.6902176,-0.14261858,0.31357452,0.7157815,-0.111525714,0.34865928,0.74303603,-0.07325433,0
0.56872404,0.9673139,-5.4662314e-07,0.6138569,0.7552945,-0.058094803,0.61452127,0.5099571,-0.10380185,0.5899588,0.39821798,-0.15046827,0.5316214,0.3940735,-0.18677334,0.37415212,0.29347098,-0.05856753,0.3688038,0.06824878,-0.15446211,0.47677815,0.18414211,-0.20730913,0.52037406,0.3154174,-0.22895798,0.3015849,0.41856286,-0.07229141,0.28624332,0.18314415,-0.16266735,0.43290782,0.31520787,-0.18871868,0.4805292,0.4371537,-0.18779218,0.25877014,0.5887169,-0.09731313,0.24650458,0.43048894,-0.18152264,0.3993829,0.51992303,-0.1656786,0.44916043,0.60112655,-0.13566919,0.23781133,0.8036819,-0.12715697,0.24935713,0.69337195,-0.17808811,0.36296102,0.70272815,-0.15575494,0.40997654,0.728299,-0.12739101,0
0.6090597,0.9301642,-5.1985796e-07,0.64062095,0.7314235,-0.047137007,0.639425,0.49668282,-0.0913498,0.6126436,0.40457508,-0.1378646,0.56310236,0.39328134,-0.17491756,0.4327165,0.3142792,-0.06040069,0.4180495,0.0732598,-0.15568094,0.5206805,0.1827181,-0.20366481,0.5642798,0.3134172,-0.22128531,0.3667531,0.43362996,-0.07978872,0.3442679,0.15326288,-0.17110948,0.48559678,0.29555583,-0.19087197,0.52944183,0.4299605,-0.18324782,0.32574123,0.5938039,-0.10888997,0.3180892,0.41533643,-0.19508879,0.46055445,0.5200014,-0.17370693,0.49975884,0.6112121,-0.1380451,0.30276483,0.79816747,-0.14119114,0.31516808,0.6824459,-0.19169617,0.4249808,0.6965778,-0.16410469,0.46495777,0.72545,-0.13141164,0
0.6464268,0.90256464,-6.391371e-07,0.67168677,0.6968611,-0.05008079,0.65183365,0.47953355,-0.09280049,0.60757995,0.37430358,-0.13657077,0.54728246,0.32162702,-0.16913739,0.45504084,0.28509992,-0.0579164,0.4578774,0.06815073,-0.15474461,0.55929303,0.18205538,-0.20496652,0.6066126,0.323725,-0.22375289,0.38855368,0.4014429,-0.07419259,0.41131425,0.16252026,-0.16574182,0.5447066,0.30965918,-0.18513173,0.5794971,0.44009864,-0.17870644,0.34795612,0.5625448,-0.10181454,0.38125598,0.40684295,-0.19056836,0.5106789,0.5115237,-0.17404512,0.5404213,0.59896404,-0.14292274,0.32756498,0.76826406,-0.13308412,0.37439072,0.67064863,-0.18960065,0.48110157,0.6912038,-0.16951202,0.5154845,0.7184392,-0.14146717,0
0.66616404,0.89307076,-3.977426e-07,0.6965912,0.7239261,-0.04925711,0.69465995,0.56304747,-0.09921067,0.6698169,0.4724963,-0.15079954,0.61524963,0.4195627,-0.19245227,0.48639843,0.3187363,-0.06354141,0.5006217,0.08790764,-0.16209663,0.5989203,0.17797902,-0.21841027,0.654009,0.31776208,-0.23992209,0.42049643,0.41783443,-0.079970844,0.45670182,0.1562756,-0.17068692,0.58070457,0.28912392,-0.19487461,0.62388694,0.43687165,-0.1907943,0.3775741,0.57016575,-0.10679145,0.43112704,0.40699798,-0.19002971,0.5462266,0.51001334,-0.18072195,0.5759342,0.6087403,-0.15413396,0.35533178,0.7644242,-0.13721193,0.41687962,0.65955687,-0.18864526,0.5185142,0.6851155,-0.1709538,0.55557096,0.7225158,-0.14413176,0
0.6910248,0.8848243,-3.37915e-07,0.7239325,0.7256788,-0.046867855,0.72419095,0.57159925,-0.095198706,0.7082634,0.47937,-0.14551266,0.663402,0.41226065,-0.18533385,0.50902253,0.325365,-0.058062825,0.5276191,0.09809592,-0.1492,0.6202576,0.1819556,-0.19984585,0.6695817,0.31932712,-0.2187781,0.44310534,0.41312885,-0.07472516,0.49808392,0.15841535,-0.15709986,0.6159213,0.2829127,-0.17923212,0.65120995,0.42410803,-0.17595182,0.40259102,0.5588296,-0.10121122,0.47486183,0.39482898,-0.17801505,0.58508086,0.49969813,-0.16875584,0.6094398,0.6034918,-0.14419301,0.38590264,0.74565053,-0.13145399,0.46245295,0.65180933,-0.17991148,0.55788714,0.68260163,-0.16370738,0.5896791,0.72444254,-0.13856906,0
0.71481675,0.9020524,-4.3292627e-07,0.747579,0.73744667,-0.0451735,0.75363904,0.5787996,-0.09266497,0.7418775,0.48494622,-0.14172707,0.6988059,0.4200049,-0.18025465,0.5229339,0.3272906,-0.054155633,0.5641189,0.11448464,-0.14120713,0.6571585,0.20721391,-0.19019188,0.7005093,0.33949476,-0.20990263,0.4560433,0.40775102,-0.07072772,0.5413167,0.18042049,-0.14774238,0.65888166,0.31268322,-0.16780445,0.6878081,0.445364,-0.16525117,0.41924053,0.5482806,-0.09679067,0.52222776,0.39182037,-0.16951327,0.62889326,0.5114537,-0.15908775,0.6446918,0.61839265,-0.13554,0.40895337,0.7271693,-0.12675944,0.5109599,0.64687085,-0.17216423,0.59965664,0.6903448,-0.1566497,0.62104076,0.7368425,-0.13284251,0
0.7363775,0.9414575,-5.1736936e-07,0.7720835,0.7569059,-0.046480805,0.7791425,0.5947721,-0.09146796,0.7692849,0.50488186,-0.13741872,0.7312632,0.43899915,-0.17403182,0.513458,0.39016074,-0.048844174,0.58020616,0.19097239,-0.12648088,0.67385864,0.27213454,-0.17245638,0.7069547,0.38371283,-0.19337517,0.4512241,0.46634018,-0.05970096,0.5680857,0.288076,-0.12242954,0.6805916,0.41819057,-0.13920711,0.69287586,0.5317264,-0.14025912,0.42570275,0.58602375,-0.08018332,0.55978924,0.4504498,-0.1430965,0.6555425,0.55994046,-0.13631764,0.6583655,0.65334356,-0.11934742,0.42935234,0.7318577,-0.10483674,0.5468884,0.6510828,-0.14520907,0.63030314,0.6891358,-0.13432656,0.64706135,0.7336397,-0.11588107,0
0.75123274,0.9188923,-3.6244595e-07,0.78543013,0.7545588,-0.058309473,0.7973509,0.6146996,-0.11521345,0.79100144,0.5272204,-0.17150697,0.75370604,0.4593789,-0.21818395,0.5389192,0.39291883,-0.06893769,0.60868883,0.16521028,-0.15590684,0.6965352,0.23067686,-0.20655091,0.7294417,0.34991843,-0.22964384,0.47538278,0.47173935,-0.076433204,0.6021873,0.292424,-0.14685345,0.7145056,0.4212559,-0.16392933,0.7224778,0.5359879,-0.16496383,0.45213407,0.5929882,-0.09431886,0.589864,0.4502746,-0.16067842,0.6860988,0.5587686,-0.14829876,0.6873167,0.65422976,-0.12801465,0.45940524,0.7395834,-0.11778712,0.58232534,0.64947164,-0.15964052,0.6649113,0.68168676,-0.14541395,0.6788726,0.72210336,-0.12416785,0
0.7710384,0.8970072,-5.815053e-07,0.8044186,0.6875175,-0.048826735,0.79288346,0.50721157,-0.08997086,0.76097864,0.39430407,-0.13138148,0.71235806,0.29719433,-0.16221185,0.54966885,0.35235563,-0.04807392,0.62513924,0.13520724,-0.13647668,0.71589625,0.21885428,-0.18354997,0.7447977,0.3411824,-0.20251238,0.48784697,0.44297323,-0.058131065,0.6254303,0.27544788,-0.13074566,0.7394802,0.42780122,-0.14260627,0.73707294,0.54207486,-0.13786405,0.4670664,0.57590204,-0.080003254,0.62585205,0.43997175,-0.15508531,0.72096914,0.56808585,-0.14078254,0.7095797,0.6590289,-0.115974784,0.47397095,0.73210776,-0.10611983,0.60728055,0.6373593,-0.15277678,0.69094276,0.68348944,-0.13691139,0.69753027,0.72467756,-0.112598725,0
0.76466227,0.9115341,-6.5226396e-07,0.8045573,0.6799748,-0.03806198,0.79259163,0.48424605,-0.075851895,0.76394135,0.33538175,-0.116970725,0.72218263,0.20952109,-0.1463968,0.5677436,0.32244083,-0.044030935,0.6490513,0.079838544,-0.13282183,0.7462523,0.19962889,-0.17187332,0.7665424,0.32737705,-0.18583037,0.50621986,0.4168979,-0.062053185,0.6434473,0.191383,-0.14120556,0.76377004,0.35722375,-0.14765991,0.75895345,0.46853054,-0.1361693,0.4824381,0.5581407,-0.090802796,0.6433944,0.4033364,-0.17111248,0.7442365,0.5536807,-0.1504253,0.7287869,0.64870083,-0.119052015,0.48376667,0.72194713,-0.122790545,0.6222562,0.6292529,-0.17010519,0.70733875,0.68543386,-0.15122496,0.70823896,0.7281375,-0.12424798,0
0.7784201,0.92234385,-6.8453954e-07,0.8134453,0.6557814,-0.037969824,0.77763516,0.42444965,-0.069321685,0.72338384,0.26259473,-0.10370427,0.6711185,0.11918664,-0.12613072,0.5711688,0.32905877,-0.03977075,0.6562778,0.09504402,-0.1280345,0.7526451,0.23011285,-0.16361631,0.7656027,0.36675638,-0.17450769,0.509404,0.42552745,-0.05726461,0.64779186,0.20813131,-0.1413023,0.7633414,0.3777182,-0.1498458,0.7505882,0.48558953,-0.13848224,0.4847241,0.56623834,-0.08552062,0.63712335,0.40466005,-0.17311011,0.7393036,0.5580254,-0.15294816,0.7200238,0.649908,-0.11992203,0.48533565,0.73357415,-0.11640789,0.61438495,0.6308953,-0.17207518,0.70319366,0.688753,-0.15370458,0.70396715,0.73524797,-0.12523133,0
0.76699424,0.91232896,-6.5196804e-07,0.80840397,0.7013076,-0.04176129,0.803598,0.5225768,-0.0818972,0.7766933,0.39939216,-0.12463184,0.7302538,0.29240873,-0.15658444,0.57368326,0.3198641,-0.04696263,0.656862,0.09951168,-0.13625215,0.74700105,0.23276395,-0.18215816,0.76559913,0.3717931,-0.20072395,0.507851,0.41080752,-0.06367054,0.6462495,0.21349958,-0.13892181,0.7532382,0.37851536,-0.15279116,0.7466601,0.48876137,-0.14854686,0.47715718,0.55140024,-0.090751335,0.62886786,0.402319,-0.16704564,0.72379625,0.5510455,-0.15210162,0.7094931,0.648511,-0.12593062,0.47164023,0.7222555,-0.121419586,0.59949213,0.63523614,-0.16808937,0.68651134,0.6818945,-0.1502263,0.6978141,0.7166716,-0.123735346,0
0.7335557,0.92346793,-2.6031475e-07,0.77922094,0.75509524,-0.045542944,0.79607683,0.6181571,-0.09633602,0.78978705,0.5291272,-0.14858404,0.7538114,0.443597,-0.19080138,0.5647036,0.3401262,-0.059991587,0.6466854,0.11194569,-0.14837103,0.7341838,0.21009138,-0.19655812,0.76158607,0.34793714,-0.21757199,0.49561256,0.41330644,-0.077238515,0.6240229,0.17339998,-0.15073642,0.73061323,0.31234652,-0.16724166,0.7395977,0.43800184,-0.16570926,0.46093252,0.54978997,-0.10389946,0.6045082,0.39448187,-0.17560712,0.698081,0.53203857,-0.16313085,0.69146323,0.6379002,-0.14069177,0.45610505,0.72243,-0.13437223,0.58540577,0.64333695,-0.1799578,0.6635794,0.7005417,-0.16414836,0.6646168,0.7512264,-0.14123228,0
0.6927867,0.91994345,-3.0540355e-07,0.74573463,0.7649478,-0.049400967,0.76968956,0.61457574,-0.09965183,0.7666649,0.51847744,-0.14990047,0.7324627,0.4306167,-0.1892576,0.56791896,0.31610003,-0.06470097,0.6313545,0.1049293,-0.1530626,0.7140977,0.23713279,-0.19794932,0.7403172,0.38660395,-0.2155534,0.4904277,0.3901894,-0.0796443,0.5988494,0.16086558,-0.16045849,0.70075846,0.33285904,-0.17720968,0.7097054,0.46929407,-0.17146134,0.44304693,0.5315578,-0.10394138,0.56741804,0.3797887,-0.18137813,0.66076344,0.5274338,-0.16975641,0.6582827,0.63189715,-0.14451018,0.4227084,0.7116877,-0.13141438,0.5432671,0.6486866,-0.17860387,0.62219536,0.70939577,-0.16328833,0.6262125,0.7525187,-0.13928212,0
0.66892695,0.912323,-1.3970761e-07,0.7171998,0.7779625,-0.053462368,0.7370135,0.6199222,-0.103460014,0.7316524,0.5136435,-0.15345043,0.7019217,0.4271025,-0.19283287,0.5636595,0.32118914,-0.062298004,0.59948605,0.121821046,-0.15331575,0.677946,0.24588859,-0.19980201,0.7060529,0.39079672,-0.21699767,0.48484966,0.39151627,-0.07651704,0.5600769,0.15558103,-0.16352567,0.6568239,0.32518345,-0.18444139,0.6696882,0.46201128,-0.17926525,0.42650542,0.52928114,-0.10135843,0.51992637,0.3837456,-0.18601207,0.61188805,0.529886,-0.17926851,0.61555827,0.6282398,-0.15504692,0.39057666,0.71510404,-0.12919447,0.49037448,0.6468247,-0.18124618,0.57430416,0.7059744,-0.16800661,0.5867705,0.74550605,-0.1451052,0
0.62967825,0.90946925,4.0446158e-09,0.676287,0.7862538,-0.059425544,0.6966449,0.62772065,-0.11139382,0.6942706,0.5163941,-0.16148132,0.6630628,0.42750657,-0.2006635,0.52483475,0.33014822,-0.0739684,0.5496443,0.12123948,-0.16481537,0.6276748,0.22923642,-0.20932908,0.6554035,0.37841684,-0.22412936,0.44902042,0.4047917,-0.08559078,0.5089691,0.1488632,-0.17157567,0.6082782,0.3006603,-0.19184017,0.624322,0.44316792,-0.18741427,0.3903196,0.54606324,-0.107803285,0.46029508,0.39008343,-0.19077274,0.5586185,0.5161534,-0.18160705,0.5712413,0.61317647,-0.15665944,0.35066882,0.74123704,-0.13337451,0.41679686,0.6499987,-0.18459386,0.5058715,0.69348764,-0.16769485,0.5306166,0.7324869,-0.1430547,0
0.5944784,0.93279445,-1.081093e-07,0.63890934,0.80674195,-0.053887304,0.6594566,0.6197407,-0.10408208,0.65158033,0.5051629,-0.15418254,0.6090141,0.4378121,-0.19529417,0.49379715,0.3432716,-0.079546995,0.5075294,0.11259982,-0.1699967,0.5898672,0.22078776,-0.21532507,0.62821585,0.36638612,-0.2300186,0.41890165,0.4310441,-0.094228104,0.46050617,0.14916602,-0.18358898,0.5647631,0.29706225,-0.20661592,0.5924677,0.44972375,-0.20299771,0.36205256,0.582915,-0.117575616,0.3862932,0.39381987,-0.20009652,0.50104654,0.4975231,-0.19103113,0.5411084,0.59701186,-0.16549972,0.32349235,0.7892852,-0.14369585,0.33457044,0.67352664,-0.19564356,0.43272015,0.69143486,-0.17794149,0.48640296,0.72738606,-0.15232295,0
0.57883364,0.89520836,-2.5149203e-07,0.6222863,0.7387763,-0.045771576,0.6348134,0.50180984,-0.08412926,0.5919087,0.38837722,-0.12143731,0.522468,0.35272548,-0.14860295,0.4568734,0.30238545,-0.06679131,0.46390003,0.07421133,-0.15259382,0.54788995,0.19281653,-0.18902203,0.57682633,0.3320446,-0.19817452,0.37720838,0.41102818,-0.082192406,0.4065948,0.16523579,-0.16596815,0.51899785,0.3287328,-0.18163627,0.53238976,0.45667812,-0.17489253,0.32013983,0.57238233,-0.10559867,0.35226825,0.41681826,-0.18830495,0.46864316,0.5361898,-0.16922301,0.483896,0.61982316,-0.13822934,0.27964595,0.78078866,-0.13060112,0.30445635,0.66935354,-0.18073027,0.40526003,0.69844276,-0.15335132,0.43819317,0.7316481,-0.121536404,0
0.559986,0.894186,-4.126534e-07,0.61288226,0.7469388,-0.056152895,0.626323,0.5114169,-0.097042665,0.58255017,0.40018868,-0.13520433,0.5110934,0.37377033,-0.16239502,0.43985063,0.2922703,-0.071050785,0.43982005,0.067999005,-0.15955321,0.5207771,0.19113246,-0.19857344,0.5489202,0.32273787,-0.21001084,0.3576559,0.40621036,-0.08192263,0.37446478,0.17638636,-0.17059307,0.4898795,0.34572738,-0.18836664,0.5044932,0.4669058,-0.18130256,0.2992731,0.5698417,-0.102032594,0.3144798,0.42237186,-0.18616998,0.43070838,0.5395424,-0.1677238,0.44607008,0.61687183,-0.13655885,0.2579476,0.77952325,-0.12505007,0.2684883,0.68031764,-0.17478624,0.36607116,0.7080904,-0.14929305,0.3981856,0.7322372,-0.118478656,0
0.5495509,0.89546925,-5.637431e-07,0.606815,0.7288404,-0.060466647,0.6026786,0.48164868,-0.09462135,0.53641486,0.37926108,-0.12427882,0.46206158,0.3321302,-0.14011079,0.4049401,0.27818957,-0.060115762,0.41427073,0.07395014,-0.14257006,0.49415767,0.22256392,-0.17380156,0.5059259,0.34357828,-0.18250142,0.31646386,0.39017332,-0.06682271,0.34714758,0.18675172,-0.1506055,0.4603332,0.37423056,-0.16209044,0.4563147,0.47908366,-0.15036096,0.26045012,0.54951245,-0.084300384,0.29970813,0.42889512,-0.16561787,0.41265902,0.563838,-0.1442694,0.4053352,0.6323557,-0.11147978,0.22516918,0.7493531,-0.1055414,0.2648644,0.6663712,-0.1529397,0.35736704,0.71056753,-0.12816921,0.36393577,0.7348933,-0.09776784,0
0.53238446,0.8993271,-7.0098383e-07,0.5839129,0.7065749,-0.05433247,0.5656601,0.45607218,-0.08265816,0.49112242,0.36902675,-0.10719884,0.42053977,0.31377223,-0.118206605,0.3815515,0.278915,-0.04888277,0.39464432,0.08229029,-0.12614425,0.47423905,0.23918879,-0.15659276,0.484398,0.34837043,-0.16723773,0.2979075,0.38893068,-0.05690729,0.3293066,0.19261596,-0.13848616,0.43990946,0.3807377,-0.1503494,0.43720984,0.47953957,-0.13897008,0.24737069,0.54308003,-0.07521299,0.2875698,0.4306513,-0.15283102,0.39754382,0.566764,-0.13142277,0.39091247,0.6307186,-0.09913936,0.21753292,0.73184675,-0.09722622,0.2550833,0.66094667,-0.1411712,0.34472507,0.70256305,-0.11696786,0.35031515,0.71845126,-0.08754453,0
0.52070874,0.90222067,-8.254188e-07,0.5632408,0.66907406,-0.03790906,0.5213513,0.38313034,-0.050431192,0.44536686,0.28460893,-0.061719418,0.4004292,0.2083945,-0.059868522,0.3603898,0.28788227,-0.027885692,0.37514403,0.10716948,-0.09298996,0.45191833,0.2718731,-0.11541775,0.4529244,0.36184895,-0.1244169,0.28345525,0.40077114,-0.0405787,0.31382036,0.21113098,-0.116240785,0.4214623,0.3930245,-0.12450306,0.41531232,0.47521037,-0.11279191,0.24027628,0.54813117,-0.06213054,0.27089223,0.42923087,-0.13555266,0.38235536,0.5603491,-0.10943562,0.3764432,0.6215154,-0.07589683,0.21447939,0.7220054,-0.08628572,0.24087867,0.64438534,-0.12820692,0.3309012,0.68794185,-0.102109574,0.3354397,0.705915,-0.072860576,0
0.5118843,0.8827524,-8.596788e-07,0.54713345,0.6489443,-0.028795362,0.4948764,0.36366487,-0.036564656,0.43508038,0.22873482,-0.04532821,0.408337,0.110554576,-0.041197732,0.34996873,0.2989174,-0.01650531,0.35618412,0.12950689,-0.07606602,0.43104464,0.284519,-0.092698365,0.43078595,0.3625056,-0.09825691,0.28312302,0.40628877,-0.03171686,0.30233896,0.23084742,-0.10082677,0.40631065,0.40383986,-0.10395463,0.39490458,0.47319835,-0.090707414,0.24256593,0.5474095,-0.055526134,0.26046097,0.42700413,-0.12705928,0.36839047,0.5590121,-0.09699661,0.35745096,0.6146976,-0.061701883,0.21456575,0.7129678,-0.08096505,0.22975639,0.6275974,-0.12263072,0.31878352,0.6748144,-0.094062135,0.32217085,0.69901997,-0.063413054,0
0.4981616,0.88327336,-8.117587e-07,0.53130424,0.64793557,-0.029390067,0.4768867,0.37281674,-0.037486654,0.42307967,0.24172536,-0.04645411,0.39224166,0.13172334,-0.042822223,0.33865234,0.29613984,-0.012693151,0.34844333,0.14266136,-0.07066293,0.41827577,0.29277664,-0.088977605,0.41157165,0.36504734,-0.096414134,0.27052537,0.40349638,-0.02690329,0.2963175,0.24160606,-0.091639765,0.39213723,0.40704313,-0.09646594,0.37150812,0.4660862,-0.08587649,0.23069051,0.5426635,-0.049868338,0.25341868,0.43096095,-0.1163001,0.35444424,0.55057365,-0.08904112,0.3371611,0.596484,-0.057373863,0.20425414,0.69892114,-0.074880175,0.22739795,0.6148427,-0.11377664,0.31274253,0.6586693,-0.08679575,0.3120155,0.68209696,-0.05786625,0
0.48618925,0.87313724,-7.712311e-07,0.5152265,0.647273,-0.027413124,0.46054584,0.38942146,-0.035576034,0.4147625,0.24584085,-0.045383077,0.38104984,0.13223737,-0.043837044,0.32580128,0.30431747,-0.00889161,0.33285317,0.15687361,-0.062073994,0.40086013,0.29787856,-0.08050797,0.39590862,0.36897916,-0.08793713,0.26367196,0.406636,-0.022112729,0.2848335,0.25654325,-0.07850066,0.3769916,0.41185093,-0.08267411,0.3586529,0.4697187,-0.07362841,0.22541024,0.54149014,-0.043700192,0.24230061,0.4243335,-0.10488791,0.34114334,0.5376982,-0.078986324,0.3294883,0.5873456,-0.048952736,0.1987887,0.69251585,-0.06705111,0.2125785,0.59466505,-0.10331469,0.2969036,0.63596785,-0.07538866,0.30516085,0.6657884,-0.045731943,0
0.47452104,0.8478837,-7.157016e-07,0.495691,0.6341946,-0.028070392,0.44561917,0.39883053,-0.039256323,0.40639,0.25652176,-0.052759126,0.37247354,0.1504417,-0.055269267,0.32579446,0.31411022,-0.009885957,0.31543756,0.16683307,-0.066323064,0.38241988,0.30017748,-0.088101484,0.38330147,0.37298682,-0.09578524,0.2687671,0.4131067,-0.022167685,0.26935503,0.26367474,-0.08208522,0.36098504,0.41040885,-0.08844621,0.3505869,0.47316715,-0.07933307,0.23010701,0.5398368,-0.04293487,0.22355609,0.4175691,-0.10582547,0.32194063,0.5246117,-0.08118444,0.32005593,0.57846683,-0.050043363,0.20078798,0.6846139,-0.06538909,0.19726935,0.57885945,-0.10225742,0.27949518,0.6189481,-0.07471223,0.29485735,0.65329134,-0.044135265,0
0.46162874,0.8275933,-7.014164e-07,0.47969264,0.6155953,-0.024894658,0.431198,0.38396478,-0.03418131,0.39258555,0.25122142,-0.04595007,0.36299354,0.1526134,-0.04717986,0.31559795,0.31399024,-0.008276107,0.30274713,0.17036414,-0.061226737,0.3681064,0.29748708,-0.08096345,0.37060636,0.37325415,-0.08698394,0.2609169,0.40992847,-0.02040952,0.25526896,0.26340958,-0.07615618,0.3455507,0.40343264,-0.08102445,0.33954868,0.46968123,-0.0711455,0.22344348,0.5307562,-0.040463828,0.2135605,0.40886095,-0.09992046,0.3110922,0.51403856,-0.076060005,0.3132922,0.57264626,-0.045395806,0.1949693,0.6703732,-0.06189799,0.18716927,0.5629016,-0.09681751,0.26722726,0.6018514,-0.0700777,0.2848512,0.63950235,-0.040187825,0
0.45135707,0.81800646,-6.881077e-07,0.47023177,0.61455196,-0.024707217,0.42924,0.40144214,-0.03550298,0.3913095,0.2701968,-0.049191087,0.35681206,0.17233074,-0.052705605,0.3113435,0.31709522,-0.005313462,0.2898468,0.17582029,-0.05894676,0.35515773,0.29278898,-0.08018407,0.36764765,0.37691796,-0.08527189,0.25887018,0.40763223,-0.016571973,0.2449026,0.2649259,-0.071689166,0.3343663,0.39863497,-0.07750279,0.33860406,0.47205773,-0.067134686,0.2211768,0.5226486,-0.036017817,0.20616966,0.4042192,-0.09502336,0.3012035,0.5077771,-0.07315782,0.3112277,0.56960756,-0.04238487,0.1929354,0.65920126,-0.056804415,0.18125612,0.5517321,-0.09182645,0.25889748,0.59084564,-0.06661794,0.28064764,0.6303025,-0.03688945,0
0.43517566,0.81521213,-6.885445e-07,0.45828685,0.61617786,-0.024988912,0.4219135,0.40652698,-0.03594923,0.3822151,0.27976996,-0.04963803,0.3462122,0.18441316,-0.05368032,0.30485687,0.31581384,-0.006644412,0.28182894,0.17844957,-0.060022656,0.34566852,0.29171845,-0.082021534,0.3619336,0.3765218,-0.08723038,0.25399446,0.40311545,-0.016990637,0.23673803,0.26573873,-0.07197977,0.3234932,0.39453003,-0.07852114,0.3344683,0.46818286,-0.06838605,0.21700756,0.5138635,-0.035366505,0.201792,0.40293068,-0.093836375,0.29427403,0.5050501,-0.07337237,0.3106134,0.5664334,-0.043167207,0.1891475,0.6464733,-0.055198997,0.17736474,0.546776,-0.09024496,0.25363153,0.5856238,-0.066698104,0.2791417,0.62210155,-0.037974834,0
0.42873132,0.8149302,-6.7563303e-07,0.4493928,0.6138147,-0.018833911,0.41185603,0.4157134,-0.028645508,0.37176076,0.29162726,-0.042735133,0.3356774,0.19380096,-0.048301738,0.30030307,0.33424205,-0.0056013227,0.27307925,0.18756142,-0.05587306,0.33701923,0.2923205,-0.07735086,0.35899168,0.38337442,-0.08205603,0.2525788,0.41675067,-0.018158589,0.2305393,0.26978278,-0.068583995,0.31474862,0.39117622,-0.075399615,0.33086395,0.47505558,-0.06672109,0.21721065,0.5222995,-0.03758705,0.19490322,0.39925504,-0.090985514,0.28603277,0.49778607,-0.07114893,0.30840957,0.5691352,-0.042337935,0.19114879,0.6514944,-0.058089737,0.16962299,0.5394933,-0.09139602,0.24459279,0.57361597,-0.06820901,0.27648085,0.6172706,-0.04015646,0
0.42273718,0.81797504,-6.856057e-07,0.44123605,0.62179244,-0.017286511,0.40665197,0.42494142,-0.026687456,0.36987945,0.2963436,-0.040673174,0.33467975,0.199294,-0.046193503,0.2939204,0.33656847,-0.0030326755,0.26598656,0.19915396,-0.05155079,0.32989988,0.3010614,-0.07239218,0.35256496,0.39084893,-0.07679974,0.24724552,0.41709667,-0.015809944,0.22601718,0.28094214,-0.06469436,0.30859336,0.39784342,-0.071970984,0.32473117,0.4786929,-0.06397123,0.21295294,0.52058905,-0.035188828,0.19042403,0.4045035,-0.08648006,0.28009197,0.49859887,-0.06737869,0.30400342,0.5665327,-0.039649088,0.18835333,0.64762056,-0.05564965,0.16790251,0.5413577,-0.08751135,0.24113208,0.5736145,-0.065095656,0.2734687,0.6141785,-0.0377972,0
0.41713202,0.8195883,-6.809357e-07,0.43469134,0.6228498,-0.016719019,0.4001268,0.4281852,-0.026019638,0.36372963,0.2955001,-0.04002462,0.3285606,0.1960921,-0.045831963,0.29206184,0.34778902,-0.003357169,0.25932115,0.21115294,-0.04968194,0.3236366,0.3079846,-0.068908565,0.3450743,0.39260858,-0.0727776,0.24842635,0.42621547,-0.0162293,0.22124767,0.2918069,-0.0631808,0.3046718,0.4024071,-0.06946209,0.32048082,0.48115918,-0.061561897,0.2151786,0.528281,-0.035477784,0.18436956,0.41085315,-0.085569836,0.27559936,0.500299,-0.06567641,0.30048418,0.5679572,-0.037911676,0.19039237,0.6553841,-0.055736076,0.1630903,0.5478912,-0.08761868,0.23627442,0.57812005,-0.06530318,0.26971555,0.6205552,-0.03840197,0
0.41171306,0.8196062,-6.965452e-07,0.42944336,0.61999154,-0.012689874,0.39332196,0.4286684,-0.019700669,0.35632956,0.29788995,-0.032368246,0.32243577,0.19827059,-0.037415255,0.29259643,0.35568395,0.00010955092,0.25585496,0.21710005,-0.045315605,0.31904325,0.31358606,-0.06426927,0.3419276,0.39930272,-0.0677546,0.24915111,0.43246484,-0.0139195975,0.21718758,0.2986042,-0.059522204,0.29817268,0.40913785,-0.06603807,0.31418923,0.48846716,-0.05855822,0.21555209,0.5327926,-0.033957373,0.18185145,0.4144518,-0.08254239,0.2707743,0.50569564,-0.06272098,0.29452506,0.57435066,-0.03520314,0.1894137,0.65809405,-0.05470241,0.15719299,0.5511911,-0.08528417,0.22933413,0.58088046,-0.06260216,0.263463,0.62263453,-0.035737947,0
0.40674412,0.8215033,-6.790383e-07,0.42476827,0.6259822,-0.013019956,0.39048743,0.43664196,-0.020524763,0.35352063,0.30872154,-0.033353474,0.31905746,0.21136928,-0.038385507,0.29074287,0.36341026,-0.0036916675,0.25131685,0.22312099,-0.049254768,0.3153259,0.31717113,-0.06702357,0.3382417,0.40246627,-0.069469936,0.24657528,0.44028056,-0.017802564,0.21307911,0.30442291,-0.0634076,0.29461658,0.41185117,-0.06931512,0.3095561,0.4901781,-0.061766602,0.2120943,0.54051656,-0.037736643,0.17705896,0.42068192,-0.08617973,0.2658885,0.5102967,-0.06636339,0.2884758,0.5789486,-0.039216783,0.18522859,0.6654717,-0.058354534,0.15070131,0.55890775,-0.08914065,0.2224133,0.58684444,-0.06689927,0.2565476,0.6293056,-0.040589374,0
0.40666634,0.82006776,-6.763865e-07,0.42326942,0.62637866,-0.014674717,0.3867771,0.43455398,-0.022058662,0.34968945,0.3069089,-0.03417808,0.31670117,0.20938179,-0.03821897,0.2848913,0.36718267,-0.005743551,0.24718004,0.22845763,-0.05031366,0.31225213,0.32584417,-0.06624327,0.333183,0.40906626,-0.067892835,0.24039985,0.44494444,-0.019116852,0.20775618,0.31002223,-0.06520973,0.29083797,0.41889504,-0.070150346,0.30505943,0.49592066,-0.061704293,0.20650275,0.5467861,-0.03831175,0.17307416,0.43038416,-0.08755885,0.26322693,0.51981527,-0.067607805,0.28518686,0.58665234,-0.040206335,0.18090922,0.67377084,-0.058212247,0.14610317,0.57094914,-0.08994607,0.21894035,0.59687126,-0.06837118,0.25386977,0.636801,-0.04246074,0
0.4086593,0.81905055,-6.855925e-07,0.42338622,0.62755156,-0.016278591,0.38361073,0.43325353,-0.023479091,0.3467426,0.30536526,-0.03491953,0.31465507,0.20703033,-0.037720125,0.27781793,0.36861527,-0.003675624,0.24530935,0.23190978,-0.049292758,0.31176364,0.33294466,-0.06461226,0.33093786,0.4142092,-0.06565996,0.2341328,0.4483247,-0.016437655,0.20572162,0.3122778,-0.06516718,0.29167464,0.42638263,-0.069519445,0.30413687,0.50255954,-0.0593838,0.20142521,0.5520382,-0.035507247,0.17273918,0.43898967,-0.088764325,0.26600254,0.5299868,-0.0681397,0.28589004,0.59360534,-0.038827628,0.17729159,0.67979616,-0.055118635,0.14623879,0.5773567,-0.08907103,0.22246037,0.60540074,-0.066489816,0.25614032,0.6450837,-0.03895496,0
0.41456282,0.8257928,-7.2256216e-07,0.42987883,0.6427129,-0.018012937,0.3878289,0.4482187,-0.02645031,0.35005456,0.31456426,-0.038607217,0.3166406,0.21447086,-0.042273402,0.28536773,0.37003982,-0.004510753,0.24757595,0.23621112,-0.053660017,0.31286946,0.3362669,-0.07278114,0.3386187,0.421616,-0.07570156,0.24175087,0.452653,-0.016268328,0.20869173,0.32060802,-0.06874755,0.29746974,0.43514624,-0.074223906,0.31924286,0.51268977,-0.06350704,0.20924199,0.5581095,-0.03488325,0.17685208,0.44958317,-0.090168856,0.270494,0.540938,-0.0689178,0.29542312,0.60319215,-0.038171835,0.18576078,0.6859398,-0.05426194,0.15717599,0.58637226,-0.08838786,0.23222058,0.6205519,-0.065329626,0.26312748,0.659862,-0.037230335,0
0.42786765,0.8388414,-6.328985e-07,0.43955082,0.662603,-0.02436815,0.40179238,0.4738911,-0.038552087,0.36622632,0.3393227,-0.054922268,0.3310508,0.23914555,-0.06271217,0.2905869,0.37803817,-0.014025054,0.26048046,0.25043717,-0.06334944,0.32590142,0.3444225,-0.08432923,0.35070825,0.42689213,-0.08999329,0.2476433,0.46147168,-0.024620693,0.21693012,0.32602856,-0.07673116,0.3065707,0.43292183,-0.083891585,0.32991767,0.50887007,-0.07538836,0.21727136,0.5698119,-0.04192792,0.18477868,0.46456409,-0.09539715,0.27795124,0.54492974,-0.0757068,0.30425125,0.60346365,-0.047908694,0.19742417,0.7013583,-0.060778577,0.17191103,0.60707504,-0.09563397,0.24445723,0.6319542,-0.074454114,0.27476302,0.665808,-0.04847934,0
0.44817734,0.8394518,-5.908448e-07,0.4616663,0.6737438,-0.032401495,0.42717892,0.50263363,-0.05278177,0.38948447,0.38810033,-0.07419649,0.3458918,0.3024491,-0.08672632,0.303525,0.38322997,-0.020028068,0.2847835,0.2556418,-0.07493525,0.34957722,0.34848022,-0.10309076,0.37228808,0.43360656,-0.11364827,0.25860414,0.46724248,-0.028861543,0.24136041,0.3328176,-0.08243868,0.32972613,0.4403027,-0.09350189,0.34678528,0.513952,-0.0885703,0.22662082,0.57622623,-0.04547867,0.2086217,0.47098467,-0.10100895,0.29978773,0.5520626,-0.08461695,0.319196,0.6103494,-0.059664123,0.2055088,0.71018314,-0.06446925,0.18790397,0.6175905,-0.10055373,0.25981408,0.6406144,-0.080403574,0.28682166,0.67237544,-0.05547056,0
0.4685025,0.8421984,-6.292826e-07,0.47944543,0.6686454,-0.02673905,0.4345701,0.48967564,-0.0413082,0.39279035,0.38728666,-0.058250073,0.35196277,0.31605858,-0.06737711,0.32306862,0.39228618,-0.011443147,0.31283548,0.26350337,-0.064052954,0.3746498,0.3519135,-0.09196598,0.39471188,0.43194184,-0.103014365,0.27929303,0.4788996,-0.021442419,0.26864952,0.34586313,-0.072838694,0.354828,0.44864312,-0.0833157,0.37030062,0.52093095,-0.07837997,0.24887863,0.5882835,-0.03918609,0.2352059,0.48509544,-0.09239426,0.32318375,0.55895275,-0.07723452,0.34030685,0.61525404,-0.053629503,0.22878246,0.7204234,-0.058891706,0.21183397,0.6295766,-0.09202226,0.28095928,0.64765674,-0.07234232,0.30613297,0.67650145,-0.048618305,0
0.48782283,0.839893,-6.3557525e-07,0.50250405,0.665932,-0.02787401,0.453291,0.4789249,-0.04087221,0.41031793,0.3785307,-0.055876616,0.37466097,0.30558684,-0.06262601,0.34404013,0.3909275,-0.010072448,0.33499888,0.26025078,-0.059788227,0.39866823,0.34812516,-0.08349184,0.4153471,0.42068437,-0.09290401,0.30036357,0.4743507,-0.01918508,0.30029145,0.34075785,-0.06849558,0.38680363,0.44873798,-0.075475104,0.39076552,0.51456386,-0.068595245,0.27160162,0.58355457,-0.036438406,0.26971257,0.48267412,-0.08726747,0.3534472,0.5619318,-0.069713384,0.35472995,0.6128608,-0.046072703,0.25241718,0.7127463,-0.05598642,0.24725786,0.6288601,-0.08655197,0.31542256,0.6519738,-0.0657652,0.3300577,0.6798096,-0.0424333,0
0.49945468,0.8463205,-6.467451e-07,0.5217838,0.6634979,-0.032437254,0.4792715,0.46761215,-0.045979034,0.42838442,0.3871062,-0.05969388,0.3890817,0.34167737,-0.065115295,0.3572722,0.37985188,-0.013756197,0.367086,0.25603718,-0.061450027,0.42738652,0.34829292,-0.08408575,0.43815172,0.41849858,-0.09437863,0.30997092,0.4620484,-0.02088886,0.32981783,0.33836892,-0.06691567,0.4096304,0.44928932,-0.073920034,0.40632248,0.5073167,-0.06863595,0.28219044,0.5719476,-0.036261123,0.3046206,0.48476195,-0.08535776,0.3813497,0.56703377,-0.07076375,0.37431994,0.6110763,-0.05066706,0.26626396,0.7000172,-0.054358535,0.2784922,0.6297984,-0.08368059,0.3428112,0.65493095,-0.06512606,0.3499687,0.6767897,-0.044477474,0
0.512419,0.84521294,-6.775854e-07,0.54011536,0.6622554,-0.03397389,0.49776697,0.46002522,-0.04725164,0.44272956,0.3867452,-0.059654515,0.40637055,0.33544505,-0.062833406,0.3828862,0.36909705,-0.01826188,0.39725572,0.24397326,-0.06777207,0.45776904,0.3467882,-0.08913162,0.4685388,0.42107317,-0.09818645,0.3340959,0.45287383,-0.02460722,0.3593122,0.33459303,-0.07294461,0.43677717,0.45073855,-0.079633065,0.43042699,0.5028858,-0.073999144,0.30605793,0.5622949,-0.039232846,0.33194387,0.4783933,-0.089762196,0.40804946,0.5615319,-0.07425073,0.39867318,0.598532,-0.053789515,0.28948385,0.6902583,-0.056763306,0.30964187,0.6254245,-0.08785727,0.3742284,0.652184,-0.070286974,0.37803817,0.67017496,-0.05022125,0
0.5278114,0.8457376,-6.5251254e-07,0.55743897,0.66639185,-0.03197341,0.5203659,0.4599962,-0.04684309,0.46651262,0.38394213,-0.061127983,0.43555298,0.3316909,-0.06669909,0.39762864,0.36545134,-0.023164803,0.42251724,0.23657188,-0.07101676,0.4828214,0.34134948,-0.09074957,0.49357718,0.41861582,-0.09890152,0.3465513,0.4428506,-0.030418785,0.38863924,0.32412496,-0.07715069,0.46249434,0.44517544,-0.08337318,0.45411244,0.5023703,-0.077840745,0.31789625,0.54917425,-0.044863857,0.36004183,0.46665543,-0.09354061,0.43429685,0.55404,-0.0791112,0.4254399,0.5942962,-0.05983827,0.3014377,0.6760883,-0.061909597,0.33462998,0.61065465,-0.09151032,0.3996384,0.64099413,-0.07445902,0.4047731,0.660947,-0.05491914,0
0.5451563,0.84650165,-5.6670734e-07,0.57341415,0.66511416,-0.028897116,0.54473996,0.4743347,-0.044785116,0.49775207,0.39996377,-0.061536793,0.4615584,0.34831643,-0.070696786,0.42280865,0.37533247,-0.019981151,0.44462165,0.23499084,-0.069937035,0.5038332,0.32663178,-0.09476728,0.52024496,0.40657157,-0.104987144,0.3745566,0.4472075,-0.02838001,0.4129127,0.31665403,-0.07641251,0.4851718,0.4280734,-0.087476574,0.4843185,0.4939407,-0.084235385,0.3452446,0.547502,-0.043656282,0.38525522,0.45984706,-0.09148911,0.45757118,0.5402467,-0.08141841,0.45611772,0.58432865,-0.06393725,0.32681066,0.67128897,-0.061302137,0.3566302,0.6038505,-0.089586735,0.42165732,0.6282968,-0.07377617,0.43533045,0.6482947,-0.05442913,0
0.5620469,0.84449005,-5.2321354e-07,0.5955206,0.66773486,-0.023875464,0.5760904,0.49091548,-0.0409185,0.54005814,0.4084193,-0.06065745,0.5076276,0.35838383,-0.07361227,0.4524865,0.37683764,-0.019414384,0.4661345,0.2270442,-0.07006981,0.5227239,0.31129578,-0.0967982,0.54047495,0.39261985,-0.10790974,0.4063288,0.44588694,-0.03066406,0.43712357,0.30789858,-0.07874529,0.5074051,0.41154626,-0.09087669,0.51043266,0.4837588,-0.08873324,0.37671453,0.5449907,-0.04821386,0.41036108,0.44906527,-0.093933284,0.48160264,0.52514786,-0.08436953,0.48465714,0.5759531,-0.06747293,0.35877928,0.66662246,-0.0678847,0.38405174,0.5917274,-0.09414224,0.4461048,0.6138425,-0.07849941,0.46207368,0.6393157,-0.05964287,0
0.5736225,0.8475783,-4.3667094e-07,0.6148855,0.6771119,-0.028506972,0.6228851,0.5107559,-0.05363458,0.6096916,0.4167419,-0.08084127,0.58060044,0.35970962,-0.10116444,0.46870497,0.37306356,-0.031159405,0.4940699,0.23337677,-0.08622914,0.5495091,0.32395482,-0.11771953,0.5680862,0.4115615,-0.13173254,0.42044476,0.43679374,-0.042380303,0.46591535,0.29972023,-0.09443055,0.53388196,0.40426153,-0.11103002,0.54248184,0.48518223,-0.111990966,0.3891948,0.5317139,-0.059460137,0.4394253,0.43861514,-0.10574025,0.5063426,0.5201645,-0.09888632,0.5109912,0.5795055,-0.084061645,0.37292343,0.65145016,-0.079405285,0.41459334,0.58175904,-0.10586509,0.47384083,0.6081456,-0.09261432,0.489631,0.63719136,-0.07546524,0
0.59417015,0.83669674,-3.9520327e-07,0.6326815,0.6700439,-0.03302404,0.6425498,0.5049549,-0.062306985,0.63389117,0.40148842,-0.09194354,0.6061465,0.35627258,-0.11405603,0.48475844,0.3680774,-0.039091267,0.52316797,0.23010257,-0.095693894,0.58195496,0.33101362,-0.12626961,0.5955406,0.42282584,-0.13960686,0.43670514,0.43050227,-0.04877426,0.49471822,0.29608506,-0.10213947,0.5669701,0.4102121,-0.116030395,0.5715665,0.48634017,-0.114866726,0.4065522,0.5240211,-0.06435603,0.47165805,0.42923334,-0.114026695,0.538923,0.5202827,-0.10504621,0.53807527,0.5788761,-0.08792608,0.39179856,0.6408469,-0.08278711,0.4443707,0.5717758,-0.11106769,0.50437737,0.6034012,-0.09667897,0.5173238,0.63221556,-0.07819586,0
0.6118706,0.82689387,-3.8968346e-07,0.64630854,0.6514838,-0.027546737,0.64894444,0.49065807,-0.053223293,0.6361606,0.39296323,-0.08038348,0.6036369,0.34333175,-0.10046096,0.49324304,0.36980706,-0.029983452,0.53864294,0.23025298,-0.08506803,0.59640795,0.32718426,-0.1159988,0.6086502,0.4187836,-0.12949854,0.44954967,0.43049508,-0.04106672,0.5202639,0.2959125,-0.09162142,0.58973217,0.40782315,-0.10460655,0.59190005,0.48548162,-0.10312823,0.4235643,0.5207719,-0.058162812,0.4994658,0.42251378,-0.10600498,0.56371677,0.5157368,-0.096697286,0.5610628,0.5765859,-0.079309575,0.41304836,0.6322214,-0.07775118,0.47465396,0.5587742,-0.10474236,0.53233284,0.5953146,-0.08984537,0.54190975,0.6271149,-0.070726186,0
0.6336246,0.8250443,-4.2159314e-07,0.66277456,0.64666736,-0.023830736,0.65592945,0.49719632,-0.048234638,0.6428388,0.40072814,-0.07538594,0.61699647,0.3335739,-0.09638086,0.504103,0.3734887,-0.024099058,0.5604964,0.23525184,-0.077308506,0.61656463,0.32801688,-0.109363124,0.630638,0.4205486,-0.12428244,0.46381795,0.43047515,-0.036801502,0.5437569,0.29523563,-0.085413486,0.6134137,0.4057298,-0.098725945,0.6214442,0.48904327,-0.09782906,0.4422164,0.51864994,-0.055298634,0.52674174,0.41123003,-0.10071355,0.58954537,0.508776,-0.090787,0.59005183,0.57990706,-0.07333594,0.43641636,0.62980425,-0.07628343,0.4979245,0.55191284,-0.10256592,0.5543838,0.58793193,-0.08771328,0.5679626,0.62138736,-0.068580054,0
0.648654,0.8133353,-4.623979e-07,0.6802988,0.63851255,-0.024174234,0.6607306,0.48177457,-0.043413535,0.62867683,0.37860018,-0.06430554,0.5948496,0.29572123,-0.07794683,0.52484393,0.37246403,-0.018842325,0.58244956,0.23152518,-0.074108146,0.6403515,0.31857976,-0.10484119,0.66193724,0.41308668,-0.11760536,0.48250622,0.42323917,-0.029715149,0.5653667,0.2844397,-0.08112994,0.6360346,0.3985994,-0.091503605,0.64499044,0.48224366,-0.08684431,0.45939356,0.50526506,-0.047510415,0.5496727,0.40152216,-0.09646518,0.6076741,0.5052402,-0.08447243,0.60224265,0.57370764,-0.06463841,0.4502041,0.61095774,-0.067874804,0.5244274,0.53951883,-0.096683085,0.57737786,0.5858722,-0.08170601,0.580592,0.62175703,-0.06208568,0
0.6625966,0.8072778,-3.8813297e-07,0.68921,0.6211354,-0.020515079,0.66771525,0.46698818,-0.039012093,0.63825953,0.36286607,-0.06001856,0.60834074,0.2757698,-0.07456753,0.52953714,0.3703838,-0.01565262,0.59017617,0.24103919,-0.066829145,0.64760554,0.3171745,-0.095214404,0.666945,0.40926298,-0.10697302,0.49103868,0.4216584,-0.02774233,0.5815148,0.2897333,-0.07553862,0.64937127,0.39041585,-0.08597454,0.6574575,0.47350344,-0.08283678,0.47153676,0.50375116,-0.046091046,0.5691568,0.39864987,-0.09343655,0.62594485,0.49730676,-0.082777694,0.62313795,0.56970847,-0.06428325,0.4665773,0.61000013,-0.06661259,0.5422542,0.5326439,-0.0962002,0.5955015,0.5756848,-0.08237948,0.6034882,0.6141582,-0.06334529,0
0.6715703,0.8105304,-4.007996e-07,0.70233995,0.64556336,-0.034745157,0.68913966,0.50956947,-0.06365043,0.6635743,0.40720084,-0.09132612,0.630553,0.32169783,-0.11121612,0.54130316,0.3843842,-0.041143797,0.61116326,0.24035326,-0.09714242,0.67052794,0.32549578,-0.1253761,0.67955357,0.418097,-0.13802704,0.5036627,0.42635396,-0.04803136,0.6012887,0.28841984,-0.09941763,0.6731109,0.3977431,-0.10750122,0.6718434,0.47461608,-0.10394856,0.48566312,0.5007141,-0.061363112,0.58561254,0.38960212,-0.112667106,0.6472204,0.49021593,-0.09913145,0.6404148,0.56003755,-0.07985919,0.4811077,0.59856784,-0.077677794,0.55858165,0.52318543,-0.11182878,0.6150995,0.5671934,-0.0983275,0.6230906,0.6055712,-0.07976009,0
0.6760339,0.8157939,-4.0176957e-07,0.7125521,0.64900964,-0.03698277,0.7061145,0.52205163,-0.06898316,0.6830395,0.42826548,-0.0993887,0.64388967,0.3572004,-0.12140226,0.5524524,0.37976295,-0.04469867,0.6284951,0.23491627,-0.10123324,0.6850099,0.32708353,-0.12886173,0.6865841,0.42036587,-0.14141743,0.51595086,0.42052117,-0.05123959,0.6198432,0.28737512,-0.101183146,0.68886375,0.40249878,-0.10733466,0.67982906,0.47166333,-0.10355113,0.49993443,0.4934,-0.06435955,0.60654265,0.38402554,-0.11374258,0.66618025,0.4877952,-0.09781074,0.653792,0.5533736,-0.078200094,0.49744606,0.58732516,-0.08084544,0.57927185,0.5175556,-0.112497635,0.6327851,0.5656466,-0.09751922,0.63611627,0.60332525,-0.07875086,0
0.68687993,0.81351256,-3.8125415e-07,0.726385,0.65329516,-0.04102554,0.72027034,0.5307059,-0.07545392,0.69730973,0.4359032,-0.10650298,0.6606287,0.3622918,-0.12879893,0.559313,0.38699192,-0.054837752,0.6426879,0.2447426,-0.10997493,0.69947445,0.3399678,-0.1359642,0.6966808,0.43231127,-0.14827885,0.52456146,0.42116845,-0.05893155,0.6355225,0.2872162,-0.10770962,0.7026843,0.40044636,-0.11287121,0.6909721,0.46874347,-0.10949497,0.51116943,0.4879984,-0.06897142,0.62380946,0.38033384,-0.11640496,0.68107665,0.48221952,-0.1003342,0.6659663,0.5480189,-0.0819738,0.51246965,0.57598275,-0.082632646,0.59908605,0.5106739,-0.11432666,0.6510692,0.5596534,-0.10054278,0.65292645,0.599883,-0.08327857,0
0.69587046,0.80477786,-4.3481572e-07,0.73717475,0.6308408,-0.03829761,0.7225768,0.48404956,-0.06705279,0.6948808,0.35761476,-0.09200693,0.6627211,0.24648508,-0.107411936,0.56592536,0.3721249,-0.049736388,0.65520805,0.24216339,-0.10421905,0.71027577,0.3354999,-0.12671046,0.70446104,0.422854,-0.1364499,0.53289133,0.4125334,-0.05382768,0.6508725,0.29035014,-0.10329131,0.71487075,0.39942718,-0.10673907,0.699145,0.46240854,-0.102413304,0.52277035,0.48333412,-0.064213626,0.6409825,0.38107753,-0.114924654,0.6967445,0.47690052,-0.099432856,0.6783814,0.5371442,-0.08122574,0.5283202,0.5737128,-0.07783597,0.6229758,0.5073356,-0.11357646,0.6706399,0.5549369,-0.10311345,0.6648978,0.59553945,-0.0878557,0
0.7098827,0.79008186,-4.2908547e-07,0.7431159,0.58533657,-0.020617828,0.7156366,0.42820114,-0.040198267,0.68388337,0.31090027,-0.060506642,0.65843374,0.21082363,-0.07287305,0.563411,0.3510009,-0.028051754,0.66602093,0.22333911,-0.07851557,0.71719384,0.32583565,-0.09996337,0.7110635,0.40867013,-0.10918561,0.53426874,0.4094701,-0.040308483,0.66729414,0.28313068,-0.08797064,0.7242237,0.3989635,-0.090297736,0.7107357,0.46317485,-0.084737696,0.52721524,0.49182025,-0.058201753,0.6574443,0.38199517,-0.106242,0.7095978,0.48455524,-0.09030948,0.6967552,0.5451516,-0.071065545,0.5365634,0.5878791,-0.07830093,0.6351915,0.5061631,-0.10947452,0.6836715,0.5565529,-0.09776028,0.6846168,0.59327376,-0.081821434,0
0.7170027,0.80179596,-4.3959463e-07,0.75296086,0.58472556,-0.014757974,0.7278269,0.4274281,-0.030488202,0.6938959,0.3184897,-0.048375767,0.6672956,0.21893537,-0.058628246,0.5719442,0.36774296,-0.0212124,0.6736501,0.22260845,-0.07208558,0.72661465,0.31183848,-0.09493872,0.720598,0.38695335,-0.10578262,0.5428895,0.4215645,-0.03701984,0.6772102,0.28228053,-0.08560282,0.73597544,0.386985,-0.08996186,0.72328705,0.44915164,-0.08593854,0.53763807,0.5000899,-0.05825874,0.67300004,0.38649428,-0.106310554,0.7240236,0.48571947,-0.09169062,0.7083222,0.54266614,-0.07364084,0.54984194,0.5922145,-0.08141386,0.65580195,0.514419,-0.11174436,0.7028134,0.5637386,-0.10025502,0.70047057,0.59639204,-0.08497855,0
0.72199607,0.81335866,-3.4647397e-07,0.761303,0.5945443,-0.010650705,0.7392982,0.44964287,-0.025973173,0.7090076,0.34941107,-0.045316797,0.68235373,0.25192857,-0.057328947,0.5861118,0.3846276,-0.01453426,0.6820506,0.22522733,-0.06695731,0.7337438,0.2999216,-0.090493,0.7303796,0.37158805,-0.10106214,0.5582251,0.43343115,-0.03392012,0.6887094,0.27448192,-0.085543126,0.747674,0.37724745,-0.09097892,0.7344719,0.44174814,-0.08569144,0.5532001,0.50657755,-0.058994114,0.6877756,0.3855884,-0.10900653,0.73805803,0.49066216,-0.09416822,0.7186545,0.5499823,-0.07463826,0.56495273,0.5935107,-0.0857682,0.6756658,0.51169163,-0.11600694,0.71877927,0.56926775,-0.10327087,0.7096941,0.606675,-0.08670812,0
0.7277907,0.8131906,-4.1477853e-07,0.7685329,0.59371287,-0.011933563,0.7468856,0.44541934,-0.028362477,0.7166362,0.33721364,-0.04860873,0.69078755,0.23572695,-0.061802566,0.59289753,0.38841233,-0.01874077,0.6932658,0.22679818,-0.07163856,0.74793774,0.3101508,-0.09474958,0.7456831,0.38507324,-0.104731135,0.56895995,0.43930808,-0.03691384,0.7018638,0.27834666,-0.08697212,0.76275533,0.38579085,-0.08900072,0.7525175,0.45090032,-0.08206674,0.56623924,0.51227343,-0.061064806,0.7036424,0.3811521,-0.11115424,0.75505126,0.4856452,-0.09462041,0.7403427,0.54575163,-0.07401004,0.5801288,0.5978158,-0.08690193,0.6879329,0.5086406,-0.11807939,0.7333439,0.56672794,-0.105395846,0.7301715,0.6059158,-0.0889971,0
0.7318207,0.81460214,-4.7241153e-07,0.77428126,0.595448,-0.012739325,0.7559172,0.44220498,-0.028757207,0.72697407,0.3292966,-0.048354346,0.6999398,0.22455621,-0.0609326,0.6091334,0.3894477,-0.018428927,0.70516706,0.23305807,-0.07025446,0.75847507,0.32434803,-0.0927703,0.75452054,0.40004972,-0.102102555,0.58582497,0.43670097,-0.03488148,0.7139251,0.2802335,-0.08265518,0.7718343,0.39147183,-0.08457944,0.7613874,0.45695066,-0.07783469,0.5818584,0.50492316,-0.0572901,0.71695673,0.3781256,-0.10586157,0.76586235,0.48318946,-0.090206735,0.75232697,0.5445065,-0.06997511,0.59390944,0.5857661,-0.08142955,0.6984796,0.49934533,-0.11100901,0.7454348,0.55558974,-0.098339446,0.7471599,0.59508824,-0.081819564,0
0.7362915,0.82042325,-4.71786e-07,0.78147405,0.5918941,-0.0045713168,0.7623311,0.4378164,-0.01797104,0.7363584,0.32623783,-0.036952343,0.70947075,0.22061458,-0.04962884,0.6196392,0.3905233,-0.013559793,0.71446335,0.23780352,-0.06392539,0.7682566,0.33004683,-0.084522165,0.7643739,0.40695152,-0.09253908,0.59550977,0.43737224,-0.034027424,0.7247308,0.2851166,-0.07997148,0.78154117,0.40170568,-0.0806061,0.7680411,0.46783957,-0.07335056,0.5917981,0.50509036,-0.059805617,0.7294755,0.38541365,-0.105759,0.77518547,0.49631554,-0.08886154,0.7564735,0.55763686,-0.06875016,0.60377026,0.5854022,-0.08665861,0.71118647,0.504966,-0.11382732,0.75353914,0.56411946,-0.10030767,0.74844813,0.6029568,-0.0840872,0
0.7345641,0.83456725,-4.4200718e-07,0.78479105,0.60027206,0.00014705074,0.76613456,0.44984633,-0.013100372,0.73894674,0.34436536,-0.032852817,0.7151065,0.2493425,-0.046508823,0.6206224,0.3927416,-0.015219383,0.72288454,0.23635703,-0.062724985,0.77255875,0.3283828,-0.080068745,0.7647759,0.40399885,-0.08695033,0.5978092,0.43974695,-0.038636204,0.73380435,0.28401887,-0.08272445,0.7859652,0.40256882,-0.08047706,0.7679104,0.4671555,-0.072518565,0.59644973,0.5081582,-0.06640274,0.7365711,0.38248155,-0.108856104,0.780115,0.49483192,-0.088923104,0.7597332,0.5564945,-0.06894757,0.6113912,0.58834183,-0.09512695,0.7176167,0.5051009,-0.12030791,0.7589839,0.5647218,-0.10577138,0.7547466,0.602984,-0.090104066,0
0.73009646,0.8529662,-4.4372544e-07,0.783688,0.6109093,0.0034347677,0.76675856,0.45476985,-0.009791087,0.7422384,0.34001637,-0.030837938,0.7162148,0.23839122,-0.04616553,0.62096006,0.3970955,-0.013621747,0.72761786,0.23851809,-0.06176033,0.7801913,0.33248225,-0.07890168,0.7737868,0.41134244,-0.08526818,0.60024333,0.44566813,-0.039408058,0.7382392,0.2919132,-0.08314968,0.79129326,0.41264686,-0.08050847,0.77361584,0.47816905,-0.072426125,0.599977,0.51368904,-0.069489695,0.7399926,0.3884101,-0.11217912,0.784866,0.5025217,-0.09200452,0.7660361,0.5673012,-0.07178696,0.6153258,0.5920223,-0.10027749,0.72205853,0.5091812,-0.12608919,0.7639126,0.5710557,-0.111608684,0.7608386,0.61307317,-0.09580644,0
0.7310231,0.8408445,-4.4587006e-07,0.7832793,0.607909,-0.004906351,0.76726884,0.44523233,-0.019880177,0.74158597,0.32680893,-0.040464222,0.71742326,0.22910425,-0.05468794,0.6236517,0.38129383,-0.021020476,0.72977024,0.23745379,-0.06819746,0.78050715,0.33727515,-0.08324695,0.7722733,0.4143132,-0.08802798,0.6017609,0.43438038,-0.041578043,0.74075764,0.2895684,-0.08538358,0.7914661,0.4129929,-0.08183676,0.77310646,0.4772015,-0.0725359,0.5996673,0.5057669,-0.06662921,0.7407616,0.3900844,-0.11035092,0.7841462,0.50308865,-0.090852655,0.7653728,0.565095,-0.07010339,0.61323786,0.5895133,-0.09285141,0.719704,0.511454,-0.11898343,0.7608199,0.5725611,-0.105063625,0.75656927,0.61249167,-0.0892461,0
0.73052055,0.8523642,-4.623248e-07,0.78645617,0.6163146,0.0006735141,0.76769006,0.45564535,-0.011868412,0.7415432,0.33699945,-0.031805694,0.7184285,0.23268771,-0.045743845,0.6261173,0.39491835,-0.010868127,0.7294387,0.24525201,-0.05883698,0.7788695,0.3452225,-0.075911045,0.7686536,0.42136097,-0.08238751,0.6054349,0.44518954,-0.03513013,0.7392742,0.29433626,-0.07953885,0.78966445,0.41759607,-0.077660136,0.7694559,0.48088995,-0.069408305,0.60455954,0.5134266,-0.06421528,0.73943293,0.39401695,-0.10726569,0.7827433,0.50669056,-0.08795641,0.7615093,0.565998,-0.0679101,0.6191013,0.5919129,-0.09424327,0.72473335,0.51462746,-0.11934651,0.7633286,0.5809267,-0.105121545,0.7546679,0.62295365,-0.08972148,0
0.7245076,0.86360115,-4.3472434e-07,0.78043914,0.6274512,-0.0052296626,0.76433283,0.46388003,-0.019667301,0.74126583,0.34038973,-0.0395175,0.71979195,0.22989282,-0.052676547,0.6161651,0.40347767,-0.017596558,0.7244588,0.2552024,-0.065207735,0.77525103,0.3579586,-0.08188722,0.7652008,0.43530044,-0.08793979,0.59596235,0.44803572,-0.037623364,0.7352884,0.2997521,-0.08047037,0.7864751,0.4253143,-0.077713385,0.76638293,0.48801824,-0.06920633,0.5957786,0.51156366,-0.062499866,0.73577756,0.39085674,-0.10413096,0.7776577,0.5063647,-0.08434989,0.7545672,0.56850094,-0.06409628,0.6108413,0.5872734,-0.08872641,0.71816134,0.51464725,-0.11261244,0.7560691,0.57816863,-0.09838823,0.7464712,0.61804795,-0.08290123,0
0.7145922,0.8571348,-4.4156684e-07,0.77759564,0.630274,-0.009326582,0.7652486,0.46194237,-0.024197502,0.7409497,0.3401987,-0.042392705,0.7179056,0.24366981,-0.054242242,0.6133035,0.3839655,-0.026095778,0.72782487,0.24522185,-0.07151885,0.7780127,0.34993184,-0.08811917,0.7649935,0.4277225,-0.09521577,0.5906367,0.43191937,-0.0433354,0.733223,0.29206455,-0.08554033,0.7847288,0.41386658,-0.084228,0.7641552,0.47817802,-0.07770401,0.58784395,0.5029798,-0.06452088,0.7288069,0.386635,-0.105581984,0.7725239,0.4955216,-0.08708007,0.75057644,0.5549804,-0.0684279,0.6002554,0.58775586,-0.08705651,0.7075452,0.5112346,-0.111334704,0.7476534,0.57115626,-0.097483985,0.7396866,0.61022663,-0.08255746,0
0.709553,0.8465284,-4.0561508e-07,0.7693836,0.6237021,-0.010971095,0.7563964,0.46001723,-0.026584208,0.73262775,0.33925337,-0.045616586,0.7130416,0.23763871,-0.058132425,0.610132,0.37628007,-0.025796589,0.7217066,0.24018592,-0.07207833,0.7709398,0.34588057,-0.08891724,0.75879806,0.42096364,-0.095743656,0.5885148,0.42714983,-0.042697508,0.7259513,0.28985018,-0.08663097,0.7760054,0.41345513,-0.08628406,0.7559149,0.47896364,-0.07934605,0.58495396,0.50105304,-0.06385635,0.71803635,0.38453436,-0.10693491,0.76127243,0.49566743,-0.08809672,0.7404634,0.5564424,-0.0679661,0.595237,0.5886989,-0.08641608,0.6958131,0.50986266,-0.11234018,0.736032,0.56965446,-0.09772697,0.7301753,0.6086025,-0.08122263,0
0.7077246,0.8260766,-2.646639e-07,0.7627512,0.6155289,-0.018734388,0.7487796,0.45241797,-0.037553817,0.72256505,0.33396703,-0.05807371,0.70318466,0.23089558,-0.07168343,0.5971565,0.3692606,-0.03283932,0.70721996,0.23076522,-0.08150412,0.75931305,0.33174938,-0.1003771,0.7507347,0.40242308,-0.10789783,0.5735928,0.42236134,-0.045764703,0.71196675,0.287701,-0.09237465,0.7638666,0.4027812,-0.09450227,0.7479764,0.46438786,-0.08858172,0.5683995,0.49733222,-0.06347001,0.70554066,0.38531965,-0.10870182,0.74841404,0.48940375,-0.093220435,0.73070556,0.5454448,-0.074351266,0.5768996,0.5839546,-0.08308345,0.6838262,0.5078046,-0.109841436,0.7263924,0.56214505,-0.097121514,0.72550225,0.59716815,-0.08123432,0
0.70821625,0.819875,-2.622691e-07,0.75850356,0.60380197,-0.022590593,0.7404583,0.4413886,-0.042332828,0.7145445,0.32585344,-0.061648577,0.6897408,0.22785339,-0.0732252,0.57472956,0.37981892,-0.03757141,0.6945982,0.24275938,-0.088099256,0.7470134,0.34509557,-0.109118745,0.737888,0.4251777,-0.118555225,0.54876184,0.4241816,-0.047716655,0.69773394,0.28436694,-0.0959808,0.75360036,0.39724573,-0.097696416,0.7410393,0.4613739,-0.09201388,0.5453698,0.49289033,-0.06292968,0.6939912,0.38003895,-0.108607456,0.7398692,0.48113483,-0.093987286,0.72211576,0.5368959,-0.07681253,0.55832815,0.5740849,-0.08049191,0.6781692,0.50854695,-0.108798064,0.71700215,0.5677245,-0.09976879,0.70657456,0.60352427,-0.087564625,0
0.69910806,0.80613315,-3.5694893e-07,0.7471396,0.602188,-0.02049838,0.7308381,0.4410046,-0.03915354,0.70643234,0.32521886,-0.057780527,0.6813457,0.23581389,-0.068819664,0.5656749,0.35868722,-0.031853262,0.68382967,0.21634611,-0.07952623,0.7352653,0.31565186,-0.09978769,0.72799426,0.39909652,-0.10943603,0.53607845,0.40931755,-0.042797573,0.6869422,0.2812851,-0.08681956,0.7411187,0.39154238,-0.088769734,0.72517484,0.4544146,-0.08498961,0.5323137,0.48689583,-0.05871452,0.6814429,0.3813575,-0.10063363,0.7269175,0.4807782,-0.08590616,0.7066912,0.5356159,-0.0705097,0.5453059,0.5761484,-0.07705388,0.664804,0.5087858,-0.103974275,0.70388955,0.56511104,-0.094926156,0.69100964,0.6005653,-0.08336589,0
0.6889899,0.79123986,-3.696692e-07,0.7312299,0.5807953,-0.02695635,0.7157679,0.41663912,-0.049085,0.69159436,0.29832953,-0.069335334,0.66700804,0.20196468,-0.08127525,0.5566344,0.35129657,-0.04278639,0.67288756,0.21973905,-0.09127404,0.7248317,0.32100645,-0.109643705,0.7131553,0.40209487,-0.11824447,0.5288578,0.4056834,-0.05111272,0.67511976,0.28118658,-0.09695423,0.7295168,0.39344665,-0.09745229,0.7095072,0.45409763,-0.093161955,0.5256868,0.48632306,-0.06433586,0.66853344,0.38411504,-0.107844524,0.714002,0.4813476,-0.09121577,0.6910161,0.53227794,-0.074946694,0.538745,0.57839054,-0.08037294,0.6525521,0.5143722,-0.10787546,0.690783,0.5704189,-0.09777548,0.674858,0.6055874,-0.08589227,0
0.66260993,0.7971171,-4.856175e-07,0.711104,0.5782496,-0.015590238,0.70338434,0.40379244,-0.033267483,0.68117064,0.27951044,-0.053007804,0.6551847,0.19926453,-0.06568837,0.5563186,0.32164273,-0.023762504,0.666077,0.20432201,-0.07490081,0.71217406,0.31425908,-0.09898234,0.6978843,0.3911598,-0.11158108,0.5269655,0.3835603,-0.040219426,0.66706043,0.2741531,-0.08791058,0.7132546,0.39112628,-0.09354839,0.69089913,0.45203263,-0.0922603,0.51957667,0.47258374,-0.061964363,0.65741885,0.3859301,-0.10656365,0.6982653,0.48558566,-0.09294467,0.6745617,0.5340224,-0.07805121,0.52988786,0.5722516,-0.0860675,0.64211524,0.5117535,-0.112139046,0.67850417,0.56920135,-0.1018436,0.6635238,0.60311943,-0.08979782,0
0.6414271,0.7946732,-3.7067065e-07,0.69134045,0.5841148,-0.016040556,0.6849515,0.41330096,-0.034585375,0.66334623,0.28847393,-0.05518723,0.6409053,0.19863275,-0.06889811,0.54331696,0.3195395,-0.031290017,0.65033644,0.19764146,-0.08221272,0.6965985,0.3053864,-0.10227854,0.68270826,0.3786841,-0.11073973,0.5152517,0.38082814,-0.046903983,0.6567163,0.27187514,-0.094416395,0.7012471,0.39000642,-0.09695246,0.67954296,0.44864348,-0.092603296,0.5083375,0.46898088,-0.06726372,0.6530537,0.3912054,-0.1127978,0.6896005,0.49681166,-0.09807664,0.6670024,0.54572606,-0.08120968,0.51745903,0.5678063,-0.08960797,0.63567764,0.5170292,-0.11624848,0.6726413,0.5775073,-0.10520407,0.6615826,0.61043155,-0.091678895,0
0.61420333,0.8142659,-4.2971837e-07,0.66285974,0.5844872,-0.0038484372,0.6607905,0.4080391,-0.01855152,0.6483489,0.27149546,-0.03819475,0.6229975,0.17468184,-0.05196756,0.5254649,0.33118308,-0.023647035,0.64604855,0.21969444,-0.07310433,0.6878708,0.3253241,-0.09476514,0.66959053,0.39607882,-0.105640315,0.50155544,0.3955109,-0.045062087,0.65356547,0.29276475,-0.0889433,0.6934339,0.40640536,-0.09079321,0.66996473,0.4651836,-0.08894431,0.49902433,0.4852953,-0.070289224,0.6516503,0.4087716,-0.11151484,0.6847319,0.5060881,-0.09587338,0.6606893,0.5564109,-0.08104128,0.5128082,0.58560616,-0.096955985,0.63414687,0.53053594,-0.1213545,0.6700916,0.5795232,-0.110677294,0.6593092,0.61140186,-0.09921417,0
0.591933,0.81627893,-4.5443116e-07,0.6510917,0.5972137,-0.002801944,0.6497565,0.40514016,-0.015904289,0.63899916,0.25680286,-0.032775234,0.6130501,0.16246074,-0.04399461,0.5131948,0.32960108,-0.029872436,0.64654016,0.22226739,-0.074957594,0.6803063,0.32880104,-0.091690995,0.6516852,0.38722047,-0.101100676,0.49170178,0.39406648,-0.050952874,0.6545704,0.29861653,-0.09320634,0.6832349,0.41467267,-0.092504,0.6469664,0.4591048,-0.09125192,0.49249738,0.484574,-0.07453237,0.6526885,0.40946722,-0.11380906,0.6786797,0.5094861,-0.09582065,0.64594084,0.5500434,-0.08189566,0.5088696,0.58229905,-0.09913834,0.6326712,0.52914834,-0.12313121,0.6621226,0.5857678,-0.1127845,0.64267904,0.61565167,-0.103450306,0
0.575914,0.82177424,-5.1716677e-07,0.6392745,0.61162806,-0.002756635,0.64285636,0.40941632,-0.012839068,0.6379137,0.25290692,-0.026410244,0.6090429,0.16018605,-0.034004014,0.5048688,0.33692825,-0.029778324,0.6430502,0.22895008,-0.07474732,0.671268,0.33595002,-0.09011482,0.64131653,0.38638067,-0.09823091,0.48587847,0.40288547,-0.05025457,0.6573447,0.32040256,-0.09455166,0.6768303,0.44137016,-0.094630964,0.63792044,0.4753912,-0.094062656,0.49017653,0.49300313,-0.073246725,0.65899473,0.42493445,-0.11354751,0.67443186,0.53174484,-0.0968156,0.6373434,0.56312037,-0.0839598,0.5109595,0.5885304,-0.09719129,0.6395445,0.53057146,-0.12160001,0.656641,0.5988675,-0.112953454,0.62784743,0.63101566,-0.10528946,0
0.54973036,0.81026435,-5.378562e-07,0.6201725,0.60474783,0.0017852163,0.6316469,0.39731994,-0.00893484,0.63076884,0.23550203,-0.023928765,0.6064741,0.14499772,-0.03366464,0.5019401,0.31307125,-0.039542243,0.6445723,0.20959958,-0.083674036,0.6653414,0.31603116,-0.09783142,0.6358886,0.36492658,-0.106400415,0.48737168,0.39551488,-0.06370713,0.66713923,0.31866664,-0.107148856,0.67018384,0.43639597,-0.10568053,0.63169265,0.46925962,-0.10638368,0.49530718,0.4970438,-0.0893397,0.670429,0.43327963,-0.12514572,0.66502154,0.53774154,-0.10829401,0.62600243,0.56522614,-0.09870335,0.517834,0.59985864,-0.116023414,0.6574465,0.5410066,-0.1385272,0.6551421,0.61079526,-0.13276097,0.61787844,0.64268386,-0.1295033,0
0.52340764,0.80976343,-5.078619e-07,0.5844838,0.6121177,-0.0050677694,0.6108178,0.3946885,-0.018514544,0.6188463,0.23393512,-0.03474418,0.60209674,0.12949544,-0.044458903,0.5115572,0.29488623,-0.04275445,0.66441774,0.20709851,-0.088214904,0.67322457,0.30849022,-0.10277195,0.63825285,0.35498676,-0.11021775,0.49744558,0.377095,-0.06255842,0.6814337,0.32148015,-0.10449403,0.67277807,0.4230849,-0.103118,0.63487345,0.44657928,-0.103414334,0.5047851,0.48077872,-0.08440757,0.68354726,0.4333139,-0.119971246,0.66950786,0.52341676,-0.1049716,0.6332888,0.5419841,-0.09546888,0.52799964,0.5875535,-0.10764597,0.67581385,0.5394767,-0.13001575,0.6633905,0.60269684,-0.12550873,0.62381846,0.62834466,-0.122030936,0
0.50273585,0.78952086,-4.8418866e-07,0.5571411,0.6011865,-0.0016977198,0.5934081,0.39647585,-0.018221766,0.611569,0.24283558,-0.038840096,0.61514753,0.1260505,-0.053474944,0.5167439,0.27621335,-0.046380263,0.670454,0.19940612,-0.093165025,0.68132895,0.30265963,-0.109006606,0.6483222,0.34862894,-0.11681074,0.510005,0.35900897,-0.069493495,0.6922522,0.30812925,-0.10670349,0.68587935,0.40763995,-0.10067553,0.6460761,0.42942652,-0.09880482,0.52032346,0.4646262,-0.094594695,0.6989551,0.42523873,-0.12721692,0.68663824,0.5107534,-0.10783623,0.6489472,0.52703893,-0.09619138,0.5451489,0.5780528,-0.1205449,0.69257694,0.5340082,-0.13804159,0.6818409,0.5919965,-0.12656824,0.64288366,0.61470705,-0.11912965,0
0.4872049,0.7703682,-4.952272e-07,0.53083247,0.5866802,-0.0003669768,0.58180773,0.38759726,-0.016477207,0.6156305,0.23842621,-0.035924193,0.6239305,0.120031655,-0.049418513,0.52481794,0.26227555,-0.049669538,0.6859558,0.20927432,-0.09366244,0.6875353,0.3091454,-0.10859959,0.6501766,0.34775537,-0.11584052,0.52379745,0.34118238,-0.07168132,0.70375955,0.31614122,-0.102980345,0.6922077,0.40818602,-0.09543181,0.6542266,0.42545024,-0.093684636,0.5379187,0.4445139,-0.095011055,0.710932,0.43416074,-0.12088544,0.6929953,0.51419926,-0.10096843,0.6554443,0.5261484,-0.09031129,0.5641532,0.5565552,-0.11912597,0.7079041,0.54027826,-0.12945797,0.6888755,0.59658265,-0.115978315,0.647803,0.6123905,-0.1084382,0
0.47694755,0.75280476,-5.17928e-07,0.50037116,0.5626339,0.012038467,0.56111383,0.37108725,-0.0013590315,0.61419445,0.22524895,-0.019307453,0.62556195,0.122736245,-0.03228871,0.5343489,0.26375535,-0.047214143,0.69061637,0.21996231,-0.08385085,0.6857036,0.3079694,-0.093810156,0.6465903,0.3380009,-0.09825531,0.54083663,0.34250197,-0.07479305,0.7131993,0.31807107,-0.09648655,0.6965615,0.4070731,-0.08360403,0.658802,0.4250418,-0.07936238,0.55886126,0.44270816,-0.10157226,0.7206845,0.43371412,-0.11582034,0.69627225,0.50821894,-0.09090615,0.65806395,0.5199477,-0.07930694,0.58542824,0.5527065,-0.12833633,0.71758634,0.53853285,-0.12759568,0.6941677,0.5926621,-0.10733566,0.6548402,0.60662913,-0.09690018,0
0.47950548,0.7419123,-5.528891e-07,0.4918434,0.54197216,0.01636331,0.55372113,0.36103624,0.004918854,0.6157053,0.2201815,-0.010461696,0.6344905,0.1260637,-0.020681696,0.5445244,0.2521822,-0.042598523,0.69563794,0.2289807,-0.06951653,0.685391,0.32029504,-0.072353445,0.64453435,0.34905812,-0.07254143,0.5603423,0.33125624,-0.06939058,0.721737,0.32183006,-0.0813546,0.70103836,0.40880758,-0.06549485,0.66146964,0.42684472,-0.06023983,0.58551913,0.43340537,-0.093879044,0.7298796,0.43801966,-0.09763644,0.7021334,0.50805134,-0.070565745,0.6617087,0.51709855,-0.059792355,0.6152853,0.54377943,-0.11792812,0.73210895,0.53890467,-0.108866654,0.7046874,0.59295034,-0.08486712,0.6647884,0.59977907,-0.07298052,0
0.47988653,0.7249218,-5.7798746e-07,0.48685825,0.52179563,0.022452487,0.5433843,0.34707156,0.013656194,0.6061276,0.20985568,5.896026e-05,0.6383717,0.123425275,-0.008766645,0.5602615,0.24047282,-0.033023223,0.70242286,0.22734465,-0.053492874,0.6877338,0.3125652,-0.053615484,0.64665425,0.34111655,-0.05255748,0.5833063,0.31867588,-0.060628727,0.7304678,0.3254077,-0.066079274,0.70691586,0.40459388,-0.0502992,0.6679351,0.4215245,-0.045932677,0.6122498,0.42190757,-0.08495464,0.7399498,0.4391931,-0.082440175,0.70963496,0.5046763,-0.055238493,0.66908926,0.51435286,-0.04544479,0.6417075,0.5340763,-0.10830753,0.7431519,0.54171616,-0.09566021,0.7116313,0.5958861,-0.0708833,0.6717957,0.6004689,-0.058411926,0
0.4819811,0.7093483,-6.0794883e-07,0.4910379,0.49898714,0.02492691,0.54444736,0.33469763,0.019082509,0.60636264,0.20860192,0.008157786,0.633797,0.13139254,0.0016765749,0.5775936,0.2287449,-0.01802116,0.7060991,0.24085057,-0.032422915,0.68722355,0.31687775,-0.033322517,0.646578,0.34066546,-0.0337243,0.60586137,0.30959147,-0.044553906,0.7335024,0.33043444,-0.04564157,0.7099597,0.39874035,-0.03414872,0.67185724,0.41442397,-0.032396987,0.6374886,0.41457927,-0.06742393,0.7459847,0.43976757,-0.06176261,0.716834,0.499506,-0.03767693,0.67887175,0.50873005,-0.029476503,0.6677447,0.5295551,-0.08909029,0.7511404,0.54220694,-0.074984685,0.7183277,0.5924008,-0.050879844,0.68224233,0.5939554,-0.038110938,0
0.4895519,0.68493545,-5.956974e-07,0.49666902,0.47225195,0.018697366,0.5506589,0.31797022,0.015126694,0.6134631,0.20747222,0.008978373,0.6477675,0.13472992,0.0074604726,0.5928748,0.23080637,-0.019423066,0.70841336,0.24204016,-0.026218897,0.6912556,0.31013602,-0.021169554,0.6518585,0.33704174,-0.017112225,0.6312333,0.32032388,-0.038882036,0.7377871,0.33946094,-0.03254038,0.71487844,0.39643997,-0.019690188,0.67596924,0.41131228,-0.017003175,0.6687115,0.4286174,-0.054472856,0.7529712,0.44827244,-0.043331243,0.72517204,0.4971675,-0.020312374,0.68847543,0.50636697,-0.01303849,0.6991457,0.5413595,-0.06904977,0.7616851,0.5451521,-0.05322462,0.73021984,0.5890432,-0.028959295,0.69736165,0.595533,-0.015396787,0
0.49319828,0.67421174,-6.0531005e-07,0.5019814,0.45895544,0.020924108,0.55730724,0.31088555,0.020879986,0.62012285,0.21183173,0.017099485,0.66292423,0.14921114,0.017189676,0.6139531,0.22901796,-0.0037591758,0.7172143,0.24804994,-0.00780863,0.69996583,0.3128354,-0.006089445,0.6615026,0.33835864,-0.004426138,0.6551074,0.31954086,-0.022241844,0.74575865,0.34650642,-0.012103977,0.72331357,0.40025613,-0.0028382014,0.6849544,0.41577947,-0.0020159597,0.6918982,0.43040413,-0.037388492,0.75900334,0.45558584,-0.0237133,0.73192984,0.4998267,-0.0046270145,0.69561505,0.5105796,0.0007892109,0.7195963,0.54531705,-0.05147109,0.7667568,0.5522544,-0.03437726,0.73678094,0.5890056,-0.011748508,0.7038792,0.5981769,0.0015344503,0
0.5007659,0.6749675,-6.646373e-07,0.5094267,0.45176646,0.031492185,0.5667615,0.31007934,0.037291788,0.6295026,0.21446946,0.037510235,0.6702693,0.15375501,0.04032849,0.6358761,0.2347745,0.0076676942,0.7300584,0.2589333,0.01294064,0.7118407,0.32364368,0.020748343,0.6740027,0.34840983,0.025705805,0.6773861,0.32621008,-0.013199719,0.7567818,0.35964343,0.006820474,0.7328764,0.4111858,0.019475449,0.6948142,0.42658457,0.021012329,0.7112433,0.4399801,-0.029388912,0.7688699,0.4659704,-0.00729002,0.74128246,0.5066585,0.012575052,0.7042453,0.5179258,0.016440539,0.7337817,0.55613863,-0.043636195,0.7736944,0.5633371,-0.020573795,0.7434203,0.59639746,0.0032440878,0.7097058,0.6051669,0.016205952,0
0.51074636,0.67030436,-6.7937225e-07,0.52086043,0.44642067,0.030671617,0.57691115,0.30886832,0.035615318,0.639359,0.21395318,0.03510362,0.6769347,0.14711148,0.037005983,0.6541915,0.23697038,0.005638478,0.743994,0.2753152,0.011131639,0.7262615,0.33894774,0.019003797,0.6902678,0.36124063,0.023875322,0.6953318,0.32882905,-0.014779311,0.7674356,0.3754661,0.0063373623,0.74213,0.42624944,0.020391295,0.7045593,0.44075197,0.022645582,0.72694117,0.4434779,-0.03058747,0.77601475,0.4768787,-0.0067246417,0.7481713,0.51596844,0.01346801,0.7117263,0.5273033,0.017091088,0.7471434,0.56164086,-0.044755694,0.77770174,0.57626003,-0.020152275,0.74772835,0.60560954,0.0030618494,0.71552986,0.6122704,0.015499607,0
0.52315843,0.6703259,-7.341417e-07,0.5308708,0.44865602,0.028696874,0.5873799,0.31983268,0.032019317,0.6537707,0.23465203,0.031259887,0.6925138,0.17732981,0.032576837,0.67547375,0.23544739,-0.0045401477,0.7561278,0.2949871,0.003513227,0.73446,0.35715976,0.01307453,0.6979577,0.37522477,0.018093819,0.72099817,0.33582586,-0.023333233,0.7770041,0.38791275,0.0006328749,0.7501972,0.43133712,0.015676415,0.7129376,0.4462308,0.017795717,0.7518855,0.45736274,-0.03642561,0.78131187,0.4875394,-0.009971849,0.75404924,0.5202412,0.009459578,0.71942586,0.53203946,0.011770511,0.7681029,0.5776262,-0.047919277,0.78133017,0.5891179,-0.02266276,0.75368077,0.61350155,-0.00067482574,0.72427565,0.6204644,0.010839974,0
0.53628945,0.656651,-7.3505515e-07,0.5383848,0.4443879,0.0259737,0.5922629,0.3263892,0.02782458,0.6612445,0.25852644,0.0246659,0.70551383,0.20987654,0.023995422,0.6949173,0.23482999,0.0037459717,0.7655286,0.30110577,0.005809189,0.7442506,0.36169004,0.007733305,0.7078709,0.37713072,0.008054639,0.7409585,0.32750404,-0.015411342,0.7843637,0.3923988,0.0029498974,0.75607073,0.43689463,0.01158951,0.7192563,0.44886053,0.0108913,0.77149504,0.44340247,-0.030529615,0.78814554,0.48676702,-0.010085613,0.759639,0.52098846,0.0048402115,0.7250353,0.53113735,0.0064292094,0.78774893,0.5639152,-0.044773817,0.7884402,0.5900157,-0.023779903,0.7589821,0.61483645,-0.004754043,0.72810155,0.620978,0.0062559415,0
0.5520714,0.6286144,-7.002001e-07,0.5595885,0.42685688,0.022444403,0.61257696,0.32317495,0.021069044,0.67670304,0.2767537,0.014629634,0.721032,0.24610578,0.010425803,0.7140017,0.2321194,-0.0013063459,0.7752074,0.3085552,-0.00438574,0.75478446,0.37429297,-0.0071222195,0.7183549,0.39167637,-0.010271775,0.7591837,0.3198161,-0.020573968,0.79264367,0.40136907,-0.0075981705,0.7652416,0.44695002,-0.0032013403,0.7298716,0.4537729,-0.0066350494,0.7869582,0.43565655,-0.03631817,0.7978862,0.49607936,-0.021202564,0.76866174,0.5322408,-0.009130741,0.73427355,0.5374954,-0.008785869,0.79956,0.56002617,-0.051490087,0.7946659,0.60853773,-0.03583545,0.76316655,0.6315729,-0.01973096,0.7303285,0.63161516,-0.010147417,0
0.5684846,0.6013739,-6.8078236e-07,0.57608795,0.4091361,0.020800725,0.6277575,0.31614804,0.017888445,0.68884116,0.29266143,0.009507065,0.73205876,0.2805876,0.0029798353,0.74027926,0.23683305,0.0001873508,0.78716177,0.32129675,-0.0064449175,0.7643801,0.38305056,-0.014674058,0.7308822,0.39976242,-0.022285791,0.78347284,0.325164,-0.020294515,0.7993021,0.4180903,-0.011888219,0.7693062,0.4615238,-0.012532184,0.73788166,0.46587497,-0.019120013,0.8066194,0.44042134,-0.03784357,0.8019898,0.5156428,-0.026848298,0.77000123,0.55032706,-0.017626176,0.739161,0.5504904,-0.01871881,0.8139433,0.56464905,-0.055272,0.79798174,0.6298574,-0.043241806,0.7644989,0.6480763,-0.029553005,0.7337601,0.6409619,-0.021442078,0
0.5814892,0.5867502,-5.9818933e-07,0.5908112,0.39971542,0.023313837,0.6440276,0.3206516,0.017684745,0.706168,0.3250973,0.0051463405,0.7510383,0.35534367,-0.0061281966,0.7483069,0.23667806,0.003502987,0.79493177,0.3254525,-0.0053510587,0.76690143,0.38599473,-0.017399048,0.73108184,0.4010225,-0.028081918,0.793627,0.31774652,-0.019585151,0.81072366,0.40688264,-0.012681015,0.77952987,0.45158666,-0.015011104,0.74642104,0.460536,-0.022367042,0.81867296,0.43332478,-0.039803717,0.81398237,0.50659055,-0.028350307,0.78014904,0.54389364,-0.019343264,0.74835575,0.54850113,-0.020450305,0.8288545,0.5614493,-0.0598566,0.81105673,0.62427247,-0.04469285,0.77827865,0.6438566,-0.029286059,0.7481985,0.6415961,-0.020416934,0
0.5944793,0.58939487,-6.3012965e-07,0.59991986,0.4062847,0.02692439,0.65748125,0.3262238,0.025771417,0.7219882,0.3155875,0.018031891,0.77028525,0.32989544,0.012011465,0.760809,0.2382114,0.011232214,0.79591167,0.3211784,0.00979712,0.7703021,0.38223854,0.0038666062,0.73949236,0.40431893,-0.003134581,0.8077294,0.31663692,-0.011378593,0.81518906,0.39926663,0.00344604,0.7859602,0.44416705,0.004932441,0.7575382,0.4597469,-0.0012891389,0.8338498,0.43104267,-0.030666431,0.8244871,0.50032884,-0.01372755,0.7916575,0.5384981,-0.0033134266,0.76237243,0.5488122,-0.005186623,0.84441495,0.55886376,-0.049368568,0.82387555,0.61687374,-0.0315278,0.7918498,0.6368771,-0.015794475,0.7630317,0.6374481,-0.007552989,0
0.6050652,0.59061974,-6.5954055e-07,0.60564905,0.41002077,0.02019781,0.65752226,0.3311836,0.015419448,0.72059685,0.3307913,0.004780711,0.76742005,0.35485515,-0.0042832736,0.7757038,0.2429524,0.0057163434,0.8077284,0.32750237,-0.0024334225,0.780234,0.38440317,-0.015548287,0.7482254,0.4008372,-0.027613414,0.82165086,0.32613462,-0.015839618,0.8226445,0.41183123,-0.007927532,0.7911406,0.45331573,-0.011300879,0.76157004,0.46309346,-0.02046689,0.845503,0.4406872,-0.035079982,0.83007723,0.5122403,-0.02449487,0.7959133,0.5464276,-0.016355751,0.7665567,0.55034465,-0.018710459,0.8530402,0.5664543,-0.0545299,0.8285116,0.62954134,-0.04165896,0.7961052,0.6478233,-0.028224047,0.76866186,0.6439945,-0.02109919,0
0.6142691,0.58740145,-6.422204e-07,0.6142771,0.41291478,0.014961245,0.6646288,0.33705324,0.007813012,0.7237881,0.3402275,-0.0042773765,0.76448625,0.36055213,-0.015049256,0.786474,0.24991678,0.0016051758,0.8109716,0.33366734,-0.010531897,0.78171235,0.38824296,-0.028213948,0.7507919,0.40020582,-0.043214478,0.831595,0.33560747,-0.01802169,0.8299398,0.41741535,-0.013701799,0.7967556,0.4594145,-0.018920964,0.76822937,0.4658158,-0.028819013,0.8550548,0.44906104,-0.036019087,0.8364274,0.51899886,-0.028337276,0.80135024,0.55277705,-0.020938726,0.7723216,0.55468976,-0.023013676,0.86175036,0.5716128,-0.05480523,0.8342499,0.6325354,-0.043938212,0.80046326,0.6503401,-0.031182421,0.77349216,0.6458763,-0.024129765,0
0.62215614,0.5903294,-6.596756e-07,0.62227523,0.41587627,0.019993337,0.67677283,0.34405693,0.016018843,0.73873854,0.35056674,0.005890589,0.78184503,0.3800642,-0.0033175228,0.7907383,0.2505254,0.01118238,0.81291115,0.3273036,0.0025750524,0.782349,0.38144428,-0.01295466,0.7530414,0.39410228,-0.026719145,0.8377557,0.33430564,-0.010399302,0.8370488,0.41133684,-0.0029811221,0.8028101,0.45349705,-0.007864837,0.77406645,0.46222916,-0.017625038,0.8630246,0.44739664,-0.030143868,0.8465811,0.5107938,-0.020532385,0.81019443,0.545317,-0.013617914,0.78044724,0.5499449,-0.016184904,0.87186396,0.57018346,-0.050190885,0.8462593,0.6235833,-0.036925673,0.81244904,0.64362025,-0.023198674,0.784796,0.643511,-0.015924523,0
0.6252781,0.59167355,-6.887836e-07,0.628671,0.41536045,0.026539918,0.6835957,0.34544802,0.024986153,0.74518037,0.34707206,0.016196076,0.7900105,0.36513898,0.008605557,0.7936254,0.25123236,0.016129049,0.81627524,0.33345062,0.011109695,0.7870466,0.39175713,0.0002477621,0.75693387,0.4084424,-0.010382014,0.8416979,0.3285136,-0.008384809,0.84372085,0.42166588,0.001480954,0.80941045,0.46660882,-0.0022943248,0.7789821,0.47694835,-0.011391947,0.8677392,0.439905,-0.030144855,0.8536383,0.5223517,-0.017973347,0.81654286,0.56066245,-0.010684503,0.7865101,0.56439036,-0.013758143,0.8763434,0.56473804,-0.05166586,0.8509196,0.637924,-0.036643818,0.8162177,0.65920454,-0.022970391,0.7875599,0.6542097,-0.01610454,0
0.6237447,0.5970085,-6.939684e-07,0.6328759,0.41285715,0.025781475,0.6954398,0.34159198,0.024213014,0.75955325,0.34531337,0.015468349,0.8037566,0.37466264,0.007890235,0.7966208,0.24872941,0.016217371,0.8216506,0.34399801,0.008773618,0.7913108,0.4060174,-0.0052912915,0.7600951,0.42245543,-0.018259289,0.8419154,0.32863826,-0.00819897,0.84594333,0.42925796,2.0099154e-05,0.811549,0.474702,-0.0053024525,0.7818509,0.4831221,-0.015568591,0.86624914,0.44363222,-0.030040696,0.8544485,0.5337386,-0.01920966,0.81684023,0.5687964,-0.011825817,0.786985,0.56798506,-0.014498576,0.8739645,0.5699856,-0.051725164,0.8509915,0.64761627,-0.036385577,0.8163382,0.667369,-0.021802356,0.78931266,0.6587821,-0.01437117,0
0.62189174,0.6034734,-8.1671357e-07,0.62944245,0.4188929,0.025761243,0.6913838,0.32111734,0.030459471,0.75485647,0.26463592,0.029433597,0.7947901,0.22401515,0.029687384,0.8014471,0.25587204,0.015202964,0.82890016,0.35087582,0.0127046695,0.79930174,0.4108778,0.0049930303,0.76528496,0.42529777,-0.0028508168,0.8464212,0.3435037,-0.005805753,0.8484604,0.43945286,0.007361573,0.81489664,0.47991464,0.006458593,0.7833933,0.48630136,-0.00091735425,0.86881083,0.45947546,-0.023817008,0.85403824,0.53933805,-0.010734101,0.8178733,0.57053137,-0.002918111,0.7867762,0.5686914,-0.00541764,0.87315756,0.58356744,-0.04127362,0.84853727,0.65101546,-0.02798403,0.8141185,0.6667168,-0.0156284,0.785366,0.6554405,-0.009011095,0
0.6152797,0.60357046,-8.321054e-07,0.6247258,0.4183188,0.026375173,0.68852854,0.32181555,0.03180619,0.7525216,0.2658307,0.031385887,0.7925632,0.22149631,0.032468036,0.79967207,0.26068968,0.01617654,0.8293965,0.35259765,0.014922532,0.79937404,0.40828598,0.008494633,0.76557815,0.41984296,0.0015062846,0.84135914,0.35106665,-0.004674365,0.8427643,0.44043416,0.010110317,0.80934966,0.4787886,0.010908232,0.7788216,0.48469037,0.004282142,0.8610773,0.46736303,-0.022596588,0.84707236,0.53746784,-0.008511096,0.81145513,0.5667719,0.00032051647,0.78042555,0.5656258,-0.0017500923,0.86332065,0.5902781,-0.039948147,0.8409231,0.6486459,-0.026384411,0.80672187,0.66320646,-0.013811789,0.7779535,0.6530151,-0.0071724383,0
0.6049999,0.5973481,-7.9033896e-07,0.616501,0.41560858,0.021009335,0.6821013,0.3225125,0.02298591,0.74600446,0.27233386,0.019804029,0.785449,0.22572467,0.018468251,0.7936961,0.26493096,0.0111722965,0.8249732,0.3576249,0.0041797655,0.7944035,0.41351017,-0.007062694,0.7596313,0.4240499,-0.01704409,0.8337717,0.35433638,-0.008606492,0.8355355,0.44673836,0.0011460814,0.8018966,0.48478967,-0.0005700298,0.77222556,0.4885026,-0.008394303,0.8516836,0.47019306,-0.026313977,0.83829206,0.5459005,-0.016391639,0.80233467,0.57385045,-0.008453316,0.77201694,0.56946826,-0.010359583,0.85329604,0.5943986,-0.04397237,0.82966906,0.65894544,-0.033439565,0.795618,0.67218256,-0.021812333,0.76839226,0.6582616,-0.015312018,0
0.59197,0.59420335,-7.784936e-07,0.6046369,0.4173445,0.017847741,0.6702229,0.3195116,0.01730277,0.73370284,0.2694203,0.012190992,0.77908325,0.23836944,0.009335519,0.7838613,0.26479703,0.0052333525,0.8149904,0.3446813,-0.0029511417,0.7840807,0.40196523,-0.013070779,0.7492674,0.4126221,-0.021900158,0.8232345,0.35719132,-0.014098774,0.8258942,0.43960553,-0.005733288,0.79170316,0.47861376,-0.006094426,0.7609149,0.48222452,-0.012479184,0.8408968,0.474803,-0.03156374,0.8257476,0.5409969,-0.023275144,0.7898304,0.5701676,-0.015056949,0.7573628,0.56786686,-0.016256781,0.842648,0.60074556,-0.04916027,0.8153322,0.6585815,-0.040506482,0.780964,0.6736623,-0.028951798,0.75180095,0.66269106,-0.021860719,0
0.5784455,0.58314854,-7.315215e-07,0.5927662,0.40984777,0.013216418,0.65842104,0.31473854,0.01075055,0.7218969,0.2670856,0.0046406053,0.7661598,0.2315371,0.0006430947,0.7717043,0.26364034,5.394182e-05,0.8083403,0.36222556,-0.010190006,0.776236,0.4193213,-0.023061825,0.74057466,0.42433107,-0.033853948,0.8091928,0.36117393,-0.017254628,0.81718105,0.45574296,-0.0100699235,0.7832271,0.4929166,-0.011387355,0.75205696,0.49084702,-0.018507926,0.8250419,0.48057693,-0.033003155,0.81452096,0.554045,-0.024942156,0.7800951,0.5810708,-0.01623482,0.74785507,0.57540107,-0.017065087,0.8256048,0.60473806,-0.04938842,0.8011249,0.66449374,-0.0411023,0.76770294,0.6785837,-0.02911482,0.73809904,0.66740716,-0.0215347,0
0.5674516,0.5917921,-7.8145234e-07,0.5826529,0.41397226,0.012726031,0.65116525,0.3087867,0.012992873,0.71633667,0.24748108,0.010595037,0.75687486,0.19163868,0.01023382,0.7593436,0.26500767,-0.0013461452,0.793676,0.37372372,-0.008662526,0.7577578,0.42749655,-0.018374499,0.7204205,0.42738816,-0.027671264,0.79564124,0.3600073,-0.017049095,0.8004078,0.46297634,-0.0091694435,0.7630515,0.4972327,-0.0101996185,0.7314456,0.49128023,-0.017264487,0.8111021,0.4787914,-0.030717006,0.7990903,0.555887,-0.023023337,0.7621949,0.58299565,-0.014996968,0.7300204,0.57691205,-0.016387453,0.81264687,0.6028622,-0.044755626,0.78626347,0.6622259,-0.038857196,0.75046736,0.6795769,-0.028544307,0.7214677,0.6707555,-0.02193032,0
0.54715276,0.584851,-8.045455e-07,0.56696415,0.41259155,0.015912723,0.6343758,0.31546378,0.015655214,0.6972995,0.26547456,0.011812122,0.73838544,0.22357649,0.009820461,0.74223256,0.26794225,-0.001005418,0.77358305,0.36014885,-0.00937896,0.73725414,0.413561,-0.01860159,0.6999254,0.41689917,-0.026502594,0.7760275,0.3661406,-0.018006112,0.7769476,0.4531937,-0.011706558,0.7401315,0.48708358,-0.012266425,0.7085947,0.4881362,-0.017781701,0.7892853,0.48583576,-0.032676883,0.77349216,0.5531108,-0.025479466,0.73648405,0.57799554,-0.017621996,0.7046748,0.57466143,-0.018183261,0.7890242,0.60947585,-0.0474234,0.7620811,0.66754574,-0.04034191,0.7260088,0.68112755,-0.029780788,0.69741863,0.6713071,-0.022654478,0
0.52903074,0.5872134,-7.97387e-07,0.5459338,0.41597533,0.015375941,0.6122276,0.32403138,0.011782421,0.67593646,0.29349318,0.0040031793,0.718831,0.2681597,-0.0016648133,0.7183984,0.2609626,-0.00017612755,0.7470322,0.36303684,-0.0151786925,0.7087089,0.41957998,-0.030886523,0.6691832,0.4219883,-0.043080676,0.75480103,0.3539665,-0.020497078,0.7538085,0.44994926,-0.02108904,0.71687007,0.48640406,-0.02815359,0.68540895,0.4850431,-0.037901707,0.7720233,0.47139585,-0.039074875,0.75663775,0.55161667,-0.037329216,0.7186047,0.5802251,-0.03148336,0.6869324,0.57405037,-0.03306643,0.7760469,0.5961155,-0.058079224,0.74812263,0.66571426,-0.053998478,0.7090493,0.68458474,-0.043439373,0.6788909,0.67589957,-0.036428012,0
0.5112179,0.5842708,-7.770987e-07,0.5275461,0.41125405,0.012005735,0.5958357,0.307746,0.009076471,0.66518635,0.26032364,0.0032148848,0.70866054,0.21840414,-0.001139047,0.7018618,0.2694148,-0.0055275573,0.736254,0.35429132,-0.018853547,0.70217365,0.4089355,-0.03282691,0.6643185,0.41625482,-0.043396942,0.7342518,0.3710984,-0.02231762,0.7392838,0.44835657,-0.018902762,0.7052672,0.48258057,-0.0227083,0.67333585,0.48451638,-0.030819267,0.7474366,0.49224883,-0.037275553,0.7386174,0.552822,-0.032806054,0.7024818,0.5766436,-0.026183164,0.67042685,0.57284504,-0.027539259,0.7479986,0.6167528,-0.052516162,0.727393,0.66955507,-0.047453467,0.6906811,0.6830461,-0.03682453,0.6614764,0.6755389,-0.029730177,0
0.49393326,0.5662087,-6.754226e-07,0.51765513,0.3954758,0.016305493,0.5831544,0.30130932,0.011681403,0.6493814,0.26731932,0.0029287257,0.6921571,0.25458097,-0.00457435,0.68021494,0.26407295,-0.008300598,0.7270049,0.35040015,-0.02173422,0.69604534,0.40832797,-0.03374608,0.65782225,0.4164026,-0.042574186,0.7119607,0.3674751,-0.027764633,0.72953254,0.44613153,-0.02569913,0.6965226,0.48360315,-0.028008899,0.66177666,0.48560265,-0.033971157,0.72422075,0.49286315,-0.044623002,0.7198591,0.55291575,-0.038879175,0.684307,0.57982415,-0.03130521,0.65189236,0.5770715,-0.031968053,0.7241497,0.6228075,-0.061313342,0.701006,0.6786219,-0.0540255,0.6652988,0.69100475,-0.042742666,0.6369902,0.682938,-0.035498444,0
0.46654582,0.569193,-6.6815863e-07,0.49032405,0.39633703,0.016982093,0.55480224,0.30168295,0.011548456,0.62375,0.26831895,0.0017307872,0.67074114,0.25644928,-0.0059976373,0.6519592,0.26246977,-0.008044733,0.71280545,0.35406917,-0.023650192,0.6814585,0.41570124,-0.03472788,0.6383204,0.42380637,-0.041691415,0.6839684,0.36572734,-0.028636772,0.71895033,0.45436195,-0.028952032,0.6835016,0.49772134,-0.029691633,0.64444405,0.49546885,-0.03347935,0.69747424,0.49242693,-0.047127895,0.71027213,0.56609344,-0.044985272,0.6731398,0.59646815,-0.03628991,0.6372265,0.58904463,-0.03480205,0.69850785,0.6248972,-0.065114304,0.6885489,0.6891397,-0.059989396,0.6509179,0.7000984,-0.048434194,0.6195829,0.68394434,-0.040423624,0
0.4387701,0.5809867,-4.9472834e-07,0.4701814,0.40602374,0.010533047,0.54182297,0.3093204,0.0030952268,0.61285776,0.2594633,-0.007470314,0.6548928,0.23323551,-0.015160692,0.6255659,0.26770622,-0.016633209,0.69750637,0.34522098,-0.039324023,0.67671025,0.41657543,-0.053487655,0.6374669,0.4353152,-0.0603214,0.6535213,0.37927216,-0.03463263,0.70281655,0.45240322,-0.04027193,0.6751464,0.5042987,-0.04003525,0.637058,0.5097589,-0.041738857,0.6631404,0.51149493,-0.051492415,0.6832569,0.57942,-0.051104072,0.65287524,0.60919046,-0.0408579,0.61781,0.6002075,-0.037946794,0.6598075,0.6444204,-0.06865884,0.6499894,0.71070516,-0.063149825,0.61819595,0.7189594,-0.051509507,0.590546,0.6996881,-0.04372817,0
0.40675566,0.5994092,-5.4699456e-07,0.442478,0.41940847,0.010311206,0.5153094,0.30996862,0.0014905747,0.5899335,0.24348551,-0.009019454,0.6301954,0.20903549,-0.015649326,0.5934515,0.26593035,-0.028387759,0.6731074,0.33209512,-0.046155598,0.6451976,0.40020782,-0.05106693,0.59784865,0.40691516,-0.05159585,0.61939275,0.37496072,-0.045341313,0.6830495,0.43354392,-0.048091378,0.65300727,0.48912257,-0.041551847,0.6105074,0.49481198,-0.03947807,0.6322391,0.5059473,-0.059834555,0.6652118,0.56397116,-0.055178285,0.6349552,0.5993599,-0.040472854,0.5965416,0.59431016,-0.035915554,0.6328787,0.63840073,-0.074274816,0.6392649,0.6950625,-0.06511167,0.6072766,0.7092468,-0.050353456,0.5775557,0.69716024,-0.041154973,0
0.3668367,0.60579157,-5.851483e-07,0.40557665,0.42702755,0.019672038,0.4862218,0.31762835,0.017839069,0.5598659,0.2506225,0.0107993735,0.5990699,0.19617322,0.007692674,0.55837095,0.25895333,-0.0002461572,0.6480464,0.34214693,-0.016354796,0.6254744,0.41147196,-0.023311915,0.5803789,0.42766103,-0.025391111,0.58513355,0.35516113,-0.02088839,0.6524221,0.450664,-0.022094024,0.6230694,0.50882804,-0.01980026,0.5830103,0.5125561,-0.021016272,0.60194707,0.4744369,-0.04018208,0.6466188,0.57746255,-0.036333628,0.6126658,0.6196599,-0.024399599,0.5751946,0.6110048,-0.02124035,0.6082079,0.6015483,-0.059146624,0.6291011,0.6987505,-0.049741726,0.5925908,0.72203445,-0.036387388,0.56078523,0.70569015,-0.028181028,0
0.33737928,0.6088908,-4.021287e-07,0.37845767,0.43390062,0.012253703,0.46497747,0.3092856,0.0082237255,0.5423795,0.23400465,0.0004831118,0.5794399,0.16804317,-0.0029327134,0.52118903,0.2582219,-0.008389619,0.6311966,0.3242444,-0.030757949,0.6167814,0.3932401,-0.041380715,0.5750872,0.41361278,-0.04407871,0.5428963,0.36046997,-0.026765289,0.6423627,0.43368125,-0.033992875,0.6186569,0.49111173,-0.031414583,0.5783467,0.49674258,-0.030818446,0.55905324,0.4812014,-0.044702016,0.636634,0.55416226,-0.045110438,0.6073189,0.601898,-0.02857239,0.57026666,0.6014824,-0.020526655,0.5668508,0.6072755,-0.062779404,0.6247566,0.66554135,-0.055426978,0.591938,0.70259005,-0.03651458,0.55957913,0.7010919,-0.02367838,0
0.3095321,0.6317873,-2.651372e-07,0.34838256,0.4492479,0.007641792,0.43687394,0.31033587,2.2114988e-05,0.51936877,0.23215604,-0.009765265,0.5588408,0.17691833,-0.014839631,0.48194715,0.24438393,-0.024486879,0.6042685,0.307091,-0.04829662,0.59596443,0.37280956,-0.05578463,0.5569672,0.39444983,-0.05567884,0.50169474,0.35238504,-0.04259846,0.63015985,0.4068048,-0.054829773,0.61257666,0.46534446,-0.048364736,0.5698987,0.48084846,-0.042547066,0.51629364,0.4800692,-0.059784807,0.61915857,0.5334649,-0.061085008,0.5947014,0.58091015,-0.040227484,0.55588603,0.5863014,-0.027899258,0.5245678,0.6133497,-0.07720739,0.6006916,0.6395818,-0.06727323,0.5750247,0.67155504,-0.043903764,0.54381704,0.6762678,-0.02800735,0
0.28210926,0.63676345,-2.436649e-07,0.31961793,0.44787815,0.013419934,0.40476686,0.30965966,0.0062985527,0.4892048,0.24018423,-0.0037758774,0.5424891,0.1991235,-0.008892221,0.45086485,0.2374439,-0.025889829,0.5838308,0.30087674,-0.04850554,0.5713149,0.36315215,-0.053443532,0.5312251,0.3831981,-0.05168098,0.46945277,0.34285873,-0.045948353,0.6114937,0.39400393,-0.057113837,0.5954323,0.4492174,-0.04761134,0.55572635,0.4694043,-0.039748594,0.48388454,0.4692761,-0.06398922,0.59202075,0.52274513,-0.06259099,0.5639041,0.5616506,-0.038654484,0.5238041,0.56214786,-0.024709715,0.4919463,0.6015264,-0.081698075,0.570068,0.6284111,-0.06713605,0.5408957,0.6523079,-0.040577568,0.5081015,0.64866406,-0.022993676,0
0.2546082,0.6438438,-2.4184397e-08,0.2916717,0.45105729,0.01233971,0.37868845,0.30723,0.0037835026,0.46632144,0.23747234,-0.0067666327,0.517065,0.21037817,-0.012028295,0.4197836,0.23602648,-0.033044685,0.5469817,0.290987,-0.05247557,0.5303549,0.3536542,-0.054439716,0.48770696,0.37003055,-0.051254604,0.43773344,0.3440101,-0.05276779,0.5909047,0.37905264,-0.06200243,0.6016713,0.42883524,-0.05317706,0.5868245,0.44711453,-0.047067657,0.45267496,0.47204772,-0.068969645,0.559626,0.5147868,-0.068193264,0.52699435,0.5536284,-0.042444088,0.48584148,0.5516614,-0.026952578,0.46199542,0.60792625,-0.08448175,0.54269403,0.6200964,-0.06908441,0.50692064,0.6448274,-0.036865775,0.47121748,0.64331156,-0.015329835,0
0.23387773,0.6581265,-1.0434478e-07,0.26677054,0.46386886,0.008695705,0.35353595,0.31422013,-0.0017279525,0.4428696,0.24055795,-0.013686978,0.49130854,0.21864489,-0.020378208,0.3882671,0.23373093,-0.031840216,0.5107278,0.28358197,-0.051811587,0.49336827,0.34617764,-0.057163823,0.4542555,0.3570266,-0.05754446,0.40675798,0.34422618,-0.05011946,0.54706866,0.38588026,-0.056079723,0.5536443,0.4298681,-0.049240142,0.5407068,0.43323588,-0.047479466,0.424588,0.47287658,-0.06566387,0.5263493,0.5193873,-0.0663646,0.4931823,0.5561815,-0.04479224,0.45382085,0.54806435,-0.03352272,0.4382159,0.60524803,-0.08053272,0.51431787,0.6212884,-0.06894407,0.4775024,0.6491374,-0.040441323,0.44336173,0.6445261,-0.022062568,0
0.20981354,0.6657404,-3.5521367e-07,0.24317805,0.47357768,0.007747806,0.3305002,0.31667784,-0.00029095777,0.41100192,0.22520998,-0.0102882,0.45146245,0.16240638,-0.0141669195,0.3599537,0.22953689,-0.025410611,0.486368,0.28412235,-0.047258288,0.4674012,0.34454113,-0.05352509,0.42879108,0.35802376,-0.054393545,0.3758504,0.34346294,-0.043039333,0.5101871,0.38908005,-0.053982273,0.48897392,0.443586,-0.04719498,0.45536268,0.45223632,-0.043163154,0.39251155,0.4733947,-0.059204087,0.5029794,0.52077615,-0.06340064,0.47358495,0.56418383,-0.04309829,0.43671352,0.56178427,-0.031142322,0.40555495,0.6046932,-0.07493255,0.4938742,0.62848645,-0.065885685,0.46280473,0.65742946,-0.04169954,0.4273489,0.65320474,-0.025500461,0
0.19261546,0.6779686,-5.120628e-07,0.22025682,0.48253357,0.00658913,0.30592144,0.32034135,-0.0012268998,0.38443762,0.22572896,-0.011122546,0.42248902,0.15211314,-0.01444585,0.33360937,0.23696141,-0.028885448,0.46524894,0.29419088,-0.052926015,0.44211876,0.35305232,-0.05856267,0.40099996,0.35800543,-0.059109557,0.34885794,0.35045263,-0.047065068,0.48253077,0.40091804,-0.05943574,0.44884235,0.4514518,-0.049354985,0.4061541,0.45050642,-0.043599196,0.36459705,0.47933403,-0.06444868,0.47745857,0.52267736,-0.07046942,0.444128,0.56322324,-0.048136696,0.40557495,0.5569788,-0.03547634,0.37698013,0.6101347,-0.08162584,0.47500253,0.63010484,-0.075893834,0.4427996,0.65510714,-0.052863687,0.40340567,0.64739174,-0.03776699,0
0.182853,0.6876199,-4.8901956e-07,0.20288087,0.49156746,0.0068152174,0.28645435,0.32700014,-0.0017545576,0.36510003,0.23035124,-0.012594533,0.39861003,0.14484921,-0.016876655,0.3148337,0.24544626,-0.033201903,0.45535657,0.30117106,-0.0590633,0.4307795,0.35820636,-0.06355414,0.38738048,0.36405018,-0.06255975,0.32887834,0.35706657,-0.051813107,0.47075003,0.4038212,-0.06540469,0.43513733,0.45159128,-0.052476145,0.39054126,0.4530135,-0.04473742,0.3428069,0.48237652,-0.06975424,0.46518672,0.51794183,-0.07647313,0.4291354,0.55700135,-0.05157384,0.38837662,0.5544944,-0.037088152,0.35486796,0.6094373,-0.08752018,0.46180862,0.6205326,-0.08181063,0.43119025,0.64484143,-0.057822965,0.39191133,0.6425528,-0.04216908,0
0.17383409,0.69647694,-4.4649562e-07,0.19028038,0.4978791,0.0051330244,0.27253374,0.32836598,-0.0037996983,0.34948868,0.22861251,-0.014485808,0.38816166,0.14529893,-0.018947784,0.30022877,0.24949123,-0.036423806,0.44476977,0.30096263,-0.06276762,0.42354423,0.35921982,-0.06771501,0.3800918,0.36751476,-0.067166746,0.31375107,0.36265182,-0.054558683,0.45590323,0.40697595,-0.06766277,0.4232329,0.45546806,-0.054761972,0.37918302,0.45636478,-0.048128605,0.32743484,0.48928908,-0.07207145,0.45247602,0.5191803,-0.07897525,0.4166997,0.5598086,-0.05343389,0.37473378,0.55654633,-0.039486095,0.33885112,0.61609316,-0.08953531,0.44350767,0.62602323,-0.08563664,0.40944684,0.6554149,-0.061452597,0.36753273,0.65320605,-0.04587967,0
0.16657332,0.6956892,-4.449252e-07,0.18535836,0.49642766,0.0053655417,0.26301688,0.32528752,-0.0042270916,0.33797786,0.2220993,-0.015647832,0.38134593,0.14027822,-0.021393744,0.29000986,0.2557728,-0.037344497,0.43418318,0.29923612,-0.06393336,0.41410884,0.35850868,-0.069544435,0.3723494,0.36986437,-0.0694444,0.3040246,0.3702454,-0.055552833,0.44624364,0.41048652,-0.06803186,0.4128712,0.45856297,-0.055430457,0.36833096,0.46033883,-0.049225546,0.3184953,0.49689364,-0.07287274,0.4416348,0.5210419,-0.078924686,0.40487638,0.560798,-0.052958567,0.3623426,0.557771,-0.038953662,0.33014563,0.622092,-0.09007639,0.431513,0.62599933,-0.085633256,0.3970276,0.65608376,-0.060329802,0.3557412,0.65524054,-0.043851566,0
0.15875845,0.7021215,-4.4220673e-07,0.17743033,0.50236976,0.0048954585,0.254341,0.33290327,-0.0059179524,0.32987484,0.23038585,-0.018284334,0.3736758,0.15220207,-0.025055824,0.28202653,0.2610745,-0.04242652,0.427379,0.30380294,-0.06994099,0.40495825,0.36544612,-0.0754123,0.36190012,0.37543437,-0.075373255,0.29511115,0.37408805,-0.06082868,0.43962565,0.4155798,-0.07418682,0.40439615,0.4648399,-0.060745675,0.35939372,0.46552488,-0.054087907,0.30875328,0.50049174,-0.07818229,0.4328104,0.52920777,-0.08400565,0.39416718,0.5668156,-0.057387587,0.35147604,0.5617436,-0.043333787,0.31992576,0.6254025,-0.09546097,0.4205339,0.6324847,-0.09000209,0.3858936,0.65995985,-0.064499766,0.34633732,0.65656877,-0.048328575,0
0.14965042,0.69526947,-4.3073442e-07,0.17249458,0.49735963,0.005462445,0.24884051,0.3320764,-0.0065706205,0.3234027,0.23046806,-0.020193601,0.36466762,0.15419957,-0.02827651,0.27161798,0.2639745,-0.046983615,0.42049593,0.3032434,-0.075154044,0.39918038,0.3645423,-0.07981254,0.35660127,0.3747788,-0.07900204,0.28298143,0.37842447,-0.065982945,0.43170694,0.4190447,-0.08063951,0.39550036,0.4659826,-0.066240504,0.34860858,0.46615416,-0.058668375,0.29581392,0.50511307,-0.083536774,0.42307577,0.5337066,-0.08954147,0.38415173,0.56787056,-0.06235129,0.34065887,0.5616667,-0.047820628,0.3069393,0.6292709,-0.10091383,0.4094329,0.6356611,-0.09507727,0.37547076,0.6597034,-0.06936327,0.33569005,0.65520275,-0.05307833,0
0.13846688,0.68692666,-4.3549073e-07,0.16323131,0.49464357,0.001437878,0.24154463,0.33339667,-0.012372512,0.31593192,0.23214841,-0.026613407,0.35334694,0.1533226,-0.034868784,0.26228908,0.262245,-0.05140804,0.41047317,0.3075834,-0.080777645,0.3871566,0.36580423,-0.085712664,0.34275568,0.372422,-0.08498927,0.272563,0.37537396,-0.06867138,0.4213012,0.42022353,-0.08472929,0.38447434,0.4651083,-0.070701435,0.3370795,0.46329063,-0.06320922,0.28442603,0.5005007,-0.08472373,0.41260815,0.5343706,-0.09200622,0.37298673,0.5667094,-0.065666676,0.32919052,0.5577724,-0.05159482,0.2951573,0.6237686,-0.100941285,0.3973147,0.6370291,-0.0967954,0.36276022,0.6605913,-0.07273859,0.32339248,0.6527127,-0.05758237,0
0.12852064,0.68614614,-4.2077193e-07,0.15464428,0.49819103,2.7217771e-05,0.2344105,0.33520842,-0.01469664,0.30901957,0.23223561,-0.02976813,0.3432354,0.15487918,-0.038782973,0.25101912,0.25889316,-0.054237276,0.39907575,0.30603194,-0.08621645,0.37485725,0.36735472,-0.09232483,0.3306403,0.37334737,-0.0922301,0.2591195,0.3711851,-0.072019525,0.41011837,0.41979456,-0.091065496,0.37195116,0.46717134,-0.077319525,0.32396397,0.46431834,-0.06945051,0.26951015,0.49661493,-0.088937044,0.40192708,0.5375029,-0.09873489,0.3611445,0.5700144,-0.0726394,0.31653547,0.5598541,-0.058276962,0.27982724,0.6214781,-0.1061648,0.38480064,0.6415608,-0.10372148,0.34968796,0.665101,-0.08057035,0.30975008,0.6556766,-0.065956384,0
0.11726166,0.69480884,-4.066743e-07,0.1415758,0.50926316,-0.0009481519,0.223728,0.34452513,-0.015705794,0.30057636,0.2384944,-0.030532474,0.3353739,0.15068272,-0.039306723,0.23562592,0.26652786,-0.05459687,0.38551432,0.30401728,-0.08711796,0.36251014,0.3631169,-0.093485095,0.31784427,0.371669,-0.093153894,0.24403805,0.37584153,-0.07153847,0.3976802,0.41750073,-0.08986309,0.360794,0.4636496,-0.075731345,0.31292307,0.46189788,-0.06782111,0.25450578,0.49977782,-0.087831914,0.39007643,0.535208,-0.09712456,0.3496077,0.5682276,-0.070900396,0.3042833,0.55888206,-0.05674134,0.26500627,0.6239522,-0.104533054,0.37153664,0.64031374,-0.102013364,0.335975,0.6646283,-0.07902975,0.2944888,0.6545179,-0.06472396,0
0.10833444,0.6966985,-4.089499e-07,0.13265166,0.50963503,-0.001216421,0.21399522,0.3448869,-0.016066447,0.28981033,0.23730378,-0.031115271,0.32476845,0.14690048,-0.03992442,0.22439158,0.26701492,-0.054922007,0.37431008,0.3018427,-0.08751647,0.35249907,0.36097845,-0.093992725,0.3094213,0.36715364,-0.09405418,0.23069346,0.3768063,-0.071694754,0.38543928,0.41825455,-0.090454586,0.34880075,0.46344176,-0.07663197,0.30190396,0.45906004,-0.06937242,0.23981991,0.50040203,-0.087837294,0.3777296,0.5375492,-0.09782935,0.33781454,0.5675025,-0.07270552,0.29230738,0.554905,-0.059471685,0.24934942,0.62388813,-0.10436895,0.35975444,0.64202833,-0.102525845,0.3253274,0.6623756,-0.08088206,0.28254816,0.64957124,-0.0676604,0
0.101411045,0.70444214,-3.5400245e-07,0.12465669,0.51691204,-0.0025335997,0.20360938,0.3489757,-0.018136388,0.27774477,0.23915397,-0.033805065,0.314108,0.15008935,-0.043264475,0.21476385,0.26380146,-0.05487764,0.36410663,0.30357516,-0.086170495,0.34583074,0.36165598,-0.09230154,0.30637854,0.3676033,-0.09280407,0.21994703,0.37152094,-0.07143229,0.37733498,0.41779646,-0.09059029,0.34243068,0.4630426,-0.07806234,0.29623738,0.45996913,-0.07159578,0.22881356,0.49480423,-0.08726875,0.36998868,0.53591365,-0.09822664,0.3298576,0.56642026,-0.07493216,0.28416514,0.55484796,-0.06255802,0.23895094,0.6190326,-0.1035505,0.35255876,0.6393861,-0.10313324,0.31891203,0.6598286,-0.083073385,0.27641433,0.648441,-0.07062345,0
0.10115841,0.7126027,-3.473827e-07,0.12265916,0.52566594,-0.001816215,0.20071596,0.3513338,-0.016599722,0.27175394,0.23570533,-0.031357456,0.30580783,0.13884968,-0.039981373,0.20896597,0.26692083,-0.056520335,0.36190507,0.30857304,-0.08799037,0.3446593,0.3704083,-0.09290288,0.305612,0.37707824,-0.092471324,0.21465549,0.37437028,-0.073418126,0.37678534,0.4217323,-0.09266893,0.34206972,0.47142643,-0.07910901,0.29595014,0.46858105,-0.0720753,0.22407573,0.49874094,-0.08945407,0.36855122,0.54177666,-0.10094027,0.32789528,0.5757281,-0.07760269,0.28223822,0.56312734,-0.06527815,0.23493277,0.62302005,-0.105728716,0.35090402,0.64585334,-0.10517058,0.31664264,0.6678336,-0.08544201,0.27326342,0.65558124,-0.07357339,0
0.10431549,0.71870726,-3.4490532e-07,0.12720107,0.537858,-0.0042411787,0.2052619,0.3627197,-0.02007741,0.27589798,0.24605224,-0.035827506,0.30899423,0.14421082,-0.044578884,0.20697321,0.27219456,-0.055232175,0.36478412,0.31513304,-0.089969605,0.34263742,0.37745842,-0.09790091,0.30007026,0.380062,-0.09937783,0.21058598,0.37946922,-0.071643196,0.37575823,0.42515448,-0.093588986,0.3402018,0.4742742,-0.08220126,0.2954622,0.46959794,-0.07668677,0.21964608,0.5038681,-0.08797822,0.36903733,0.54379034,-0.10186092,0.32988447,0.57814014,-0.079350606,0.28589863,0.5654598,-0.0675273,0.23169598,0.6283419,-0.10488807,0.35294104,0.6498339,-0.105814196,0.31848425,0.6715189,-0.08688243,0.27501774,0.6605278,-0.075648606,0
0.11470321,0.71988344,-3.747187e-07,0.13730575,0.5399097,-0.0076840906,0.21908358,0.36718845,-0.023229145,0.28988987,0.24886136,-0.037937246,0.31766823,0.1451565,-0.045449503,0.21907763,0.27522683,-0.053705517,0.37501776,0.32230374,-0.088937216,0.3494117,0.38366216,-0.09803808,0.30407688,0.38345543,-0.10035782,0.22291476,0.3827849,-0.068373844,0.386039,0.4305251,-0.08963153,0.3487897,0.47818765,-0.07843462,0.30413413,0.47305667,-0.07345135,0.23173925,0.50684035,-0.08373146,0.37960374,0.55015385,-0.09805213,0.33946022,0.58483386,-0.07619395,0.29607573,0.57307696,-0.0650829,0.24423602,0.6310303,-0.10015109,0.36584887,0.6581188,-0.10190964,0.3280466,0.6813123,-0.08403297,0.2829545,0.6707084,-0.07380334,0
0.11568414,0.6971056,-3.927052e-07,0.14279455,0.52043813,-0.007367069,0.22782792,0.3562032,-0.022253163,0.29926962,0.24784496,-0.036133554,0.33104718,0.1494618,-0.042754084,0.23128808,0.27921814,-0.054106843,0.38649553,0.32456356,-0.089155555,0.3602962,0.38148725,-0.09693257,0.31425473,0.38235733,-0.09767514,0.23804954,0.3917419,-0.06811375,0.39796358,0.43497944,-0.09019259,0.35903332,0.4801113,-0.07865685,0.31434682,0.47740155,-0.072413675,0.24932304,0.51673406,-0.08255236,0.3918254,0.5558162,-0.09723568,0.351316,0.588147,-0.07417488,0.30916646,0.5775791,-0.061422285,0.26239157,0.639921,-0.0978485,0.37781212,0.6623298,-0.09898445,0.33965117,0.6841654,-0.0793133,0.29664147,0.6744118,-0.0673129,0
0.13468729,0.69519347,-3.7234088e-07,0.15893856,0.51172817,-0.004087462,0.24204516,0.35272676,-0.01990836,0.3160843,0.25205004,-0.034906644,0.3507825,0.15884382,-0.043047145,0.25236836,0.2911181,-0.060077496,0.4072538,0.33428103,-0.094527565,0.38023365,0.38603315,-0.09967162,0.33253348,0.3909505,-0.09720164,0.2604781,0.40977225,-0.07459912,0.42121822,0.44071674,-0.09597123,0.38167918,0.48099577,-0.08072752,0.3325534,0.48435116,-0.07059702,0.27247918,0.53744906,-0.08838465,0.41057637,0.5612298,-0.09978817,0.36929524,0.5892645,-0.0718578,0.32445058,0.58499736,-0.05533951,0.28499645,0.6617563,-0.10255886,0.39364517,0.66747046,-0.099351704,0.3549315,0.6865566,-0.07459569,0.31166992,0.68108433,-0.058851052,0
0.15043926,0.6956322,-3.2068036e-07,0.17272052,0.5098774,-0.00097354647,0.25539213,0.3563074,-0.017144129,0.33144403,0.26327097,-0.033361282,0.3685865,0.17175317,-0.04315898,0.27758178,0.29745448,-0.058571268,0.43588683,0.33258694,-0.09464185,0.41530162,0.39009404,-0.10173854,0.36560762,0.40582386,-0.09947924,0.287388,0.4128182,-0.074874744,0.45029125,0.44013447,-0.09727912,0.41375038,0.4865492,-0.08260406,0.36020255,0.49262428,-0.07174578,0.29863858,0.5410245,-0.090210855,0.43905053,0.5567473,-0.10176051,0.39744425,0.5918665,-0.071744666,0.3492465,0.5907967,-0.052772515,0.30850226,0.6681199,-0.10568048,0.41636148,0.6663269,-0.102959864,0.3787607,0.6884399,-0.07608758,0.3341243,0.6847137,-0.057827167,0
0.17008658,0.7100888,-4.2554643e-07,0.19041042,0.51454574,-0.00015212865,0.27478302,0.35444236,-0.014927808,0.3542918,0.25531524,-0.029510152,0.38387454,0.16372699,-0.03761579,0.2990858,0.29011738,-0.05484246,0.44532776,0.334103,-0.084145404,0.4228981,0.38643876,-0.08769719,0.37819812,0.39410564,-0.085077696,0.3142239,0.41292095,-0.07015627,0.46395785,0.4411926,-0.08597709,0.42793342,0.48356882,-0.069955595,0.37835106,0.48773816,-0.059957106,0.3300079,0.54373884,-0.08390033,0.4643268,0.5562515,-0.091668405,0.42633545,0.58957636,-0.062259156,0.38084456,0.5921121,-0.04477297,0.3422706,0.67063236,-0.09763824,0.44961238,0.6647446,-0.09330077,0.41520098,0.68496263,-0.0671174,0.37212348,0.6839937,-0.04974216,0
0.19159856,0.70780385,-4.4019308e-07,0.2126719,0.5120622,-0.0022396576,0.2969279,0.35164735,-0.015575472,0.3746504,0.25197154,-0.028537236,0.4055644,0.15513995,-0.03435718,0.3273861,0.29077873,-0.045334894,0.4695007,0.33723813,-0.0730619,0.44307446,0.3891701,-0.07824093,0.39774328,0.3927499,-0.07749388,0.34646207,0.41311887,-0.058675453,0.489447,0.45069474,-0.07319743,0.4515379,0.48988518,-0.061515268,0.40367043,0.4854954,-0.05502634,0.36543047,0.544729,-0.071102835,0.48985642,0.5715283,-0.07757381,0.45157623,0.60156447,-0.052159116,0.40794498,0.5953873,-0.038117513,0.37985706,0.6721629,-0.083832465,0.47918648,0.6806549,-0.07871767,0.44334793,0.69930226,-0.05488415,0.40162662,0.69200635,-0.039569404,0
0.21087109,0.69958913,-4.0032847e-07,0.23962031,0.49982074,0.0035636313,0.32691887,0.3447364,-0.0056252903,0.4046726,0.25253057,-0.014055023,0.4360444,0.16498107,-0.01625509,0.35851076,0.28550297,-0.039890137,0.49550614,0.3364426,-0.06131035,0.4756096,0.3871539,-0.06332228,0.4354418,0.3970571,-0.06099732,0.3806082,0.411802,-0.053419426,0.51823974,0.44795248,-0.06343973,0.48446262,0.48747408,-0.05185104,0.43796358,0.49023682,-0.04491435,0.40272248,0.5460106,-0.06483001,0.5220365,0.58055043,-0.0663653,0.48733336,0.6042079,-0.043508172,0.44550997,0.59720296,-0.031326365,0.41945896,0.67409873,-0.075625084,0.49961364,0.6845935,-0.06627762,0.46443528,0.69940925,-0.0433791,0.42842364,0.68985444,-0.028970517,0
0.23969,0.7039099,-4.3306167e-07,0.2698422,0.50435627,0.006113196,0.35224932,0.351498,-0.0020082279,0.42970243,0.25646108,-0.010769902,0.46370894,0.16779333,-0.014423118,0.3954138,0.28958455,-0.03432714,0.52256763,0.34091407,-0.053876165,0.5057192,0.39700723,-0.05577156,0.47071186,0.40523335,-0.053918827,0.4178726,0.41234326,-0.049410664,0.5464903,0.45619154,-0.05733253,0.51124215,0.49863738,-0.045318488,0.4634062,0.49948707,-0.03847022,0.43842235,0.5481081,-0.06247946,0.54621947,0.58768517,-0.06321296,0.50795454,0.6122741,-0.040383697,0.46395355,0.6051155,-0.028536575,0.45231724,0.68279976,-0.07487001,0.5287069,0.6980875,-0.0668528,0.4906587,0.7124479,-0.044285573,0.453239,0.7018472,-0.029812807,0
0.27063444,0.7060274,-4.2441206e-07,0.2990693,0.508561,0.0019373287,0.38186666,0.35762262,-0.008534372,0.45911935,0.26807088,-0.019189395,0.49727118,0.1825743,-0.02431034,0.43570963,0.29371226,-0.038121723,0.57005835,0.34999382,-0.06320828,0.54331744,0.40665817,-0.06973536,0.49737343,0.41722697,-0.06937449,0.45825216,0.41839302,-0.051483706,0.5920385,0.4635086,-0.06259669,0.55400956,0.50594604,-0.051602334,0.5020596,0.5127387,-0.044435278,0.47766685,0.55570006,-0.063714504,0.58790445,0.58399206,-0.064676896,0.5501803,0.6103889,-0.039510507,0.5036767,0.613104,-0.025491523,0.4914533,0.68944025,-0.076082684,0.5708134,0.6886589,-0.06728205,0.5361312,0.70733285,-0.042616263,0.4994165,0.70926964,-0.026140286,0
0.2885489,0.7059706,-2.985904e-07,0.32453895,0.5011929,0.013711926,0.41506597,0.35571858,0.011480162,0.4910179,0.26647246,0.006572586,0.5291134,0.17229277,0.0052593616,0.47581246,0.30245382,-0.021984614,0.6126488,0.35426086,-0.037536956,0.61954975,0.42053378,-0.04023789,0.59139925,0.44506216,-0.038225517,0.49986276,0.4318451,-0.03795413,0.6214918,0.48542437,-0.038383767,0.59997416,0.5341951,-0.027810164,0.5557637,0.5365166,-0.024261106,0.5161903,0.5713797,-0.05133501,0.6204947,0.6069161,-0.04513462,0.591924,0.6411144,-0.021736685,0.54721546,0.63733757,-0.011541097,0.52465516,0.70264596,-0.06404915,0.6069058,0.7184335,-0.053790595,0.57779574,0.7418201,-0.030997407,0.5390862,0.73758495,-0.016382761,0
0.31004953,0.71545726,-5.287097e-07,0.355016,0.49851507,0.023385953,0.44689858,0.3546427,0.029058397,0.52163905,0.2587006,0.031233124,0.5621428,0.17291257,0.037680008,0.5074438,0.3086398,-0.0069331536,0.626854,0.3589426,-0.008159435,0.62065315,0.43002737,0.00045932614,0.5830022,0.45056397,0.008617814,0.53492594,0.4393924,-0.02405483,0.6381091,0.48736998,-0.010014832,0.6178383,0.53948987,0.0051554493,0.57641053,0.54038095,0.00920767,0.5545976,0.58117604,-0.037223723,0.63893485,0.6086417,-0.018830393,0.613716,0.6455594,0.0037533198,0.5722906,0.6421113,0.0098551605,0.56422853,0.71440244,-0.048992448,0.6245403,0.72961766,-0.030669212,0.59307843,0.75274205,-0.007981424,0.5556468,0.74871135,0.00468989,0
0.33910266,0.7274955,-7.1059526e-07,0.38548344,0.5002634,0.030939357,0.4744684,0.3612388,0.03973908,0.5483173,0.26542482,0.043650404,0.59022963,0.18135849,0.051445037,0.54529077,0.3146187,0.0060934885,0.6417354,0.38114408,0.016877646,0.6220639,0.4423172,0.03202137,0.5808785,0.45291385,0.041787345,0.5737641,0.44042492,-0.013545287,0.6507666,0.5020079,0.010824378,0.62120605,0.54699147,0.026690733,0.5765233,0.5475479,0.029110536,0.5909113,0.58181137,-0.02801274,0.653687,0.61546284,-0.0015880883,0.62156093,0.64715874,0.019504003,0.5776158,0.6442422,0.022355523,0.59718436,0.71893275,-0.04030369,0.637497,0.73940736,-0.017246135,0.60357994,0.7568545,0.005314702,0.56621516,0.75018716,0.016992357,0
0.37966383,0.71786284,-6.2114987e-07,0.42465395,0.50306463,0.016243571,0.50239503,0.36864814,0.014704284,0.57205606,0.2833617,0.010885543,0.6183767,0.2325289,0.011496108,0.5818908,0.32942888,-0.017417595,0.6816303,0.4043207,-0.01692441,0.654319,0.4555408,-0.0067867,0.60631776,0.455782,0.0005978745,0.60658884,0.4541803,-0.0322722,0.68399256,0.51547015,-0.019664695,0.65248835,0.55095494,-0.0070057265,0.6047933,0.55013955,-0.0044517876,0.6221162,0.5943197,-0.0426953,0.67865586,0.6253406,-0.026180515,0.64728147,0.65195066,-0.005910831,0.6035411,0.6537538,-0.0006802023,0.627623,0.72994804,-0.051829323,0.66369087,0.7380505,-0.035988715,0.6305355,0.7503606,-0.014269898,0.59397197,0.7505272,-0.0011889102,0
0.4072395,0.70735407,-6.6708543e-07,0.45230275,0.49792147,0.025936635,0.5364913,0.3666917,0.03313494,0.6092174,0.28556073,0.03565857,0.6431117,0.21283159,0.041086495,0.61363876,0.32728255,0.008981875,0.70597136,0.3947035,0.011274291,0.686335,0.45111552,0.015241099,0.64441824,0.45967457,0.018868156,0.63964176,0.44887924,-0.008163359,0.70804065,0.5103671,0.010221005,0.6802508,0.55131406,0.019397594,0.63573134,0.55416465,0.019469412,0.6547669,0.5866166,-0.021620117,0.7033042,0.61583114,-0.00010967815,0.6737484,0.6455109,0.0162878,0.6333096,0.6491778,0.018809216,0.66001666,0.7209214,-0.03339751,0.6915513,0.7254226,-0.012131123,0.6586708,0.74096686,0.009248293,0.6233963,0.7453171,0.021612778,0
0.42773688,0.7007141,-8.1958495e-07,0.4746332,0.49265897,0.03387417,0.55630034,0.37210438,0.044404976,0.625994,0.2906028,0.048494663,0.6631811,0.21874708,0.054720823,0.6466891,0.3301791,0.016251221,0.7199129,0.40289575,0.026700558,0.6952414,0.46357745,0.03710942,0.6526135,0.47011653,0.04368202,0.6789316,0.446926,-0.004187573,0.7234007,0.52700984,0.022666022,0.690848,0.5691246,0.03448725,0.64697987,0.5668575,0.03450979,0.6940515,0.58399236,-0.019792411,0.7188218,0.63103104,0.009402455,0.6861064,0.6606685,0.025943385,0.64548486,0.65539145,0.025848845,0.6949576,0.71896225,-0.03355594,0.70500857,0.74863774,-0.006565945,0.67034364,0.76290727,0.014505007,0.6330882,0.7544228,0.025118371,0
0.45241678,0.69649965,-8.673169e-07,0.49176508,0.49423325,0.030792486,0.5720131,0.3738485,0.04116646,0.64492756,0.298567,0.04578658,0.68133247,0.22540319,0.052022092,0.67286175,0.33649737,0.015717397,0.73726714,0.41873658,0.025698291,0.70908374,0.47238457,0.03330698,0.66810703,0.4734423,0.03688155,0.70635056,0.44974375,-0.0031578348,0.7374495,0.5327573,0.022043174,0.70164925,0.5678239,0.03007402,0.66,0.561597,0.02743496,0.7206084,0.5846378,-0.01729065,0.7320346,0.6313505,0.009362221,0.6965694,0.6587812,0.02277973,0.65837973,0.6532688,0.021002878,0.7205273,0.7178445,-0.029853487,0.7186934,0.7479932,-0.00624583,0.6819365,0.7613274,0.01188085,0.6466771,0.75296587,0.020831292,0
0.4773944,0.6870129,-8.6700675e-07,0.50560164,0.48818815,0.02049197,0.5805589,0.37189794,0.023876838,0.65779257,0.30703136,0.022854436,0.7005632,0.23949143,0.023524148,0.6974158,0.3401615,0.006583321,0.75021476,0.43776578,0.008208716,0.71751523,0.48969373,0.006169762,0.67669445,0.48969668,0.0028339704,0.73159456,0.45357847,-0.010058478,0.74586624,0.545316,0.0074651744,0.708351,0.57436466,0.008289617,0.6697486,0.5649662,0.001073288,0.74487495,0.5856697,-0.02304565,0.742393,0.6423953,-0.0035277212,0.7069845,0.6635268,0.0058896453,0.67185795,0.65404004,0.0027034841,0.7439395,0.7150295,-0.03558461,0.73175526,0.75464207,-0.018580168,0.6954849,0.76595956,-0.00361496,0.6621881,0.7552239,0.0044981134,0
0.49587923,0.68270576,-8.632814e-07,0.5261206,0.4836254,0.025534637,0.60212976,0.37743175,0.031978726,0.6730624,0.31050104,0.032324575,0.70919967,0.2324127,0.033787962,0.7152474,0.34718192,0.017930161,0.7615393,0.44485402,0.020678086,0.72801346,0.4996075,0.018459642,0.68739235,0.5029838,0.01510398,0.7512125,0.45321608,-0.00075478625,0.7564199,0.5472603,0.016947798,0.7165679,0.57878774,0.016621321,0.6780387,0.5738738,0.009854879,0.764087,0.5810341,-0.015965866,0.75267404,0.64380854,0.0027202875,0.71381754,0.66653967,0.009815922,0.6788292,0.6587136,0.0061693755,0.7617465,0.71212995,-0.030422969,0.7398653,0.76071393,-0.014360889,0.7008159,0.77089417,-0.0015614927,0.6679354,0.7583654,0.005737374,0
0.50651234,0.67325157,-8.239488e-07,0.53582627,0.47604278,0.031377714,0.6114945,0.37195387,0.041005224,0.683447,0.30177,0.04332426,0.7172204,0.21977001,0.046493135,0.7167041,0.34458923,0.025662675,0.76951885,0.43604413,0.03239362,0.74055904,0.4918272,0.03423223,0.70337033,0.49916586,0.03342401,0.75370824,0.44833335,0.0048963055,0.76575184,0.539633,0.026871597,0.72778946,0.57320774,0.029662801,0.6907804,0.56958205,0.024446758,0.7678233,0.574299,-0.012192534,0.761466,0.6374203,0.009798564,0.722569,0.6620089,0.018011538,0.6884155,0.65366393,0.014213584,0.7667072,0.7041298,-0.0280283,0.7484226,0.75552684,-0.009365728,0.70974,0.7666766,0.0036946672,0.6779372,0.75239974,0.010263181,0
0.50995135,0.6669667,-9.010926e-07,0.5381646,0.47147352,0.030264221,0.61682415,0.36836374,0.040269885,0.688337,0.296835,0.04357947,0.7179025,0.21197176,0.0474583,0.7224797,0.34287667,0.024188261,0.7688172,0.45055634,0.030312978,0.7336207,0.5013078,0.031002706,0.6928722,0.5012392,0.028920654,0.7579189,0.45029324,0.0040932302,0.76750576,0.54528457,0.025275115,0.72616225,0.5750443,0.028247602,0.68787885,0.5707759,0.023027863,0.7701293,0.5784779,-0.012313351,0.7625381,0.6427133,0.007993253,0.72094184,0.6646677,0.017014585,0.6856351,0.6547804,0.013983235,0.7667818,0.7072226,-0.02743242,0.74887383,0.757227,-0.010173872,0.70915025,0.76773643,0.0034375181,0.6779385,0.75271595,0.01038694,0
0.5123417,0.6620798,-8.300676e-07,0.5371012,0.47052854,0.023170453,0.6113629,0.36942703,0.026972476,0.68528837,0.30335513,0.02498981,0.71960175,0.22030064,0.024047894,0.7196764,0.3411222,0.012313082,0.76650745,0.44924158,0.009800618,0.7334915,0.50470644,0.0048306733,0.69337475,0.5071966,-0.0003935774,0.75560415,0.44734234,-0.006996433,0.7635166,0.54550797,0.00453775,0.722312,0.57790655,0.0035317468,0.68391776,0.5734911,-0.0028853219,0.768739,0.5741795,-0.023343153,0.7580428,0.6437547,-0.010419921,0.7164569,0.6675605,-0.0029966792,0.6815718,0.6581501,-0.005495929,0.7668552,0.7043152,-0.03911624,0.74427384,0.760447,-0.02802333,0.7053048,0.77097225,-0.016641589,0.6746411,0.7565779,-0.009900058,0
0.5143283,0.6595044,-8.254293e-07,0.5362613,0.4658953,0.023727773,0.6088056,0.36635107,0.028075699,0.68212146,0.3038493,0.026582403,0.72016746,0.22945204,0.026244989,0.71927226,0.3387918,0.012853995,0.76448923,0.43961915,0.010900911,0.73306936,0.49433187,0.006656457,0.6928332,0.50017285,0.0022951786,0.7553705,0.44512615,-0.0065173884,0.7583929,0.5380037,0.0061660395,0.7190032,0.5694125,0.005424839,0.6823255,0.5672875,-0.0011102908,0.76805234,0.57252246,-0.022869833,0.754518,0.63685435,-0.009287704,0.71406484,0.66081846,-0.0016713851,0.6797361,0.6541446,-0.004217607,0.7653289,0.70347124,-0.03863621,0.74139357,0.75518775,-0.02730255,0.70386213,0.76628345,-0.015638163,0.6738107,0.7545477,-0.008666797,0
0.5129313,0.6567448,-7.964522e-07,0.53356934,0.4658588,0.022328919,0.6035024,0.36705732,0.025221538,0.6745362,0.3105319,0.022497738,0.7142777,0.2461021,0.021252496,0.7134221,0.33543596,0.009954951,0.7588622,0.43410552,0.0053742533,0.72993135,0.49170852,-0.00044472542,0.69182336,0.50113153,-0.0057405625,0.75029045,0.4401569,-0.009824613,0.75350523,0.53374076,-0.0007334755,0.71514547,0.5668331,-0.002759845,0.6795588,0.5642076,-0.009632667,0.7643643,0.5657692,-0.02678244,0.751106,0.6331484,-0.015804831,0.7104586,0.65944153,-0.008130728,0.6767019,0.65302414,-0.010150716,0.7630478,0.6962879,-0.043439873,0.73752797,0.7545635,-0.034533434,0.6997624,0.76707727,-0.0235954,0.66978896,0.75437236,-0.016694037,0
0.5091964,0.6564158,-7.523116e-07,0.53075325,0.4673579,0.022159219,0.6017305,0.36821926,0.02525155,0.67308813,0.31103468,0.02268325,0.7131796,0.2442252,0.021517292,0.70873886,0.3312543,0.010100013,0.75601125,0.4207988,0.0044254116,0.7307155,0.47763574,-0.0015889298,0.6952754,0.4888232,-0.0066574616,0.7455851,0.4351899,-0.010018736,0.7522347,0.52528024,-0.0021523768,0.7154095,0.5609902,-0.004109811,0.6807339,0.56000197,-0.010510552,0.7598432,0.5615727,-0.027513294,0.7498344,0.62863714,-0.01845599,0.70976204,0.6574166,-0.010744996,0.675849,0.6523266,-0.011973643,0.75872564,0.69410586,-0.04463238,0.73585224,0.7529837,-0.036752217,0.6983876,0.76732874,-0.025651528,0.6680555,0.7559459,-0.018274175,0
0.5053143,0.6598366,-7.435923e-07,0.5247717,0.46938342,0.017978664,0.59445196,0.36894265,0.0173775,0.6653641,0.3228594,0.011728364,0.70721453,0.26910937,0.0077717258,0.70738274,0.33096915,0.0050868075,0.75441974,0.42664263,-0.005353944,0.7275088,0.4843758,-0.016289828,0.69016206,0.4958306,-0.02447563,0.74245936,0.43539548,-0.014486157,0.7501768,0.530128,-0.011643929,0.7126401,0.5646417,-0.016567398,0.6762111,0.5622817,-0.024206793,0.75541085,0.5615931,-0.03190196,0.7471332,0.63229376,-0.026200585,0.70671123,0.6609687,-0.01909146,0.6721665,0.6561547,-0.019845685,0.7541619,0.694496,-0.04946889,0.73318803,0.75510377,-0.04427296,0.69531643,0.769778,-0.033529446,0.6647758,0.7592913,-0.025695954,0
0.50461745,0.6573513,-7.383295e-07,0.5263204,0.4635275,0.020967815,0.59820294,0.36343527,0.023820585,0.6677766,0.31012395,0.021377727,0.70726043,0.24866953,0.020481214,0.70555407,0.33093947,0.009805701,0.7533703,0.41886514,0.005712259,0.72837096,0.47403955,0.00044146314,0.69197947,0.48673576,-0.0040543685,0.73952794,0.4374752,-0.009160978,0.74867713,0.52601486,0.00021982966,0.71219146,0.55834085,-0.001809453,0.67626226,0.55686975,-0.0082953805,0.75141627,0.56439614,-0.025346944,0.74534893,0.6262985,-0.014590751,0.70602375,0.65256506,-0.0070630955,0.67111284,0.64863896,-0.008523863,0.7491673,0.6959399,-0.041221853,0.7298983,0.7478028,-0.032202262,0.69393003,0.76137584,-0.020653365,0.66376436,0.7529717,-0.013006684,0
0.49729615,0.654935,-7.4656265e-07,0.5208671,0.46172726,0.02702587,0.590991,0.36391848,0.031431224,0.65855604,0.31868175,0.028645128,0.69823647,0.26947373,0.027223464,0.6964729,0.32887673,0.01896327,0.75038075,0.41531983,0.015067708,0.7244688,0.47259843,0.008960528,0.68712455,0.48620796,0.004183751,0.73157084,0.42880687,-0.0026335875,0.74735,0.52331144,0.007878349,0.7098747,0.55843586,0.0063443165,0.6724802,0.55632585,0.00063271227,0.7451425,0.5528868,-0.02162719,0.7422118,0.623539,-0.008675311,0.70293134,0.6506418,-0.0014912051,0.6677882,0.64518654,-0.0031918506,0.7445877,0.6845398,-0.040036485,0.72734535,0.74471796,-0.027548395,0.6910252,0.7581196,-0.015528541,0.65994257,0.7474719,-0.0079519395,0
0.4875595,0.6554174,-7.827545e-07,0.5145663,0.4594984,0.02686071,0.59035164,0.35634106,0.032054637,0.6597751,0.29722145,0.02997067,0.6980762,0.23148519,0.02944291,0.6933012,0.32723847,0.022188066,0.7448559,0.41663098,0.018091848,0.71588874,0.47200835,0.010834163,0.6770527,0.47918373,0.004915256,0.72607297,0.4244956,-4.020917e-05,0.74548763,0.52110183,0.010760792,0.7080878,0.5573084,0.009197758,0.6704837,0.55185246,0.0031569996,0.7391494,0.54710203,-0.020000441,0.7416806,0.61739695,-0.007359707,0.7029057,0.6469819,0.000642804,0.6679472,0.6396729,-0.0005056081,0.73813903,0.6792948,-0.039441917,0.72665673,0.7367638,-0.02675115,0.6900465,0.7505959,-0.013411764,0.6585507,0.73845893,-0.0050297296,0
0.48050603,0.6545782,-7.7719255e-07,0.5084174,0.45733875,0.025341233,0.5885647,0.3525645,0.031287357,0.66114664,0.28718144,0.030907534,0.69656366,0.21064296,0.03205675,0.68985665,0.32571208,0.01960814,0.7423163,0.41639584,0.018071173,0.7147523,0.4711076,0.013184134,0.67708975,0.47712904,0.008766938,0.7216113,0.42831874,-0.000690174,0.7420183,0.51934135,0.0135345,0.7060258,0.55518126,0.013941814,0.66938514,0.5512375,0.008616344,0.73375344,0.55375874,-0.01835972,0.7377884,0.61484575,-0.0031548229,0.70059824,0.64322054,0.006071382,0.66582185,0.6377135,0.005176643,0.73203355,0.6854996,-0.035438262,0.721868,0.73069143,-0.020958735,0.686038,0.744659,-0.00628743,0.65483457,0.7357262,0.0027697717,0
0.47389752,0.6558064,-7.783829e-07,0.50240326,0.45920286,0.026890146,0.5829994,0.35265192,0.032930344,0.656174,0.28480455,0.032165304,0.691397,0.20697072,0.033044357,0.68336415,0.32267118,0.021773348,0.73953116,0.40696204,0.019837726,0.7124475,0.46202824,0.014697221,0.67491376,0.46909508,0.010225611,0.7152662,0.4236188,0.00035249867,0.7397045,0.51358944,0.01431229,0.7028246,0.55052733,0.014922738,0.6650777,0.54533476,0.009819177,0.7281762,0.5483256,-0.01856444,0.73477364,0.60908055,-0.0031155378,0.6977596,0.6376746,0.0061631985,0.6621936,0.6312397,0.005110707,0.7279335,0.6799691,-0.03687777,0.7174355,0.7268593,-0.022103371,0.6814525,0.74030167,-0.007896763,0.6500382,0.7294376,0.0005884139,0
0.4636386,0.6593477,-7.907945e-07,0.49759468,0.4599944,0.03163767,0.5807594,0.35227448,0.040686343,0.6534658,0.2833758,0.04244438,0.6891866,0.20764595,0.046016574,0.6780118,0.31988752,0.027553225,0.7345718,0.41221735,0.031410757,0.70759,0.4714746,0.030474667,0.67023134,0.47770032,0.028385062,0.709569,0.42032823,0.005374695,0.7374443,0.51903576,0.024101561,0.70221084,0.55695283,0.02687503,0.66362154,0.55005324,0.02280093,0.7225886,0.5449172,-0.013605602,0.73419595,0.6101954,0.0061969715,0.6986794,0.6400731,0.016506579,0.662698,0.63251233,0.015523168,0.7223158,0.67633706,-0.03150153,0.71868443,0.72139597,-0.013159402,0.6832555,0.7356085,0.0027601025,0.6506455,0.7245848,0.012060192,0
0.46379483,0.6532006,-7.5093715e-07,0.49613005,0.45428017,0.026081746,0.57665914,0.3487148,0.031441852,0.64901626,0.28301755,0.03054848,0.6845881,0.209625,0.031492695,0.6773375,0.3176735,0.019058468,0.73659,0.40545714,0.018956827,0.7091996,0.46051246,0.015157267,0.6715066,0.46421996,0.011422236,0.7066816,0.4206726,-0.0013425458,0.736712,0.5118806,0.014095333,0.7009228,0.5467887,0.015331083,0.6627613,0.5375726,0.0100912545,0.7182516,0.54558796,-0.018900461,0.73205394,0.6040579,-0.0017793723,0.6961946,0.6309248,0.008462172,0.66036695,0.62283576,0.007501509,0.7174632,0.6746942,-0.03578195,0.7151502,0.7138817,-0.019252516,0.6799726,0.7275342,-0.0035525647,0.64823544,0.71823645,0.0055110245,0
0.45967138,0.6568352,-7.492072e-07,0.49545258,0.45456102,0.027556596,0.57868224,0.34653467,0.03444271,0.64994216,0.27579984,0.03518479,0.68490994,0.19754311,0.038059596,0.6745266,0.32043785,0.019977653,0.7343543,0.40808916,0.023462549,0.709648,0.46433672,0.023677003,0.6732677,0.46917498,0.022651339,0.7041863,0.4256996,8.264894e-05,0.73674697,0.51694065,0.018441211,0.7022582,0.552131,0.022411946,0.66399646,0.54293424,0.018944714,0.7155717,0.552769,-0.016563097,0.73160255,0.6106284,0.002697343,0.69750464,0.6373125,0.013499306,0.6616723,0.62774086,0.012701648,0.7138241,0.68300766,-0.032170013,0.7137643,0.7190181,-0.013924054,0.6801358,0.7313424,0.0023541884,0.64864856,0.7204839,0.011614962,0
0.4587033,0.65193814,-7.6418223e-07,0.49430037,0.45216912,0.026944676,0.5786066,0.3440798,0.033905987,0.65140456,0.27389404,0.034852996,0.6854183,0.19367293,0.037757166,0.67332023,0.31721205,0.020287089,0.73265535,0.402554,0.02236224,0.70593506,0.45802093,0.020649493,0.6695024,0.46206608,0.018423602,0.7015927,0.4221037,0.00090223766,0.7331954,0.5119674,0.018544765,0.6977519,0.5469015,0.021739062,0.6596039,0.53656584,0.01769017,0.7124783,0.54797876,-0.015481341,0.7278811,0.6070162,0.003127275,0.6932707,0.63224137,0.013559623,0.65743774,0.6209899,0.012560393,0.7114054,0.6764485,-0.030893274,0.71184236,0.71591395,-0.013059887,0.6770987,0.72808635,0.0026971474,0.6454096,0.7156228,0.011518771,0
0.4578766,0.64987326,-7.507007e-07,0.4919757,0.44800222,0.028799215,0.5742183,0.3402575,0.035629228,0.646898,0.27210605,0.03611035,0.6814135,0.1951831,0.038546566,0.6698486,0.31211734,0.020311857,0.7312193,0.39922735,0.02369595,0.70516396,0.45493728,0.023675982,0.66846836,0.45883113,0.022519752,0.69924074,0.4173677,-0.00023300339,0.73447055,0.50718695,0.018179365,0.6991055,0.54280365,0.022451693,0.65966624,0.53351974,0.019111026,0.71082973,0.54339284,-0.017479906,0.7294718,0.6012573,0.002268042,0.6939704,0.6275038,0.0137018105,0.6572102,0.6174622,0.013041708,0.7097162,0.6725895,-0.033641055,0.7116851,0.7118566,-0.014787301,0.67588687,0.7230903,0.0016191021,0.6431731,0.70971376,0.010588682,0
0.45663428,0.651215,-7.41046e-07,0.48905796,0.44853303,0.026176095,0.5715275,0.33821052,0.03185975,0.64510155,0.26924312,0.031633187,0.6806246,0.19200578,0.033504207,0.6664799,0.31179106,0.01824423,0.72988427,0.39745957,0.020281758,0.70368814,0.4527366,0.019107139,0.66729045,0.45654476,0.01725352,0.6953221,0.41654092,-0.0013607047,0.7330646,0.5058631,0.0157331,0.6973918,0.5408347,0.019276537,0.6585563,0.530557,0.0155800935,0.7068974,0.5420479,-0.017912779,0.7281647,0.59935117,0.0003947309,0.69286275,0.6257463,0.0117399655,0.6566495,0.61574,0.011388702,0.7064541,0.6701629,-0.033505145,0.7121758,0.70642257,-0.015459213,0.6765807,0.71874166,0.0015007958,0.6440935,0.7066108,0.011090331,0
0.4542274,0.64947796,-7.5596733e-07,0.48734695,0.45069098,0.025367249,0.5709696,0.34091216,0.03091971,0.6441589,0.26969358,0.030753987,0.6798293,0.19017643,0.032756142,0.6648153,0.30992407,0.017556362,0.7283522,0.3992741,0.017927352,0.7014772,0.45532995,0.0151838055,0.6642483,0.45816332,0.012495405,0.692917,0.41567063,-0.0017136281,0.73164034,0.5073849,0.014017845,0.69518554,0.542471,0.01724141,0.65526336,0.53034437,0.0135720335,0.70414436,0.54174405,-0.018108474,0.7272382,0.6025084,-0.0012711693,0.69122374,0.62861705,0.010204618,0.6539532,0.6163114,0.010348488,0.70310676,0.6693697,-0.03358539,0.7096487,0.7096078,-0.016418362,0.67367476,0.7220001,0.00038138527,0.6409541,0.7081583,0.010028206,0
0.4543975,0.64723957,-7.5054714e-07,0.48933184,0.44820812,0.02332761,0.5726203,0.33882138,0.028089602,0.6445267,0.26933068,0.028089637,0.6784164,0.19036952,0.030200535,0.66672206,0.30968958,0.011816648,0.72853893,0.40056798,0.012547422,0.70002556,0.45399404,0.010546293,0.6620746,0.45380443,0.008215203,0.69443077,0.42000598,-0.0060945186,0.7320718,0.508714,0.010618947,0.69668144,0.5417493,0.014841125,0.6573109,0.53041995,0.011390212,0.70440286,0.54839534,-0.020854274,0.7252529,0.6022841,-0.0026772025,0.6904476,0.6260423,0.009192615,0.6534657,0.61479485,0.008965745,0.70220995,0.67662024,-0.03479034,0.70553017,0.7089256,-0.017281603,0.6708263,0.72011614,-0.00067015993,0.6386078,0.7080314,0.0085804295,0
0.45306057,0.643847,-7.799366e-07,0.4890585,0.44708547,0.024472384,0.57360244,0.33614078,0.030259011,0.6452597,0.2645143,0.031410597,0.67825645,0.18291801,0.034575302,0.6659577,0.30992535,0.01032878,0.7265398,0.40239835,0.012076385,0.69617516,0.4568767,0.011925511,0.65697974,0.45684397,0.010856088,0.6937513,0.42179486,-0.0076509607,0.73066974,0.51210004,0.010232085,0.69469273,0.5456456,0.016139673,0.6546444,0.5337155,0.013608424,0.70350206,0.5509376,-0.022190535,0.7230107,0.607949,-0.0032430047,0.6876096,0.6309717,0.009288335,0.65023017,0.617413,0.009149215,0.70039797,0.6782791,-0.03572642,0.7027525,0.7144362,-0.018103337,0.66715616,0.72473925,-0.0017394531,0.6346021,0.7096031,0.0070659695,0
0.45195848,0.63645613,-7.762782e-07,0.48635405,0.44202128,0.021882165,0.57133156,0.3338812,0.025450833,0.6436342,0.2629893,0.024116727,0.6767533,0.18001243,0.024762157,0.6649724,0.30537546,0.011068892,0.72450054,0.40021378,0.007755073,0.69204557,0.45472425,0.0021554027,0.65153533,0.4543052,-0.0024992747,0.6928231,0.4150774,-0.007495146,0.7273752,0.51044446,0.005255495,0.6892403,0.54426533,0.0067054904,0.64915377,0.52977496,0.0017964665,0.7031642,0.5434778,-0.023425752,0.72066474,0.60850716,-0.009246591,0.6827637,0.63191867,0.001266747,0.64554715,0.61637396,0.00088780577,0.70092905,0.67162657,-0.038708057,0.70056003,0.7170645,-0.024059942,0.6626363,0.726897,-0.008816904,0.6299805,0.70967424,-0.00023290413,0
0.45490497,0.6388979,-7.6062065e-07,0.4871794,0.4431798,0.022060145,0.57079524,0.33431476,0.026017709,0.6435592,0.26294944,0.025257247,0.6766929,0.17924908,0.026387155,0.6647425,0.3060248,0.010660241,0.72476083,0.40126306,0.009450437,0.6920733,0.45599824,0.00579161,0.6521984,0.45527104,0.00225866,0.69241685,0.41519624,-0.007440504,0.7278892,0.5094889,0.0074198837,0.69032085,0.5435719,0.010114181,0.65097904,0.530632,0.0057290946,0.7024118,0.5428006,-0.022651033,0.72044694,0.60626036,-0.006619484,0.6832187,0.6301435,0.004504771,0.64634466,0.616394,0.00410486,0.7001388,0.66956604,-0.037158247,0.70098186,0.71380013,-0.021097384,0.6639295,0.7247342,-0.0052030846,0.63163,0.70955515,0.0035693718,0
0.45447645,0.63318443,-7.6267196e-07,0.4859671,0.43924195,0.02093105,0.5669407,0.33199847,0.023408659,0.6407204,0.2664163,0.021159498,0.6754892,0.18699154,0.020847937,0.6652123,0.30555296,0.008217181,0.72575843,0.40361857,0.004522062,0.69289666,0.4584517,-0.0008027361,0.65230566,0.45753092,-0.005142668,0.6926377,0.41449407,-0.0103238365,0.72908545,0.51179194,0.0018411807,0.69111115,0.54591703,0.0033790139,0.6510654,0.531961,-0.001180282,0.70258236,0.5420918,-0.026075995,0.7204778,0.6089405,-0.012125692,0.683045,0.63271004,-0.0012844356,0.6462045,0.6180602,-0.0011664175,0.70004606,0.6699847,-0.04126039,0.7005604,0.7165031,-0.026665762,0.66374534,0.72669315,-0.010899492,0.6315342,0.7102745,-0.0016540466,0
0.45616323,0.6356204,-7.588189e-07,0.48558342,0.44082472,0.021807093,0.5675097,0.33073872,0.025700869,0.6427803,0.26320192,0.024802536,0.67637175,0.18040577,0.025678065,0.6634574,0.30416912,0.0106655015,0.7253254,0.402501,0.008589325,0.6927029,0.4571637,0.004207768,0.65284145,0.456959,0.0002811522,0.6918041,0.41254228,-0.007553654,0.7281828,0.50926507,0.0066092457,0.690348,0.5438,0.008798957,0.6512599,0.5314393,0.004337802,0.7022904,0.53972334,-0.022989143,0.7209081,0.6055374,-0.007734555,0.6832613,0.63037336,0.0031078942,0.6469455,0.6177342,0.0029191242,0.70063305,0.66711676,-0.037761543,0.70193267,0.713858,-0.022404196,0.6648823,0.7260854,-0.0067826174,0.63321126,0.71217763,0.0021205603,0
0.45701456,0.63124454,-7.765534e-07,0.48754582,0.4363819,0.024526715,0.5690518,0.3296068,0.029084587,0.6435144,0.26316592,0.028161576,0.6762609,0.18296584,0.0287868,0.66509247,0.30474,0.012183609,0.7266563,0.40380883,0.010355352,0.6929578,0.45902586,0.0060974983,0.6526969,0.4587761,0.002113737,0.69353193,0.41172165,-0.007416584,0.72987515,0.51099455,0.006867394,0.6917834,0.54570836,0.0091960225,0.6528693,0.5339476,0.004806523,0.703813,0.5385449,-0.023979304,0.7205538,0.6086535,-0.00796869,0.6831736,0.633386,0.0029588833,0.6475566,0.61952317,0.0025374477,0.7016815,0.66575575,-0.039759185,0.70137066,0.7174808,-0.023343315,0.6647656,0.72856593,-0.0076331464,0.6337536,0.7117409,0.0010417651,0
0.45740658,0.63164276,-7.9020487e-07,0.4850275,0.43606853,0.025009668,0.56534374,0.32841146,0.030308131,0.6426732,0.2633479,0.030230869,0.6774027,0.18194333,0.03146211,0.66180617,0.3025403,0.013197093,0.7258613,0.40477526,0.012654108,0.6924277,0.45962948,0.009422275,0.6515176,0.45854008,0.006223319,0.6917499,0.41035926,-0.006078893,0.72897387,0.5113967,0.009906194,0.69037,0.54610425,0.012695812,0.6503574,0.53287345,0.008371019,0.70303845,0.5375809,-0.022209743,0.7212538,0.60757256,-0.005318606,0.6830697,0.6326218,0.0054998794,0.6464689,0.6182427,0.004889698,0.70154744,0.66484094,-0.037358724,0.70334744,0.7155926,-0.02050896,0.6660397,0.7274583,-0.0046114814,0.6338633,0.7107989,0.0041669905,0
0.45883876,0.6281673,-7.894037e-07,0.4871846,0.4317802,0.02847633,0.56829214,0.32583934,0.036084965,0.6430785,0.2625526,0.037286244,0.6776786,0.18599042,0.03969321,0.6657101,0.30269462,0.0206933,0.728008,0.3951923,0.02211754,0.69454557,0.4503653,0.019127723,0.65453094,0.45224705,0.0160857,0.69465613,0.40823075,0.00025274177,0.7305672,0.5028889,0.018617254,0.692352,0.53860545,0.021439843,0.65324944,0.5284181,0.01709201,0.7054859,0.5337563,-0.01707049,0.72257507,0.5984094,0.0021005752,0.68457013,0.62548786,0.012933631,0.64835227,0.61445296,0.012122923,0.703667,0.6602871,-0.033327475,0.7050055,0.7076395,-0.014254577,0.66709816,0.7208215,0.0024486466,0.6343965,0.7076114,0.0115789175,0
0.45630008,0.6318927,-7.75733e-07,0.485691,0.42952478,0.029354386,0.56747735,0.32237047,0.03678831,0.6436465,0.257652,0.037766848,0.67761356,0.17901072,0.040044002,0.66295356,0.29585463,0.020525036,0.72604996,0.39400414,0.023133894,0.69523305,0.45167714,0.021575922,0.6559922,0.45422286,0.019334761,0.69375426,0.3986946,-7.126651e-05,0.72909635,0.49927667,0.018807119,0.6912765,0.5368996,0.022089474,0.65200794,0.5267905,0.018069226,0.70582765,0.52514863,-0.01727205,0.7220592,0.5925273,0.0025609008,0.6850318,0.62129664,0.012876547,0.64919287,0.61079097,0.011702396,0.7048967,0.6551341,-0.033229444,0.7051981,0.7035991,-0.013149736,0.6681789,0.7174196,0.00357102,0.63560015,0.70452595,0.012730172,0
0.4564124,0.62378466,-7.5478584e-07,0.48757356,0.4258408,0.03101393,0.5689344,0.31995577,0.03820986,0.6422349,0.2546096,0.03800307,0.6775023,0.17915419,0.039199505,0.66305846,0.28972894,0.024000697,0.7289628,0.37702578,0.02544693,0.70074016,0.43671268,0.022347916,0.6631847,0.44296706,0.019092742,0.69311005,0.38696897,0.001755818,0.72963524,0.48339513,0.0191438,0.6920792,0.5232989,0.020562375,0.65345496,0.5118333,0.015353043,0.7062255,0.5102776,-0.01723261,0.72444475,0.57859457,0.0014927698,0.68675286,0.6092012,0.011602782,0.6508877,0.59760696,0.010414584,0.7072644,0.63931984,-0.034959678,0.7098586,0.689796,-0.015641624,0.6715811,0.7043479,0.0012414819,0.63828003,0.6905794,0.010590401,0
0.45564026,0.6231631,-7.8347114e-07,0.48528892,0.42110857,0.028270505,0.567311,0.31142062,0.034190968,0.64344794,0.24340686,0.03379996,0.6804083,0.16434175,0.035051785,0.66570705,0.28664732,0.017890077,0.7295522,0.37963957,0.019243311,0.7013048,0.4373435,0.017246889,0.66387594,0.44291496,0.014903508,0.69595677,0.3919284,-0.0026835597,0.7326458,0.4867352,0.015195865,0.6959538,0.5236017,0.018739594,0.65694624,0.5147996,0.014775332,0.70819485,0.5192409,-0.019893054,0.72581095,0.5812528,-0.00063098234,0.68959296,0.6079767,0.010621968,0.65387064,0.596658,0.009908404,0.7076867,0.649597,-0.03595552,0.7095807,0.69119954,-0.016618881,0.67291725,0.70320195,0.0004275585,0.6406655,0.6887399,0.0098285,0
0.45583725,0.62472194,-7.860806e-07,0.4878313,0.4219535,0.02688254,0.5708816,0.3108346,0.032622952,0.6463367,0.24078593,0.032737467,0.6803953,0.15902278,0.034554802,0.66709256,0.28452897,0.013737116,0.7303462,0.38016748,0.015745157,0.69900984,0.43833873,0.015517996,0.6597142,0.4414415,0.014213759,0.69629544,0.39276332,-0.0059102946,0.7331352,0.4868612,0.012110165,0.69538045,0.5235521,0.016948681,0.65558296,0.51432455,0.013787386,0.70767456,0.5215234,-0.022002013,0.72489375,0.5837978,-0.0025179798,0.6879155,0.60903704,0.009262104,0.6511372,0.59737873,0.008624939,0.70681286,0.65175265,-0.03697121,0.70751995,0.6940396,-0.018134711,0.67060196,0.70522165,-0.001555758,0.6383096,0.69064295,0.0073879776,0
0.45424932,0.62127465,-8.035313e-07,0.48693866,0.42116445,0.027870113,0.5709994,0.30982885,0.034134954,0.64665574,0.23903972,0.034380525,0.6804323,0.15597671,0.036221202,0.6670977,0.28327593,0.01650359,0.73036444,0.38519412,0.018032052,0.697816,0.4426222,0.016182704,0.65808296,0.44383496,0.01355606,0.6960941,0.3905664,-0.0038092758,0.73332626,0.4910894,0.014082667,0.6956243,0.5269075,0.01785278,0.65568775,0.51544523,0.013825244,0.7073011,0.51899034,-0.020684268,0.7252937,0.58568376,-0.0013508974,0.6882172,0.61110306,0.009944208,0.65164876,0.5975192,0.009024806,0.7063165,0.6492387,-0.036420915,0.70774025,0.6950571,-0.017635494,0.67034566,0.7065003,-0.0012135484,0.63780034,0.6903628,0.00759735,0
0.40923584,0.9135593,1.0992841e-07,0.49856615,0.8469739,-0.030963765,0.5614614,0.7019192,-0.03662239,0.58453417,0.55332804,-0.041462943,0.5738317,0.43855548,-0.046175066,0.51984507,0.47544652,0.0060416274,0.52437717,0.3062399,-0.009033655,0.51737714,0.2150569,-0.02961946,0.5071566,0.13385567,-0.046221245,0.46989524,0.45502532,0.0033704727,0.47557673,0.2581187,-0.004911438,0.47572201,0.15414497,-0.024152042,0.4738109,0.069355816,-0.041468233,0.42204738,0.47486883,-0.0060953177,0.42160472,0.28701478,-0.02029074,0.42508408,0.18619111,-0.037620448,0.42718256,0.101572454,-0.051584177,0.3713387,0.5241997,-0.019663515,0.36899304,0.38542727,-0.036138035,0.37047285,0.30346674,-0.045803707,0.37559497,0.22870487,-0.05358789,1
0.41129324,0.92777634,4.143275e-07,0.49962556,0.83868647,-0.032922562,0.56089777,0.69968885,-0.041767996,0.5845739,0.55120903,-0.050770525,0.57986736,0.4294751,-0.058075316,0.5102942,0.4723554,0.018273838,0.51796776,0.3097517,0.0049900995,0.5150472,0.21885699,-0.015429088,0.5105698,0.14241785,-0.03127852,0.46156415,0.45659867,0.01682225,0.467267,0.27080724,0.009686971,0.4682437,0.1591942,-0.008991708,0.46929806,0.06548211,-0.024666509,0.41428176,0.4749264,0.0070916447,0.41854846,0.29951507,-0.003672068,0.42478544,0.19426554,-0.018507443,0.429436,0.1010873,-0.030992476,0.36473006,0.52321357,-0.0074719144,0.365068,0.38685414,-0.021050405,0.36728105,0.3010935,-0.028344665,0.371298,0.21926644,-0.03415387,1
0.41228893,0.9290881,4.802352e-07,0.50172544,0.8418361,-0.03500751,0.5614005,0.69885856,-0.04591234,0.5854038,0.5526537,-0.057058994,0.5791088,0.4298813,-0.06659624,0.5104506,0.47190326,0.014950018,0.51641077,0.3082288,-0.001409423,0.51164347,0.21506622,-0.023460453,0.5057403,0.1373761,-0.040061362,0.46155086,0.45737678,0.014142752,0.46780065,0.27369687,0.004094833,0.46807167,0.16016856,-0.016167982,0.46861184,0.06580803,-0.032593798,0.4140911,0.47563687,0.004943969,0.41793406,0.30466807,-0.007012715,0.42285785,0.19701922,-0.021748703,0.42632174,0.104059786,-0.033998042,0.36510688,0.52420866,-0.009312266,0.3657791,0.39373523,-0.02303329,0.36898544,0.30766505,-0.030206883,0.3735522,0.22544372,-0.035812963,1
0.41114402,0.93005157,4.817975e-07,0.50072455,0.84093463,-0.035619464,0.5607186,0.7007832,-0.04684472,0.5867889,0.55840427,-0.05796258,0.5813098,0.4361473,-0.06755978,0.5086656,0.47636586,0.011299139,0.5149904,0.31086558,-0.0056472113,0.5118963,0.21741822,-0.028018735,0.5074811,0.13732755,-0.04493926,0.46034402,0.4608254,0.010541976,0.467091,0.2759861,-0.00043354888,0.4676066,0.16194877,-0.021485798,0.4680818,0.066693544,-0.038641248,0.41304427,0.47885174,0.001625221,0.41800463,0.3076588,-0.010866072,0.42277002,0.19930005,-0.02665842,0.42617792,0.10457617,-0.039780248,0.36385167,0.527371,-0.0122781275,0.36412677,0.3970635,-0.02626855,0.36702546,0.31100935,-0.03392354,0.37126958,0.22860849,-0.040049594,1
0.41091275,0.9325787,4.964992e-07,0.5015894,0.84347796,-0.034453712,0.56091094,0.70155174,-0.044572316,0.58646995,0.55675733,-0.054741353,0.57938457,0.43734166,-0.06331614,0.50815,0.476074,0.013556802,0.5144731,0.3104443,-0.0018003166,0.5119446,0.21788156,-0.023109965,0.5079339,0.1387015,-0.039306846,0.45965454,0.45993775,0.012634872,0.4671834,0.27435264,0.0034123282,0.4683247,0.1600034,-0.016212963,0.46914545,0.06461266,-0.032294776,0.41260698,0.47738707,0.0035542978,0.41704795,0.30595052,-0.0074655586,0.4215391,0.19923961,-0.022088174,0.42460394,0.10702184,-0.034310263,0.36344826,0.5254338,-0.010503615,0.36412024,0.39382887,-0.023203267,0.36699006,0.30834413,-0.029898306,0.37147412,0.22776735,-0.035329327,1
0.41058886,0.932953,4.9762485e-07,0.50150156,0.8422849,-0.034791812,0.56194454,0.6989912,-0.045655217,0.58816814,0.55389607,-0.056807443,0.58032537,0.43257916,-0.06647281,0.50806,0.47416675,0.014895804,0.51402354,0.30938607,-0.00065254304,0.51108885,0.21681601,-0.022574427,0.5076136,0.13710603,-0.03948744,0.45974562,0.459284,0.013848494,0.46622056,0.2752997,0.0043889936,0.4670452,0.16223952,-0.016203642,0.46882954,0.06672108,-0.033299975,0.41250744,0.47749844,0.004572666,0.41731608,0.30740306,-0.0064318776,0.4222775,0.19957703,-0.021165332,0.42616683,0.1052126,-0.033863015,0.36336088,0.5271301,-0.009804972,0.36420542,0.39705443,-0.022509651,0.36647093,0.31068707,-0.029257445,0.3695605,0.22775662,-0.034943957,1
0.41188034,0.93087685,4.986582e-07,0.5021287,0.84267205,-0.036425035,0.5632988,0.6977093,-0.047245618,0.5883999,0.55258876,-0.05771495,0.5803516,0.43161827,-0.0665602,0.50907826,0.4730635,0.01172653,0.514483,0.3085538,-0.004486139,0.5115074,0.21565467,-0.026336309,0.50775975,0.13649833,-0.042829785,0.4601254,0.45884898,0.011635981,0.46705458,0.27371484,0.0015754069,0.46857378,0.16010246,-0.018734453,0.47035497,0.064863354,-0.03524835,0.41267374,0.47769025,0.0032643203,0.41716155,0.3069437,-0.008712231,0.42216015,0.19947371,-0.023944382,0.42616084,0.106261104,-0.0364822,0.3634537,0.52695453,-0.010215532,0.36386007,0.39533836,-0.023629962,0.36635253,0.30950624,-0.03077971,0.37017095,0.22777942,-0.03649529,1
0.4122521,0.9300488,4.7759227e-07,0.50111467,0.8430738,-0.03578121,0.5618922,0.69742036,-0.047178917,0.58840704,0.55210584,-0.05848252,0.58012474,0.43078533,-0.06830429,0.5091498,0.47562373,0.010377235,0.5151597,0.3109594,-0.0070903185,0.5119903,0.2176741,-0.029334402,0.5080596,0.13894135,-0.04604987,0.460514,0.46102107,0.00958952,0.46701756,0.27606907,-0.0017915162,0.46797574,0.16243035,-0.022306105,0.4692528,0.067545444,-0.038910132,0.41335043,0.4792196,0.00065249216,0.4175504,0.3079992,-0.0121654505,0.42272973,0.19945645,-0.027079884,0.4266287,0.10531542,-0.039517798,0.36460298,0.5282212,-0.013336175,0.3645887,0.3988488,-0.02746387,0.36702648,0.31226194,-0.034805723,0.37028262,0.22938132,-0.040686224,1
0.412994,0.92758477,4.8460953e-07,0.5020518,0.8412567,-0.03549872,0.5615678,0.6980767,-0.046423186,0.587473,0.5547883,-0.057038836,0.5802765,0.43507335,-0.06608057,0.5088037,0.47439104,0.009027089,0.51507515,0.30872136,-0.008269455,0.5122942,0.21540147,-0.030184759,0.50821614,0.1367057,-0.046483774,0.46044382,0.45954615,0.008449989,0.46792206,0.27360114,-0.002750274,0.46918017,0.15899035,-0.022926189,0.4700606,0.06432101,-0.03915794,0.4136169,0.47787732,-0.00013685734,0.41801158,0.3062296,-0.012848956,0.4226848,0.19811824,-0.028037056,0.42616007,0.105419815,-0.040440787,0.3650815,0.52611357,-0.013649903,0.36526403,0.39550835,-0.027635118,0.367906,0.3093095,-0.035077,0.3718781,0.22778419,-0.040889967,1
0.41239172,0.9308468,4.9764634e-07,0.5029696,0.8403895,-0.035584938,0.56235623,0.6982912,-0.046742115,0.58800685,0.55011135,-0.05791574,0.5790843,0.42939013,-0.06754838,0.50936335,0.47522426,0.013716582,0.51549435,0.3099095,-0.0019703927,0.512609,0.21781188,-0.023698838,0.50850844,0.13960758,-0.040325236,0.4609293,0.4594185,0.013344889,0.4675945,0.27514338,0.003874029,0.4687071,0.16190079,-0.016112752,0.47025084,0.065895796,-0.032602895,0.4141181,0.477723,0.004666614,0.41832712,0.30756372,-0.0065489137,0.42329198,0.20036408,-0.021325784,0.4269178,0.106363684,-0.033869885,0.36510193,0.5277439,-0.00909733,0.36603293,0.39746004,-0.022167515,0.36842448,0.3117528,-0.029207012,0.37194324,0.23036128,-0.034974627,1
0.4134619,0.9301239,5.026763e-07,0.50365686,0.84022474,-0.035222117,0.5624811,0.69719183,-0.04629276,0.58756155,0.55161625,-0.057516437,0.5806628,0.43012908,-0.06725991,0.50936455,0.47341195,0.013228575,0.51546156,0.30985522,-0.0033183512,0.512996,0.21756098,-0.025460396,0.50945026,0.13905591,-0.04215695,0.46118423,0.45877224,0.012415045,0.4681987,0.27418017,0.0020018106,0.4696406,0.16034529,-0.018361716,0.47145185,0.06474638,-0.03485727,0.41444683,0.47731623,0.0033354491,0.41860318,0.3068226,-0.008839671,0.42368,0.19952089,-0.023584038,0.42774743,0.10692567,-0.035714485,0.36559543,0.52690375,-0.010772667,0.3662703,0.39625153,-0.024298826,0.36915672,0.30981284,-0.03119686,0.37313527,0.22838238,-0.036636222,1
0.41326675,0.9322896,4.9943355e-07,0.5034456,0.84085983,-0.034595925,0.56282985,0.69613934,-0.04554566,0.58835226,0.54845876,-0.056863148,0.5791817,0.42867297,-0.066684574,0.51027656,0.47408682,0.015885308,0.51581216,0.30933887,0.00040890058,0.512455,0.21638998,-0.021366928,0.5082065,0.13728416,-0.038060036,0.46157414,0.45875782,0.0148827,0.46780562,0.27501374,0.005678718,0.46925095,0.16266549,-0.014083053,0.4718002,0.067310095,-0.03034834,0.41459644,0.4769171,0.0055466867,0.41915387,0.3065304,-0.0050460733,0.42504537,0.19946918,-0.018711463,0.42994618,0.10609484,-0.030493034,0.3656999,0.5267985,-0.008944187,0.3672527,0.3951962,-0.021330625,0.37015432,0.30747873,-0.027544552,0.37436953,0.22435352,-0.032684434,1
0.41360587,0.9324311,4.835366e-07,0.50397074,0.84053135,-0.033843726,0.56363714,0.6937678,-0.044093974,0.5895673,0.54721045,-0.05465598,0.580459,0.42816854,-0.063782394,0.509628,0.4725406,0.014356274,0.51533014,0.3087082,-0.0019700625,0.51265866,0.21661133,-0.024122158,0.50944966,0.13803983,-0.040937964,0.46122804,0.45810252,0.012945139,0.4676768,0.2743636,0.002596166,0.46975464,0.1619041,-0.017719936,0.47270834,0.06612614,-0.034238204,0.41436458,0.47737652,0.0033817422,0.41870534,0.30710775,-0.008692347,0.42458543,0.20022687,-0.02325486,0.42971665,0.10675973,-0.035324182,0.36581725,0.5275733,-0.011119628,0.3668271,0.39547557,-0.024639696,0.36983603,0.30818295,-0.031543612,0.37420866,0.22505388,-0.037033178,1
0.41301316,0.93317926,4.8054903e-07,0.5031573,0.8436662,-0.034077775,0.5642089,0.69489163,-0.044279892,0.5907606,0.54646385,-0.05486965,0.58155406,0.4262188,-0.06404942,0.50972915,0.47489318,0.0155280195,0.5159216,0.31146556,-0.0005373705,0.5129629,0.21896604,-0.022657843,0.50928086,0.14019969,-0.03957545,0.46144828,0.4600238,0.014110762,0.4679476,0.27674508,0.0041557173,0.4698667,0.1641545,-0.016298668,0.4727016,0.068366885,-0.033093248,0.41455173,0.47810268,0.004430045,0.4191748,0.30773878,-0.0072268164,0.4251377,0.19998163,-0.021696867,0.43003386,0.10552853,-0.034004867,0.36592016,0.52717054,-0.010283232,0.36706987,0.39599246,-0.0235342,0.36993688,0.30907,-0.030301541,0.37383428,0.2259672,-0.035889708,1
0.41370204,0.9303373,4.7601037e-07,0.5042116,0.8422425,-0.0332193,0.5653985,0.6944996,-0.04239375,0.5924666,0.545976,-0.051773872,0.580218,0.42914867,-0.05966207,0.51143724,0.47508073,0.014469735,0.5176311,0.3101112,-0.0012688489,0.5145835,0.2177153,-0.022636672,0.5103112,0.13966244,-0.038679015,0.46278137,0.45950228,0.013257148,0.4701928,0.27477738,0.003655188,0.47218636,0.1606544,-0.015810037,0.47384137,0.06483966,-0.031605102,0.41564032,0.47731382,0.0039892877,0.41987765,0.30670592,-0.007346151,0.42535782,0.19999924,-0.0215849,0.4297299,0.10766253,-0.033392143,0.36644655,0.52524817,-0.010154616,0.36709744,0.39336812,-0.022930833,0.3697209,0.3070593,-0.029449068,0.37403756,0.22563627,-0.03468099,1
0.4145072,0.93007886,4.6884497e-07,0.50292856,0.8439684,-0.033976145,0.56435853,0.69673204,-0.044122826,0.592543,0.550351,-0.05434868,0.5821452,0.4310658,-0.063083634,0.51117784,0.47466132,0.011852807,0.5165289,0.30981115,-0.004475933,0.5131717,0.2168515,-0.026091076,0.5089066,0.13818407,-0.042399164,0.46210346,0.45926788,0.0103780385,0.46838248,0.27390343,0.00028792568,0.4697419,0.1599187,-0.019261857,0.4712572,0.06477812,-0.03524217,0.4146321,0.47748822,0.000897644,0.41857553,0.30486184,-0.010696586,0.42403328,0.19789758,-0.024798391,0.42850122,0.10457668,-0.036749385,0.36561018,0.52606547,-0.013558631,0.3659545,0.39388502,-0.026727403,0.36885098,0.30701238,-0.033441454,0.37358093,0.2241928,-0.038941268,1
0.41416988,0.9317074,4.9479183e-07,0.50286806,0.8422797,-0.03468721,0.564287,0.69660294,-0.045347583,0.5917237,0.5480993,-0.056208875,0.5814694,0.42632306,-0.065516144,0.51103437,0.47495708,0.01497204,0.51746017,0.31093496,-0.00057481084,0.5146102,0.21987554,-0.022457084,0.51043123,0.1422315,-0.03918522,0.4622382,0.4593465,0.01382312,0.4692387,0.2754702,0.004596824,0.47082067,0.16226065,-0.01568515,0.47254506,0.06652245,-0.032482874,0.4147558,0.47774798,0.004424652,0.41956165,0.30688608,-0.006477111,0.42529124,0.20013303,-0.021066053,0.4297553,0.106042355,-0.03363637,0.36540753,0.52763915,-0.010053077,0.36651057,0.39688984,-0.02265317,0.36934945,0.31055558,-0.029236058,0.37373626,0.22766513,-0.03484044,1
0.4139003,0.9317292,4.881676e-07,0.50286645,0.84298515,-0.034750875,0.5641509,0.6978185,-0.04504257,0.59181404,0.5504359,-0.05528457,0.5824186,0.42923898,-0.063909404,0.5107049,0.4755102,0.013360787,0.51689553,0.31040704,-0.0021990917,0.51418114,0.21879566,-0.02372116,0.5101876,0.14000002,-0.04008637,0.4621232,0.4599946,0.012497314,0.46907204,0.27481014,0.003184307,0.47073993,0.16142115,-0.016535055,0.4723463,0.06603375,-0.03274979,0.41481468,0.4787168,0.0034814852,0.4191823,0.3075081,-0.0076136305,0.42438573,0.20076048,-0.02197541,0.42850444,0.107317984,-0.034131303,0.36562774,0.5283138,-0.01057311,0.36628878,0.39662436,-0.023396373,0.36872756,0.3104245,-0.02997787,0.37281382,0.22814521,-0.035370506,1
0.41394335,0.9303936,4.822392e-07,0.5028103,0.84193647,-0.035296563,0.5635283,0.69720775,-0.04569419,0.59075904,0.5495818,-0.055924725,0.58210886,0.4271389,-0.06455868,0.510566,0.4763746,0.012817991,0.5167941,0.3116559,-0.0029763712,0.51402336,0.21957263,-0.02476057,0.5104058,0.13962722,-0.041501664,0.4618708,0.460358,0.012185828,0.46842942,0.27569044,0.0024207192,0.46991932,0.16194808,-0.01786912,0.4717727,0.06545484,-0.034690533,0.41454384,0.4786314,0.0033714292,0.41902697,0.30752152,-0.008200005,0.42422062,0.20030028,-0.023285564,0.42849857,0.105223835,-0.03614266,0.36559483,0.52787185,-0.010490383,0.36619574,0.39736426,-0.023807041,0.36879522,0.3115571,-0.031020382,0.3730624,0.22891042,-0.037041903,1
0.41333723,0.93077445,4.9421214e-07,0.5032746,0.8416922,-0.034925085,0.56403893,0.6971095,-0.045676365,0.5914046,0.54974955,-0.056497816,0.5808789,0.43091494,-0.06578267,0.5108386,0.47542885,0.0132000595,0.5168261,0.30982178,-0.0026768367,0.5138227,0.21671793,-0.024266781,0.5092918,0.13755807,-0.04073614,0.46217778,0.46023458,0.012259843,0.46937764,0.2750852,0.0024244098,0.4709053,0.16082302,-0.017530825,0.47229716,0.06451589,-0.03390207,0.41514826,0.47909647,0.0031273526,0.4195942,0.30804026,-0.008435315,0.42490548,0.20067209,-0.023256207,0.42893806,0.10725939,-0.035744235,0.36602226,0.5290429,-0.011043958,0.36680692,0.39828277,-0.024433114,0.36919773,0.31125042,-0.031741712,0.37324998,0.22856683,-0.037711136,1
0.4133982,0.9303202,4.7020106e-07,0.50256217,0.84368366,-0.034546953,0.56371546,0.6979573,-0.04476615,0.59153837,0.55022526,-0.054840572,0.5811819,0.43073955,-0.06350259,0.510984,0.47619468,0.01078693,0.5164632,0.31040072,-0.0054935925,0.5134882,0.21713689,-0.027082074,0.5098095,0.1371989,-0.0435331,0.46204364,0.45984393,0.009598889,0.46867874,0.2741356,-0.00063270057,0.47003534,0.16001529,-0.020504083,0.47164074,0.064156264,-0.036855098,0.4146432,0.47786093,0.00044406118,0.41898456,0.30566236,-0.011435168,0.4241633,0.1982131,-0.026334703,0.42845035,0.103982955,-0.038940888,0.36532593,0.52654576,-0.013653919,0.36598003,0.39434552,-0.02732314,0.36904946,0.30761483,-0.03472797,0.37412798,0.22500482,-0.040793054,1
0.4121742,0.9301294,4.780135e-07,0.5014186,0.8432279,-0.03505234,0.5631741,0.699033,-0.045777414,0.5912728,0.55156285,-0.056432247,0.5819554,0.43008092,-0.06558846,0.5105669,0.47522998,0.012144345,0.5165858,0.31116372,-0.00374607,0.5138264,0.2194297,-0.025408996,0.5102692,0.14037111,-0.04197378,0.46189952,0.4592689,0.011173393,0.46842057,0.27437297,0.0014985462,0.46980786,0.16059059,-0.018402958,0.47150093,0.064111024,-0.03494277,0.41455376,0.47751746,0.002075519,0.41922835,0.30641842,-0.009274887,0.42448902,0.19915858,-0.023933139,0.42854092,0.10484454,-0.03652137,0.36506325,0.5269487,-0.012085684,0.3660341,0.395948,-0.02524834,0.36881894,0.3092801,-0.0323365,0.3729557,0.22596774,-0.03828375,1
0.4128193,0.9291308,4.855386e-07,0.50332344,0.83934855,-0.033201594,0.5639486,0.69491,-0.042946905,0.5916765,0.54734164,-0.053067565,0.5801437,0.4302042,-0.06175498,0.5111276,0.47367418,0.014728268,0.5165367,0.308425,-0.0002696265,0.5137243,0.21630436,-0.02126718,0.5103365,0.13816679,-0.037342984,0.4618901,0.4572452,0.013155515,0.46798003,0.27166083,0.004226095,0.46970728,0.15883708,-0.014867513,0.4723447,0.06379917,-0.030611333,0.41430908,0.4747461,0.0035124016,0.41798618,0.30189472,-0.007144285,0.42336702,0.19475377,-0.02111675,0.4284644,0.10124239,-0.033087473,0.36467236,0.523195,-0.0111007355,0.365284,0.39034846,-0.023534616,0.36827254,0.3030479,-0.03006375,0.37374282,0.22048867,-0.03553578,1
0.41207254,0.9262793,4.7610214e-07,0.5024784,0.8378652,-0.035839036,0.56388074,0.69204056,-0.0463303,0.58997464,0.54323876,-0.056383748,0.58056456,0.4237872,-0.06473116,0.51044184,0.4702077,0.011053586,0.5164177,0.30540457,-0.0051868204,0.5127642,0.21284321,-0.02684506,0.5081078,0.13371256,-0.043285366,0.46142122,0.45461205,0.010800832,0.467787,0.2689952,0.00070529635,0.4690392,0.15557772,-0.01891161,0.47053036,0.060364336,-0.034996603,0.41390225,0.47244996,0.0023412965,0.41800874,0.30062634,-0.009776946,0.4228609,0.19365883,-0.024526415,0.426806,0.10036725,-0.036819413,0.36458445,0.52086496,-0.011184392,0.36554402,0.39040494,-0.024821471,0.36835068,0.3052885,-0.03203107,0.37248778,0.2245085,-0.037838034,1
0.41270152,0.92258847,4.7607423e-07,0.5025642,0.8337893,-0.035053648,0.5641067,0.6904429,-0.04580334,0.59021497,0.54436505,-0.056419972,0.58055097,0.42672563,-0.06549884,0.51052845,0.46723294,0.0121651,0.51618993,0.30254215,-0.0037897648,0.5123747,0.2102522,-0.025534887,0.5075342,0.13151643,-0.0421088,0.46132913,0.45262706,0.011386811,0.4672818,0.267428,0.0013951146,0.46781984,0.15435079,-0.018735174,0.4686529,0.059571087,-0.035284705,0.4137678,0.47075385,0.0025298905,0.41808996,0.29923093,-0.009172575,0.42282048,0.19215313,-0.024047157,0.4264438,0.09889874,-0.03659106,0.36440226,0.5194297,-0.011337274,0.36533874,0.38905415,-0.024443578,0.36800367,0.30373657,-0.031381447,0.37192702,0.2225298,-0.037118092,1
0.4117756,0.9214603,4.7003374e-07,0.50156814,0.8328414,-0.03442279,0.5632631,0.68931353,-0.044885587,0.5890189,0.5457568,-0.055316877,0.58055127,0.42747793,-0.064186916,0.5093297,0.46516,0.01208479,0.51486844,0.3016342,-0.004469266,0.51135594,0.20965284,-0.026501523,0.5071655,0.13182959,-0.04306998,0.4606148,0.45036626,0.010945151,0.46671772,0.26623535,0.00039602336,0.46747693,0.1533553,-0.01998444,0.46871763,0.0593898,-0.03654386,0.4133581,0.46811962,0.0017693146,0.41763633,0.29729125,-0.010458956,0.42243615,0.19058004,-0.02556199,0.42635953,0.09799358,-0.03806084,0.3642861,0.5164451,-0.01231872,0.36562067,0.3855765,-0.025821766,0.3686077,0.29996502,-0.032903023,0.37276536,0.2184481,-0.038591906,1
0.41223723,0.91979814,4.6066376e-07,0.50120795,0.8325431,-0.034651015,0.56299835,0.6880589,-0.044731215,0.5878201,0.54399186,-0.054544333,0.57953995,0.42687088,-0.062649146,0.50925326,0.46476558,0.010842053,0.5149034,0.30029106,-0.0058596726,0.5110035,0.20783281,-0.027513193,0.50596493,0.13012606,-0.04361257,0.46050176,0.44936216,0.010107727,0.466884,0.26429796,-0.0004500868,0.46743158,0.15138134,-0.020050507,0.46790373,0.058701366,-0.035832096,0.41332495,0.46656322,0.0013596165,0.41723257,0.2952254,-0.010856399,0.42164826,0.1891925,-0.025403693,0.4249694,0.097893834,-0.03734964,0.36414498,0.5142404,-0.012301766,0.3651633,0.3841249,-0.025707263,0.36761248,0.2995438,-0.032492403,0.37113324,0.21949735,-0.037825644,1
0.41036177,0.92222667,4.4641774e-07,0.5004956,0.8329866,-0.0344469,0.56390285,0.6864707,-0.043784805,0.58822674,0.5410407,-0.05285654,0.5782636,0.42445642,-0.060207505,0.50944614,0.4660149,0.012250921,0.51544166,0.302531,-0.004465384,0.51128864,0.20933476,-0.026520632,0.5058793,0.13012058,-0.043046657,0.46022594,0.45029548,0.011461701,0.46676564,0.26598287,0.00040430762,0.46714634,0.1523489,-0.01999646,0.46715218,0.05722356,-0.03629186,0.41284478,0.46731848,0.0026618973,0.417632,0.296035,-0.010218778,0.42237046,0.18983415,-0.02525127,0.42555887,0.09775475,-0.037333414,0.36343652,0.51495165,-0.011025488,0.3647323,0.38455683,-0.02495564,0.36755818,0.29933584,-0.031947948,0.37132624,0.21807033,-0.037297808,1
0.4105839,0.918469,4.4538473e-07,0.5005688,0.8304341,-0.03503985,0.56337947,0.68351066,-0.044411592,0.5872193,0.53907704,-0.053364616,0.5781114,0.4226014,-0.060492594,0.5092694,0.46297002,0.011688347,0.51437235,0.3001126,-0.0048756837,0.5102237,0.2076321,-0.026636302,0.50548023,0.12871817,-0.043000277,0.46003178,0.4479515,0.011346386,0.46557593,0.26408678,0.00025999063,0.46593845,0.1514993,-0.019881018,0.4663354,0.058195055,-0.036043875,0.41256794,0.46501738,0.002897121,0.4167031,0.29401135,-0.010258065,0.42110234,0.18834692,-0.025492776,0.42448482,0.09724569,-0.037693482,0.36312783,0.5118152,-0.010461435,0.3640383,0.3821793,-0.024643794,0.36712146,0.2978531,-0.032105494,0.37152088,0.21762234,-0.037847158,1
0.40916905,0.9186684,4.43956e-07,0.49945787,0.83206165,-0.034462966,0.56211984,0.68464154,-0.04346391,0.58723307,0.53746223,-0.052138157,0.5766609,0.42213857,-0.059102975,0.5078656,0.4640405,0.012798869,0.51370907,0.30086595,-0.0030306727,0.50922364,0.20690438,-0.024493067,0.5036394,0.12746587,-0.040807284,0.45859966,0.44828713,0.012313083,0.46453977,0.2642884,0.0022423686,0.46512425,0.15138018,-0.017378023,0.46557087,0.057107747,-0.033301968,0.41137838,0.46529707,0.0037910538,0.41594592,0.2941751,-0.008328009,0.42118427,0.18794239,-0.022967704,0.42497417,0.09571898,-0.034990374,0.36252382,0.51286614,-0.009667359,0.3634585,0.38294685,-0.023193324,0.3664394,0.29803735,-0.030166393,0.37064368,0.21737713,-0.035662014,1
0.410674,0.91485167,4.5492627e-07,0.5008708,0.8227825,-0.03295704,0.56219274,0.6753457,-0.041243862,0.58633226,0.5270789,-0.049434446,0.5744913,0.41815272,-0.056090444,0.507094,0.4598649,0.01479975,0.51238865,0.29630822,0.00037898662,0.50842905,0.20381323,-0.020208184,0.5037158,0.12531352,-0.03607769,0.45797798,0.4457471,0.013973298,0.46368876,0.26193082,0.00500951,0.46418646,0.14995119,-0.014066719,0.46474695,0.055308133,-0.029665047,0.41115487,0.46425295,0.0052477634,0.41540056,0.29385233,-0.0061421054,0.42015496,0.18818298,-0.020824432,0.42372942,0.09601945,-0.03291287,0.36217588,0.5128864,-0.008241609,0.36348727,0.3832814,-0.021205112,0.3665224,0.2991932,-0.028058369,0.37108478,0.21979502,-0.033550624,1
0.41064465,0.91439813,4.3111726e-07,0.5006234,0.82647073,-0.034073643,0.56241155,0.67375714,-0.042234465,0.58446676,0.5244731,-0.050033413,0.5760918,0.4116264,-0.056180548,0.50876963,0.45839053,0.01417214,0.51374906,0.29728243,-0.0012654149,0.5087991,0.20570993,-0.02257199,0.50301754,0.12789994,-0.038894184,0.45912436,0.4440015,0.013773247,0.4645028,0.26199806,0.0037137172,0.46481153,0.15041009,-0.016302116,0.46502295,0.056507736,-0.032445975,0.41191825,0.4620695,0.0053324867,0.4157732,0.29316452,-0.0071687805,0.42031243,0.18604082,-0.022515686,0.4235553,0.09202793,-0.034945913,0.36290613,0.5108996,-0.007920084,0.36307967,0.38182083,-0.021647347,0.36586297,0.29785678,-0.028880985,0.36984244,0.21653345,-0.034563616,1
0.41032952,0.9133043,4.3194177e-07,0.5002389,0.82522154,-0.033155367,0.5611932,0.6716136,-0.04063253,0.5839803,0.5221187,-0.04800828,0.57767576,0.40791488,-0.053897858,0.5083917,0.45615414,0.015906688,0.51339453,0.2967415,0.00071997545,0.50877327,0.20585555,-0.020654181,0.5035086,0.12776336,-0.037197504,0.45924824,0.44242758,0.0150421355,0.46427354,0.2612789,0.0048526055,0.46480075,0.14919308,-0.015630173,0.46520016,0.054692686,-0.032131154,0.41199663,0.46138823,0.006127482,0.41514894,0.29307586,-0.007000788,0.41967115,0.18673792,-0.022892794,0.42280617,0.09262875,-0.035585407,0.36284465,0.51093113,-0.0074614366,0.36298305,0.38302112,-0.021986097,0.36604646,0.29976118,-0.029753344,0.37018192,0.21823788,-0.035757765,1
0.41068295,0.91320133,4.4610584e-07,0.5009482,0.82364625,-0.033696402,0.561444,0.66964805,-0.0415322,0.5832671,0.51950943,-0.04924094,0.57796854,0.40645862,-0.055409655,0.5088278,0.45430127,0.01621819,0.51367545,0.29535133,0.0014496248,0.5091923,0.20465147,-0.0197592,0.50409234,0.12634331,-0.0363255,0.4593237,0.44076407,0.015574475,0.46404657,0.25954002,0.0057008197,0.46497774,0.14777112,-0.01461075,0.46609288,0.052910805,-0.031019222,0.4119481,0.45993745,0.0068090716,0.41483104,0.29095072,-0.0061117574,0.41975474,0.18445486,-0.02175897,0.42351216,0.09050223,-0.034232445,0.36269405,0.50982857,-0.0067184595,0.36272871,0.38021433,-0.021114362,0.3659842,0.29541156,-0.028791066,0.3706879,0.21284509,-0.03470766,1
0.41044727,0.91152656,4.3577108e-07,0.50160104,0.81895685,-0.032066684,0.5620768,0.6662744,-0.03953722,0.58421755,0.5156767,-0.047263447,0.577153,0.40304542,-0.05354019,0.5085182,0.45287046,0.017531628,0.5127641,0.2921566,0.0029981593,0.5086976,0.20201552,-0.017983373,0.50424004,0.12498537,-0.03432403,0.4591641,0.4398978,0.016087547,0.4638341,0.25761035,0.0066989027,0.46531317,0.14748064,-0.013095743,0.46742684,0.05394295,-0.029199159,0.4119298,0.4594662,0.0065900893,0.41534126,0.2897888,-0.00577645,0.4208977,0.18396589,-0.020782774,0.4255313,0.09057051,-0.032882687,0.3624663,0.50955933,-0.007595234,0.36290503,0.37813738,-0.021795513,0.3662148,0.29192078,-0.029268896,0.3709399,0.20824012,-0.035017453,1
0.40804583,0.90888935,4.2963438e-07,0.498692,0.8182577,-0.033091914,0.5611618,0.6623449,-0.040161125,0.5843235,0.5117193,-0.047049426,0.5784917,0.3992986,-0.052363336,0.50852835,0.45060688,0.016409252,0.51321244,0.28984877,0.0019447815,0.5090523,0.20034876,-0.018902358,0.5045732,0.123499095,-0.035187032,0.45895168,0.4372244,0.015715344,0.46381316,0.25580266,0.0059279623,0.4647602,0.1452449,-0.014440619,0.4658091,0.052416682,-0.030899346,0.41138953,0.45633894,0.006982731,0.41500163,0.2878199,-0.0057967305,0.42004603,0.18147495,-0.021561928,0.42384848,0.087562084,-0.034210775,0.36162177,0.5058987,-0.0064288964,0.3627643,0.3765108,-0.0207398,0.36626706,0.2920249,-0.02849524,0.37112406,0.20916945,-0.034518763,1
0.4055822,0.90469813,4.262966e-07,0.49755675,0.8146622,-0.032819673,0.56227416,0.66132754,-0.039316118,0.58545065,0.5104015,-0.045237742,0.5763682,0.40134856,-0.049331147,0.50774336,0.44909832,0.015343353,0.5118475,0.284909,0.0015946013,0.5068623,0.19330993,-0.018135339,0.5011931,0.117238015,-0.033199236,0.45752797,0.4344301,0.015270675,0.46289942,0.25036544,0.006813891,0.4639977,0.13934043,-0.011461777,0.46502456,0.048413634,-0.026164804,0.40971768,0.4521941,0.0072317054,0.41313398,0.2815863,-0.004220124,0.4184324,0.17691094,-0.01883747,0.42292067,0.086272955,-0.030582814,0.35949853,0.49995682,-0.0054887217,0.36020154,0.37083596,-0.018580677,0.36339107,0.2885427,-0.025592582,0.36850685,0.20973828,-0.030983165,1
0.40558594,0.9008008,4.0927995e-07,0.4967434,0.8142829,-0.032325894,0.5600232,0.65802604,-0.03833628,0.582469,0.5089329,-0.044215128,0.57954395,0.39989313,-0.04822036,0.50651264,0.44462326,0.0180591,0.511294,0.2859155,0.004462511,0.5068746,0.19593352,-0.015597812,0.501773,0.119926095,-0.031163897,0.45645332,0.43092233,0.01742453,0.46070114,0.24960956,0.008494365,0.46099487,0.13886157,-0.010591308,0.46105257,0.048718095,-0.025899535,0.40857527,0.44830865,0.008716325,0.41152382,0.28000346,-0.0033771244,0.41644555,0.1758241,-0.018218696,0.4202482,0.08480367,-0.030049456,0.35854298,0.49494687,-0.004684521,0.359136,0.36862743,-0.017872468,0.3620502,0.28743452,-0.024689766,0.36605382,0.20857653,-0.029997073,1
0.40255433,0.9024199,4.1111156e-07,0.49338794,0.81729454,-0.03307259,0.55796516,0.6555551,-0.03870452,0.5810662,0.5027035,-0.043833442,0.5782155,0.39710373,-0.046990044,0.5040387,0.4447819,0.017001526,0.50887,0.28592014,0.0037639542,0.5045507,0.19507846,-0.015696872,0.49956143,0.11868116,-0.030888302,0.45359755,0.42981488,0.01678564,0.45769697,0.24893746,0.008171119,0.45856926,0.13829023,-0.010013461,0.459191,0.047816932,-0.024467353,0.40576303,0.44623134,0.008459117,0.40783337,0.2768464,-0.0036697127,0.4134472,0.17169991,-0.017912261,0.4182858,0.07950702,-0.029102802,0.35570535,0.49213412,-0.0046505816,0.35511982,0.3638099,-0.017980555,0.35757476,0.2817775,-0.024517877,0.36165863,0.20233831,-0.02945236,1
0.40020788,0.90132344,3.9772723e-07,0.49077326,0.817149,-0.0326092,0.557189,0.65099615,-0.036926094,0.5806552,0.49566588,-0.040521063,0.57299125,0.39837873,-0.042217523,0.50137734,0.44291577,0.016942948,0.5061303,0.28402653,0.0042864033,0.50167954,0.19355506,-0.015035743,0.4967023,0.117142946,-0.030424522,0.45072165,0.42746806,0.016799778,0.4540518,0.24697575,0.008083947,0.45529035,0.13545927,-0.010537544,0.4559488,0.045116693,-0.025447372,0.4029946,0.44411367,0.008695396,0.4041613,0.27485567,-0.003851209,0.40985364,0.16958004,-0.019169329,0.41442332,0.07819775,-0.031177893,0.35336292,0.48994717,-0.00407443,0.3527491,0.3620581,-0.017706933,0.35537347,0.2818194,-0.024890443,0.35981438,0.20455506,-0.030482635,1
0.39834654,0.90277696,4.0038344e-07,0.48918003,0.8104104,-0.031921435,0.54907775,0.6544124,-0.03715835,0.5675738,0.5052544,-0.04236128,0.57370204,0.39271712,-0.04550949,0.4959853,0.44390714,0.019820325,0.50170386,0.28340057,0.007209183,0.4983261,0.1946947,-0.012591322,0.49418613,0.117236346,-0.028344952,0.4469045,0.42941314,0.019072462,0.45029074,0.24805906,0.010499322,0.4502349,0.13707784,-0.009204277,0.4501537,0.047747105,-0.025099965,0.40000588,0.44685704,0.010216074,0.40141872,0.2779433,-0.0020530792,0.4060129,0.17414612,-0.017657742,0.40988177,0.08399263,-0.029961452,0.3504091,0.4941441,-0.00322465,0.34974918,0.3660599,-0.01722356,0.35180688,0.2854581,-0.024589295,0.3546616,0.2090267,-0.030055257,1
0.3963163,0.90680194,4.5166192e-07,0.4866101,0.81334364,-0.032322027,0.54209536,0.6566861,-0.03945681,0.56231195,0.5038561,-0.046839695,0.56828386,0.39610952,-0.052579496,0.49051812,0.44846612,0.018962452,0.496241,0.28577977,0.0056633265,0.4927114,0.19345123,-0.0142425345,0.48852685,0.11460528,-0.03011353,0.44165683,0.43371668,0.017890373,0.44664317,0.25185212,0.009228552,0.44761813,0.1389929,-0.009781077,0.44896844,0.044464707,-0.025266856,0.395032,0.45125288,0.00863059,0.39716333,0.2810529,-0.0033335777,0.40252572,0.1737867,-0.018097086,0.40734553,0.07977578,-0.030105239,0.34639084,0.4988034,-0.0053707184,0.3449182,0.37029475,-0.019047253,0.34816456,0.28758448,-0.026027087,0.35325176,0.20887256,-0.031501826,1
0.3938005,0.909948,4.4205515e-07,0.48428962,0.8147974,-0.031202648,0.5381425,0.66027194,-0.037040416,0.5530741,0.5109852,-0.043151863,0.5584372,0.4017375,-0.047595058,0.48721233,0.45030284,0.019535905,0.49230614,0.28668484,0.0067826216,0.48943728,0.1941604,-0.01268173,0.48732287,0.11440903,-0.028372098,0.43868995,0.43599012,0.018297726,0.4432861,0.2548571,0.009547188,0.4445591,0.14130494,-0.010050274,0.44727942,0.046884835,-0.026117083,0.3923661,0.45380402,0.008994996,0.39481032,0.28423247,-0.0031461501,0.40004468,0.17670557,-0.019368995,0.40549594,0.08281571,-0.032483026,0.34366468,0.50117517,-0.0048390217,0.3423147,0.37222204,-0.019139316,0.3454969,0.28850025,-0.027596662,0.3507842,0.208022,-0.034193303,1
0.390553,0.91607493,4.597831e-07,0.48041484,0.82020235,-0.03223159,0.53431314,0.66798437,-0.038087104,0.547415,0.52174777,-0.043941066,0.55058944,0.40803224,-0.048200265,0.4829478,0.45543975,0.018890426,0.48849744,0.2925492,0.0067889215,0.48619515,0.19917098,-0.012696323,0.4846335,0.1156356,-0.028832924,0.43453526,0.44069055,0.017734265,0.43928462,0.25905186,0.009083869,0.44109693,0.14214796,-0.011316057,0.44397104,0.0439156,-0.028286308,0.38833913,0.45970413,0.008426825,0.3908747,0.28874263,-0.0038795806,0.39624393,0.17897356,-0.021431174,0.401854,0.081121475,-0.03569829,0.34047568,0.5082583,-0.0054907836,0.33890298,0.37704512,-0.020696562,0.3423841,0.29008773,-0.030434344,0.3486787,0.20510232,-0.038143747,1
0.38837776,0.91981184,4.699777e-07,0.47753143,0.8231981,-0.03478503,0.5311942,0.6738407,-0.042719156,0.54220366,0.5248318,-0.050299577,0.55012643,0.40996936,-0.05626098,0.48173556,0.4607868,0.01617008,0.4878137,0.29791027,0.002432583,0.48494986,0.20369014,-0.018144203,0.48220426,0.12009567,-0.03480489,0.43327603,0.44551495,0.016012896,0.4385648,0.26257998,0.0062413565,0.4400797,0.14461386,-0.014654806,0.44268426,0.044202805,-0.03187436,0.38714203,0.46372902,0.0075096874,0.38922426,0.29144955,-0.005667025,0.3939094,0.18115512,-0.023226239,0.39899546,0.08334631,-0.037252266,0.33892938,0.51128364,-0.005795944,0.33666155,0.3772796,-0.021521242,0.33908385,0.28887194,-0.031221673,0.34414366,0.20305559,-0.038696334,1
0.3870006,0.92494965,4.809936e-07,0.47566023,0.8283446,-0.03490075,0.5272038,0.680083,-0.043479767,0.5371812,0.53240263,-0.05191332,0.5443555,0.41880074,-0.058839686,0.47889215,0.46378267,0.01600269,0.48521376,0.30109593,0.002352255,0.48241726,0.20723453,-0.01845607,0.47946018,0.12241861,-0.035713673,0.43048152,0.44881976,0.015319847,0.43554577,0.2662409,0.0051579042,0.4367541,0.14789486,-0.016677368,0.43874153,0.046500206,-0.034898445,0.38406295,0.46820498,0.006323659,0.3860188,0.29557097,-0.007361908,0.39053842,0.18440455,-0.0261983,0.39505905,0.08588624,-0.041404087,0.33543384,0.5174034,-0.007420926,0.3328309,0.38481486,-0.023792181,0.33608216,0.29600704,-0.034649782,0.3423447,0.20995566,-0.043265402,1
0.38493255,0.9285933,4.9549396e-07,0.4724698,0.8344036,-0.036706712,0.5236905,0.6905634,-0.0476826,0.5358175,0.54374164,-0.058510177,0.5428056,0.42501652,-0.06784345,0.47928932,0.47069186,0.014024642,0.483521,0.30562305,-0.0009817376,0.47997403,0.20996344,-0.022320729,0.4769074,0.12838998,-0.03930865,0.43007204,0.4548923,0.014083648,0.43387687,0.26924518,0.00388366,0.43398494,0.15180513,-0.017380662,0.43648025,0.053124517,-0.034922063,0.38274422,0.47264293,0.0056464993,0.3840494,0.29836297,-0.0072402786,0.38771167,0.18623966,-0.024693232,0.3924031,0.08918837,-0.038993783,0.3335923,0.52156293,-0.007820589,0.33044305,0.3864452,-0.023377892,0.33192077,0.29664028,-0.03308674,0.3363779,0.21128342,-0.040697377,1
0.38450098,0.9322853,4.5512908e-07,0.4704709,0.8397939,-0.03261152,0.52063316,0.69670343,-0.041062083,0.5327754,0.55282974,-0.04979107,0.5410129,0.43513292,-0.057196192,0.4749519,0.47653395,0.014341933,0.48130557,0.3116037,-0.00074382074,0.4786044,0.21631852,-0.021697719,0.47618544,0.13211471,-0.038624793,0.4268428,0.46016586,0.012318296,0.43139774,0.27364677,0.00080443406,0.43223974,0.1542522,-0.021289729,0.4343316,0.053762227,-0.039460476,0.379966,0.4790265,0.0023654813,0.38073397,0.30338138,-0.0121661285,0.3848338,0.19019955,-0.03117016,0.38937074,0.09163779,-0.046434842,0.3311934,0.5287338,-0.0120071005,0.3280207,0.3933448,-0.029245622,0.3296525,0.30206132,-0.040406294,0.33421135,0.2142629,-0.04905805,1
0.38356456,0.93585086,4.637115e-07,0.47012576,0.8413409,-0.032328878,0.52042156,0.70039827,-0.04085768,0.5337832,0.5584347,-0.049655225,0.53932875,0.44037208,-0.05729238,0.4726427,0.47887027,0.01272343,0.47827625,0.31279922,-0.0027069314,0.4758621,0.21699592,-0.023663683,0.47337073,0.13334087,-0.040361524,0.4239084,0.46243602,0.01036539,0.4279077,0.2745249,-0.0012004323,0.4288248,0.1554355,-0.022807501,0.43105608,0.056738496,-0.040447775,0.37685856,0.4820367,0.00015768573,0.37656844,0.30498195,-0.014168027,0.3809215,0.19172767,-0.032854684,0.38625777,0.09343243,-0.047804542,0.32795143,0.5328249,-0.01441657,0.323898,0.394809,-0.03166678,0.3262659,0.30269432,-0.042734247,0.33254376,0.21422341,-0.051171716,1
0.3813371,0.9419675,4.8468337e-07,0.46804932,0.8470113,-0.03491653,0.5187516,0.70558155,-0.0441974,0.53345203,0.56023806,-0.053321496,0.5360271,0.43986464,-0.06111502,0.47121474,0.48205414,0.013104104,0.47690693,0.3147605,-0.0015137892,0.47391334,0.21843654,-0.022958057,0.47072712,0.13323024,-0.0404651,0.42213452,0.46549624,0.012060762,0.4255152,0.2768155,0.0013815316,0.42590365,0.15746567,-0.021083284,0.4277321,0.057676256,-0.039840177,0.37480953,0.4856485,0.0029212364,0.3746127,0.30823603,-0.010769976,0.37837946,0.19522065,-0.030350925,0.38240498,0.09755275,-0.04628006,0.32644966,0.5376016,-0.01088683,0.32362777,0.39973092,-0.027721372,0.32494843,0.30852294,-0.039210014,0.3293476,0.22170758,-0.048263777,1
0.38160875,0.9474076,5.116988e-07,0.46772796,0.85067475,-0.034961,0.5182095,0.7121305,-0.045120507,0.5327165,0.5668983,-0.05529953,0.5345898,0.44601578,-0.06416853,0.46862304,0.48619398,0.012865716,0.47454438,0.31638533,-0.002112285,0.47282434,0.22031754,-0.023205796,0.4706726,0.13645294,-0.04004056,0.4203405,0.46955,0.011603083,0.42431283,0.278802,0.0010242512,0.42536688,0.15951103,-0.020550668,0.427935,0.059149235,-0.038440235,0.3736184,0.48956802,0.00213178,0.3732583,0.3110834,-0.011211549,0.37770277,0.19719696,-0.02966303,0.38301247,0.09887457,-0.044673953,0.324767,0.541054,-0.012085083,0.3211313,0.4012102,-0.028657489,0.3229984,0.30848727,-0.03943824,0.32904243,0.22051576,-0.047827095,1
0.38452554,0.9503524,4.989005e-07,0.46977997,0.85353863,-0.03591561,0.519894,0.71067613,-0.046290584,0.53417903,0.5661979,-0.056372475,0.5346614,0.44455293,-0.06493421,0.47026977,0.48566484,0.010832521,0.4748302,0.31716302,-0.0045291004,0.4712677,0.21970996,-0.025666978,0.467708,0.13406107,-0.04257383,0.42108667,0.47094327,0.009980419,0.42417654,0.28036588,-0.0008886623,0.42366526,0.16100734,-0.022175716,0.42472738,0.060572833,-0.039753146,0.37371364,0.49159163,0.0009644178,0.37325317,0.312067,-0.012725944,0.37647545,0.19881082,-0.030810187,0.3801353,0.100800574,-0.045423362,0.3251883,0.5436631,-0.012888258,0.32084125,0.4045865,-0.029486557,0.32206777,0.31300557,-0.03984417,0.3266464,0.22540009,-0.047790557,1
0.38839993,0.95240426,4.9115647e-07,0.47210145,0.8618561,-0.036679607,0.52287436,0.710678,-0.04691005,0.53763795,0.5667613,-0.05667553,0.537567,0.44227284,-0.06482531,0.47196126,0.48535162,0.008024222,0.476188,0.3191745,-0.009928151,0.4730488,0.22019127,-0.031714916,0.4698372,0.13545173,-0.04855258,0.42228577,0.47271478,0.007184544,0.42525283,0.2823556,-0.006631717,0.4249546,0.16236234,-0.028377227,0.4254418,0.06338763,-0.045526404,0.37498438,0.49422562,-0.0018962964,0.37453192,0.3140536,-0.018657109,0.37786832,0.20014301,-0.037133638,0.3814999,0.103153884,-0.051204707,0.32761523,0.54648423,-0.01577582,0.32371563,0.4099753,-0.03473423,0.32528988,0.31807917,-0.045996405,0.32971692,0.230171,-0.054064024,1
0.3885459,0.95702523,4.96832e-07,0.47427166,0.86561847,-0.038885266,0.5269702,0.7175758,-0.049891073,0.5417799,0.5693276,-0.059776157,0.54232854,0.44298816,-0.06787108,0.4736692,0.49210566,0.0059865504,0.47913617,0.32307106,-0.012224767,0.4764636,0.2243622,-0.034327127,0.47337544,0.13905117,-0.051365476,0.4246225,0.4777776,0.0064914734,0.4287937,0.2862986,-0.007089869,0.42845032,0.16630808,-0.028906424,0.42839083,0.06630114,-0.046343412,0.37800214,0.49862784,-0.0013775515,0.37825894,0.317545,-0.017735273,0.3814611,0.20449957,-0.036032375,0.38444158,0.10781431,-0.05013746,0.3307665,0.5505301,-0.014238396,0.3276939,0.41301614,-0.033000458,0.32928088,0.3209886,-0.044237524,0.33344987,0.23290175,-0.052331027,1
0.3935986,0.9569557,4.920313e-07,0.4803729,0.864105,-0.039057117,0.5352007,0.7215201,-0.05124951,0.55231875,0.57455665,-0.062105305,0.55197406,0.4498682,-0.07143153,0.47948962,0.49530742,0.0024133213,0.48377287,0.32535243,-0.016529214,0.4809368,0.2279669,-0.039018713,0.47820216,0.14447615,-0.056006234,0.43041527,0.48155558,0.002974082,0.43383858,0.2898555,-0.010704282,0.4332165,0.17066789,-0.032373223,0.433342,0.07075387,-0.04974843,0.38343588,0.5031604,-0.004556766,0.38371116,0.32215005,-0.020538853,0.38660336,0.20912328,-0.038508534,0.38944724,0.11160472,-0.052483063,0.3354637,0.5559058,-0.016992237,0.33213606,0.41647726,-0.03528836,0.33398873,0.32485363,-0.045889303,0.3382753,0.23790786,-0.053485412,1
0.400726,0.9589155,4.755165e-07,0.4876273,0.86576754,-0.038006827,0.5428239,0.7200786,-0.05000506,0.5602826,0.57689637,-0.061021935,0.5598299,0.45278737,-0.07052712,0.4890971,0.49499696,0.0029913667,0.4920009,0.32952672,-0.016567208,0.48839256,0.23255107,-0.039337028,0.48557192,0.1496112,-0.0564486,0.43904695,0.4820101,0.0026413014,0.4412698,0.29376912,-0.011905094,0.44051528,0.17507267,-0.033736847,0.44110665,0.07612136,-0.05098929,0.39114523,0.5040163,-0.0057572015,0.3912449,0.32495832,-0.022333222,0.39398962,0.21113369,-0.040242665,0.39736596,0.1126664,-0.053976372,0.3426105,0.5578806,-0.01900791,0.33915454,0.41857976,-0.037670966,0.3406268,0.3253119,-0.04838536,0.3445704,0.23630872,-0.05591038,1
0.40659043,0.9565871,5.2680923e-07,0.49322817,0.8686743,-0.04099441,0.5486723,0.73032683,-0.055203147,0.5690989,0.58922917,-0.06817239,0.57228374,0.4639049,-0.07954846,0.49533,0.49280566,0.0032908611,0.49899173,0.32830077,-0.014790721,0.495692,0.23230085,-0.037646234,0.49283037,0.14897555,-0.05538475,0.44606936,0.4791001,0.0043411404,0.44831753,0.2929602,-0.008464513,0.44726154,0.17490551,-0.030835973,0.44776365,0.07680449,-0.049146876,0.39854303,0.50024813,-0.0028407113,0.39845544,0.32413834,-0.017449029,0.4011491,0.21214241,-0.035373397,0.40446475,0.115415156,-0.049770664,0.3502588,0.55347335,-0.015275244,0.3460271,0.41571087,-0.03251882,0.34767613,0.3237044,-0.04287575,0.35194293,0.23716915,-0.05052419,1
0.4142282,0.95537794,4.94398e-07,0.5012976,0.8672527,-0.040810674,0.5596546,0.72669446,-0.05425728,0.57842124,0.58270955,-0.06636095,0.5771987,0.45603526,-0.076699615,0.50523597,0.4924198,0.0036548295,0.50879294,0.33149713,-0.01583392,0.50515205,0.23500869,-0.03953646,0.501925,0.15061069,-0.057556905,0.4550257,0.47744417,0.0048941947,0.45755035,0.2936528,-0.009400415,0.45638472,0.17718497,-0.03206024,0.4566862,0.07956818,-0.050095126,0.40717512,0.4967666,-0.0021089283,0.40765527,0.32320744,-0.018264532,0.41035634,0.21265969,-0.03610728,0.41369772,0.11856353,-0.049834464,0.35855252,0.5486885,-0.014285856,0.35431752,0.41399676,-0.03187317,0.3561508,0.32490683,-0.041606475,0.36028895,0.24235117,-0.04839761,1
0.4216624,0.9498672,5.260107e-07,0.5109669,0.86389375,-0.045634918,0.5742773,0.7270485,-0.06252676,0.59182453,0.5832013,-0.07741183,0.5849386,0.45807588,-0.090097606,0.523282,0.48691115,0.0016026278,0.5268877,0.3288526,-0.020161765,0.5204778,0.23293701,-0.045168538,0.5152132,0.15605912,-0.06311958,0.46903569,0.47162303,0.0051466655,0.4709797,0.28952855,-0.009834466,0.46886203,0.1743972,-0.031898838,0.46925563,0.07692078,-0.048984732,0.41900894,0.49071705,-0.00037835166,0.41898867,0.3176555,-0.017419036,0.4227011,0.20662558,-0.03482505,0.42763788,0.11385086,-0.04781454,0.36933815,0.5431437,-0.011548753,0.3648638,0.41034502,-0.029386135,0.36784145,0.32303953,-0.039035507,0.37370014,0.24295172,-0.045468543,1
0.4298936,0.94754267,4.5244155e-07,0.51964885,0.8574525,-0.039862163,0.5834233,0.711226,-0.0518102,0.59965205,0.55925727,-0.062277075,0.5870991,0.43571112,-0.071312875,0.5317466,0.48599592,0.0066658896,0.53475666,0.32734048,-0.011996552,0.530171,0.23404917,-0.036222793,0.5267036,0.15282169,-0.054771103,0.47957832,0.47083446,0.007994815,0.4816033,0.29058638,-0.005304288,0.48076823,0.1762133,-0.028586766,0.48150778,0.07933855,-0.0472754,0.43051708,0.4902565,0.0011619829,0.43119958,0.3181224,-0.014594367,0.43542027,0.20981777,-0.032501668,0.44017452,0.114867836,-0.046369128,0.38052088,0.5435929,-0.010696528,0.37743646,0.40897763,-0.027813682,0.38117984,0.32234904,-0.037231173,0.3872854,0.24070564,-0.043949448,1
0.44016835,0.94407046,4.127821e-07,0.5284436,0.8611567,-0.038390525,0.5893299,0.7122252,-0.048197962,0.6040858,0.56183463,-0.056301154,0.6014486,0.4380446,-0.062491488,0.54175484,0.47910616,0.0078577185,0.5456831,0.32457322,-0.009075602,0.5412474,0.23314193,-0.031803995,0.5373941,0.15218082,-0.049447402,0.4909092,0.4656257,0.009279597,0.4933628,0.28740457,-0.0031168687,0.4929101,0.17367351,-0.024795232,0.49287805,0.08019066,-0.04189445,0.44337222,0.4859081,0.0027087457,0.44442737,0.3142576,-0.012888757,0.44835606,0.20928559,-0.029858021,0.4517997,0.11732036,-0.042388044,0.39511392,0.54023063,-0.008733761,0.39380124,0.40681112,-0.026128855,0.39719376,0.3211645,-0.035514954,0.40192497,0.23961413,-0.041618757,1
0.44924715,0.93973124,3.097829e-07,0.539012,0.8674361,-0.03257018,0.5979703,0.7118731,-0.03829662,0.61114377,0.5605424,-0.042667154,0.6129825,0.45340073,-0.045326468,0.55687463,0.4752443,0.00762625,0.5601048,0.32087266,-0.008258917,0.5551841,0.22952038,-0.028821735,0.550676,0.1497688,-0.045148894,0.5066271,0.46031266,0.0073000602,0.5099479,0.28241545,-0.005525844,0.5100801,0.17080858,-0.02514228,0.5096041,0.078345716,-0.04027152,0.45987183,0.47900206,-0.0001691145,0.46159407,0.30639952,-0.0165461,0.4656964,0.20087662,-0.032970596,0.46961656,0.10800251,-0.044650562,0.4113676,0.53106993,-0.011850245,0.40910202,0.39601585,-0.03009175,0.41344607,0.3111081,-0.039992385,0.42009827,0.23040676,-0.04616108,1
0.4615585,0.93683743,2.8266933e-07,0.55122656,0.8622576,-0.029211245,0.6098696,0.70279175,-0.033921387,0.6248979,0.5555153,-0.038008433,0.6233057,0.45733172,-0.040708955,0.56831235,0.47390938,0.007612807,0.5712426,0.31706202,-0.0086716125,0.56754375,0.22536272,-0.028985605,0.5643456,0.14629272,-0.04492971,0.51961815,0.45870736,0.005554504,0.5231706,0.2792674,-0.0076968223,0.52403367,0.1671359,-0.026903974,0.5239096,0.074490696,-0.0416152,0.47395018,0.47698316,-0.0031877358,0.4763669,0.30451322,-0.019160016,0.48055065,0.19928536,-0.034750845,0.48414335,0.105874985,-0.046003543,0.42576936,0.52800596,-0.015899872,0.4241609,0.39392093,-0.03332119,0.42883036,0.30814245,-0.042522244,0.4354107,0.22574311,-0.048428893,1
0.47603622,0.9308511,2.680163e-07,0.5629888,0.8563701,-0.027239548,0.6178549,0.6980602,-0.031595174,0.63477165,0.55533236,-0.035864305,0.63902855,0.45352945,-0.038805887,0.5786429,0.47421706,0.007640805,0.58189595,0.31602553,-0.009484634,0.579429,0.22376505,-0.029662801,0.57782096,0.14513522,-0.045280166,0.53153133,0.4585594,0.004601656,0.5356187,0.2788218,-0.009711142,0.53786445,0.16671962,-0.028654307,0.53964186,0.074317515,-0.043063562,0.48718742,0.47588304,-0.0050314236,0.49011022,0.30231464,-0.021715224,0.49555936,0.19671029,-0.036602117,0.5010276,0.10300934,-0.04732236,0.44070837,0.52507263,-0.018497583,0.43955198,0.39052472,-0.036569282,0.44518843,0.3038812,-0.045831803,0.45309412,0.22067907,-0.051748462,1
0.48734316,0.92401206,2.8594894e-07,0.57390624,0.85151494,-0.027646082,0.6299132,0.69592917,-0.032192923,0.6472968,0.55599886,-0.036493275,0.65191525,0.45384616,-0.039293375,0.5896656,0.47557533,0.006430555,0.5940812,0.31703407,-0.010919103,0.5917274,0.22341347,-0.03079735,0.5892211,0.14276975,-0.046130687,0.5437545,0.4586078,0.0036315366,0.5492136,0.27666616,-0.011362114,0.5515001,0.16092283,-0.03007945,0.5523843,0.06612739,-0.043992266,0.5006669,0.47438824,-0.0057188,0.5047156,0.29837555,-0.023058904,0.51015854,0.19042358,-0.037900973,0.5146903,0.09690067,-0.048229273,0.4556263,0.52159595,-0.018941648,0.45597285,0.38868332,-0.037542883,0.46141127,0.30235457,-0.04695215,0.4685496,0.22106045,-0.052708156,1
0.5001861,0.9155849,2.5343104e-07,0.58604056,0.84112906,-0.02420625,0.64007765,0.6892524,-0.0276597,0.657646,0.55503553,-0.031811506,0.6657481,0.45169032,-0.034850292,0.6011403,0.47248033,0.008984115,0.60558456,0.3166073,-0.0077899755,0.60454726,0.2243309,-0.027336307,0.60408306,0.14403403,-0.04280416,0.55604774,0.45556542,0.0040416447,0.55962664,0.27632698,-0.0109993275,0.56208545,0.1622181,-0.030660802,0.56438774,0.06738129,-0.045759294,0.5135843,0.47114304,-0.007168987,0.5155615,0.2991374,-0.02460704,0.52087605,0.19324023,-0.040500466,0.5266327,0.09999651,-0.052056402,0.46919763,0.51851255,-0.021912253,0.46665984,0.38782686,-0.04109193,0.47236824,0.30122128,-0.05175567,0.48101732,0.21750191,-0.05878681,1
0.5107956,0.9071379,2.564337e-07,0.59599483,0.83253956,-0.022048824,0.64877224,0.6807977,-0.024262253,0.66431206,0.5489303,-0.0275226,0.67596,0.44820863,-0.02983343,0.6103777,0.4719984,0.009594729,0.61622214,0.3169828,-0.0065208627,0.6158013,0.22522017,-0.02496524,0.6149546,0.14536953,-0.039629657,0.56559557,0.45455217,0.0035025573,0.5709898,0.2749894,-0.011273317,0.57421243,0.16025385,-0.030225849,0.5766514,0.06539929,-0.04477941,0.5232926,0.4696555,-0.008664492,0.52599376,0.29696977,-0.026222318,0.531897,0.19073641,-0.0420926,0.5382866,0.09770477,-0.05354555,0.47889638,0.51550245,-0.024106214,0.47624522,0.38142994,-0.043294884,0.48235047,0.29451245,-0.05391713,0.49175152,0.21208337,-0.061007246,1
0.5208755,0.899196,2.7571255e-07,0.6057454,0.82402205,-0.021676412,0.65763587,0.67071235,-0.02362641,0.6724835,0.5406232,-0.026628286,0.68374825,0.44116116,-0.028621525,0.6159414,0.4627783,0.009905106,0.62182194,0.3087666,-0.005660289,0.62112194,0.21817914,-0.023884444,0.6196641,0.13868386,-0.03852298,0.571631,0.44649243,0.0037029525,0.57780534,0.26833966,-0.010235335,0.58155465,0.15463775,-0.028900743,0.5835774,0.060289234,-0.04341303,0.5300176,0.46335614,-0.008523662,0.53281724,0.29341114,-0.025123578,0.5394823,0.18859422,-0.040733766,0.5455463,0.095915794,-0.052356075,0.48651946,0.5109034,-0.024019666,0.48546064,0.3806493,-0.042460307,0.49210387,0.29497784,-0.05285143,0.50093687,0.21244675,-0.060070213,1
0.53152233,0.8918599,2.8624385e-07,0.6167845,0.81320375,-0.020008255,0.66737807,0.6615387,-0.021760583,0.6802481,0.53279984,-0.024882259,0.691265,0.43675408,-0.027212147,0.6239825,0.45541492,0.009759578,0.6296793,0.30119538,-0.0064972714,0.6293773,0.21054772,-0.024691712,0.6280067,0.13074166,-0.039133597,0.5798196,0.44078356,0.0026266137,0.5864177,0.26244238,-0.012541867,0.58946705,0.14752385,-0.031114167,0.5902308,0.051814765,-0.045117576,0.5385347,0.45858508,-0.010294423,0.5424998,0.2868873,-0.028115936,0.5486387,0.18136567,-0.043206576,0.55359375,0.08861658,-0.05386757,0.49525934,0.5068593,-0.026275143,0.49618477,0.37520787,-0.045734234,0.5030575,0.2887661,-0.055794477,0.5115061,0.2060436,-0.062267262,1
0.54306805,0.8838035,2.8735678e-07,0.62726694,0.80122733,-0.018155714,0.6755611,0.649773,-0.019913273,0.6881285,0.52290255,-0.02335315,0.69785166,0.4290266,-0.026197307,0.6318326,0.44814062,0.009915825,0.63737226,0.2951033,-0.006650756,0.636944,0.20414263,-0.025055273,0.63531005,0.123909146,-0.03963161,0.58801717,0.43424478,0.0018534937,0.5945898,0.2572496,-0.013415835,0.5972342,0.14350274,-0.031802744,0.59767795,0.047662944,-0.04568012,0.54663914,0.45209455,-0.011713032,0.55158263,0.28205487,-0.02922294,0.5580235,0.17689219,-0.043811694,0.56304735,0.083355725,-0.054347444,0.50353277,0.50100446,-0.028173076,0.50553,0.37340713,-0.047172412,0.51293063,0.28798187,-0.056587335,0.5214496,0.20543689,-0.06270456,1
0.5558845,0.8751296,2.9079587e-07,0.63889253,0.79039675,-0.017533021,0.6834212,0.6386589,-0.019822808,0.69544756,0.5136257,-0.023747554,0.70512223,0.42093757,-0.027302291,0.6391754,0.44160086,0.0052716127,0.6422808,0.2862271,-0.012262238,0.6416789,0.19496903,-0.030257301,0.6397455,0.11472574,-0.0440847,0.59448206,0.4322104,-0.0030115808,0.5997111,0.25401855,-0.019029964,0.60136044,0.14222416,-0.036390625,0.60104024,0.047528505,-0.04930792,0.5529264,0.45371255,-0.016415069,0.5558105,0.2872628,-0.03402546,0.56107956,0.1832028,-0.047342062,0.5651014,0.090933114,-0.05682566,0.5098118,0.50457966,-0.032615896,0.5120031,0.37577683,-0.050610192,0.52025515,0.29032433,-0.058864903,0.5292352,0.2086761,-0.064164884,1
0.5663713,0.867232,3.1814776e-07,0.6486417,0.7818092,-0.018566316,0.69172186,0.62999374,-0.021509547,0.704079,0.50552577,-0.025556104,0.71251035,0.4130802,-0.029210122,0.6459825,0.43563706,0.0026992895,0.6487221,0.2821117,-0.014663376,0.64806163,0.19174483,-0.032289546,0.6467469,0.112511605,-0.045611825,0.6006308,0.427705,-0.004577713,0.604848,0.25079033,-0.019599054,0.6061874,0.14003956,-0.03588989,0.60655653,0.046072572,-0.047998182,0.55899984,0.45211986,-0.016820332,0.5588018,0.2902572,-0.032823633,0.5639709,0.19005841,-0.04457546,0.5689828,0.100964665,-0.05318516,0.5161983,0.506594,-0.032009132,0.5158349,0.3818646,-0.04818141,0.5237146,0.29920048,-0.05487565,0.5325753,0.22014657,-0.05915712,1
0.57579774,0.85908127,2.561504e-07,0.6578279,0.77167237,-0.010821874,0.6991643,0.6228113,-0.010399797,0.710162,0.4991056,-0.012672185,0.7193055,0.41239327,-0.014992797,0.65481204,0.43498343,0.011114009,0.65880775,0.27920216,-0.0036825475,0.6589124,0.1892299,-0.019807866,0.65756905,0.110847175,-0.032743186,0.61482674,0.42294034,8.687481e-05,0.6212424,0.24553493,-0.013812752,0.6237173,0.13413894,-0.029992461,0.6240585,0.04064703,-0.04221011,0.57678294,0.44239414,-0.015445704,0.580487,0.27191675,-0.030577919,0.58562267,0.16688153,-0.042636666,0.58919644,0.073553145,-0.05185222,0.5367367,0.4934336,-0.033201385,0.537903,0.36176074,-0.049619317,0.543494,0.2761339,-0.056705028,0.54924256,0.19413865,-0.061422978,1
0.5860514,0.85021424,2.4982987e-07,0.6677975,0.76354,-0.0131409755,0.70936954,0.6133758,-0.013325184,0.7223669,0.48927027,-0.01561996,0.7268302,0.40399474,-0.01776825,0.66516966,0.426644,0.009764465,0.6668683,0.2708485,-0.0050778356,0.66506064,0.18064803,-0.021657906,0.66223896,0.10092747,-0.034669947,0.62414944,0.41696638,0.00037597743,0.6274578,0.24142641,-0.012107272,0.6281285,0.13148001,-0.02751792,0.6267586,0.039499313,-0.03940322,0.58581203,0.43835527,-0.0136877885,0.5867052,0.27374566,-0.027219888,0.59115493,0.17323875,-0.037535176,0.5932746,0.08427939,-0.045575988,0.54639375,0.48985887,-0.030377686,0.5473258,0.36127698,-0.044849943,0.553033,0.277606,-0.05022341,0.5576804,0.19815674,-0.053804692,1
0.5940024,0.8433673,2.1431715e-07,0.67552394,0.75898325,-0.009334927,0.71700156,0.60872924,-0.00792064,0.7292846,0.48570642,-0.009788612,0.73443985,0.40212244,-0.0115249,0.67597204,0.41991395,0.016980588,0.67676336,0.26633626,0.004608423,0.6745907,0.1773881,-0.011325602,0.6714815,0.09860563,-0.02476249,0.6370556,0.40916353,0.0052981433,0.63828474,0.23570985,-0.005771558,0.6389682,0.124598056,-0.022301609,0.6372891,0.03349939,-0.03582536,0.6000057,0.42939925,-0.011053343,0.6008499,0.2636919,-0.023851106,0.60498726,0.16023523,-0.036522202,0.6064353,0.07103863,-0.047050077,0.562757,0.47930652,-0.029737106,0.5643096,0.35059428,-0.044536073,0.568265,0.26500517,-0.05212361,0.57128453,0.18441749,-0.05811927,1
0.60139453,0.84405136,1.8657121e-07,0.68284774,0.7664007,-0.010664681,0.72592455,0.61454284,-0.009147483,0.7379189,0.49213725,-0.01066865,0.7441014,0.4054216,-0.011898118,0.6857551,0.421887,0.016013768,0.6871794,0.26780367,0.002492187,0.68521273,0.17727256,-0.013675913,0.68217355,0.098379225,-0.02688369,0.64849246,0.40963912,0.005105545,0.6500981,0.23487422,-0.007186781,0.6507408,0.12241906,-0.023634866,0.64837235,0.031817466,-0.036559213,0.61283195,0.42800432,-0.010728272,0.61384714,0.26027274,-0.024611553,0.6169548,0.15558001,-0.03711204,0.61678284,0.06619391,-0.047004007,0.5766548,0.47570065,-0.029029457,0.5787331,0.34698418,-0.044370584,0.5818276,0.25923935,-0.052272566,0.5835932,0.17637944,-0.058228668,1
0.6130848,0.84379184,1.995862e-07,0.69222414,0.7670142,-0.012982406,0.7351612,0.61401963,-0.012735415,0.74793077,0.48914567,-0.0153019205,0.75131214,0.40787604,-0.017479222,0.69541496,0.42001987,0.0146585945,0.69712716,0.2680427,-8.245578e-06,0.6949145,0.17968795,-0.017196845,0.6910596,0.10264975,-0.031089453,0.6585941,0.40791783,0.0043939683,0.6617931,0.2336306,-0.009046333,0.6630844,0.12386778,-0.02596923,0.6608242,0.035078913,-0.039007276,0.62268865,0.4266369,-0.011114465,0.62566966,0.25979042,-0.026873702,0.6290985,0.15672237,-0.040097676,0.62856776,0.068716586,-0.049989395,0.58566284,0.47401798,-0.029241314,0.5903024,0.34782133,-0.045960337,0.5943204,0.260947,-0.054532662,0.5961845,0.17864934,-0.060789127,1
0.62436265,0.8462397,1.6949495e-07,0.7033903,0.76349795,-0.011124782,0.7435978,0.6139311,-0.010709894,0.75633895,0.49327746,-0.013508395,0.7603149,0.41174644,-0.016083175,0.70621157,0.4245757,0.01683519,0.70763147,0.2749784,0.0030640727,0.7057157,0.18736401,-0.013725628,0.70283425,0.109148234,-0.02764571,0.6703058,0.4126031,0.005941589,0.67149264,0.24067234,-0.006594776,0.67206466,0.13241658,-0.02324922,0.6699809,0.043397397,-0.036589142,0.63555115,0.43195575,-0.010066912,0.63631266,0.26775375,-0.024931123,0.6386108,0.16591918,-0.03788606,0.6377779,0.07800603,-0.04804,0.6002677,0.4796332,-0.028583778,0.6035256,0.35405508,-0.04437092,0.6069191,0.26842567,-0.052572336,0.6085949,0.18709058,-0.058963984,1
0.63437194,0.8489586,1.5281232e-07,0.71454763,0.7638551,-0.0077154776,0.7535332,0.6195617,-0.006760911,0.7664079,0.49760413,-0.009542382,0.7697043,0.41929054,-0.012720242,0.715031,0.43261907,0.017201714,0.7169492,0.27979672,0.00438134,0.7151378,0.19156998,-0.011978647,0.7122164,0.111169666,-0.02596196,0.68107235,0.42144114,0.0043490757,0.68310475,0.24734135,-0.0071477657,0.6837609,0.13767073,-0.023878293,0.68171084,0.046158552,-0.03784028,0.6473052,0.44153047,-0.013059749,0.6490297,0.274826,-0.026661992,0.65122086,0.171125,-0.039634753,0.6503005,0.081475675,-0.050420385,0.6128464,0.48977137,-0.032604374,0.61534077,0.35961625,-0.04801828,0.61827195,0.27227107,-0.05609243,0.6198481,0.1906597,-0.06268477,1
0.64359045,0.8532671,1.5826365e-07,0.724094,0.7675224,-0.005915281,0.76268053,0.62434256,-0.0044190967,0.7759855,0.50389254,-0.007032959,0.7805897,0.42366543,-0.010361257,0.7243949,0.43935132,0.017920135,0.727857,0.284711,0.005090601,0.7269513,0.19615784,-0.011259302,0.72424966,0.11467278,-0.025195437,0.69135225,0.42864442,0.003999409,0.6952274,0.25345033,-0.0073927804,0.69628257,0.14287335,-0.024194522,0.6935102,0.050453782,-0.038150486,0.6579388,0.44891468,-0.014253725,0.6610384,0.2803474,-0.02744985,0.66381377,0.17648765,-0.039899472,0.6624725,0.086717546,-0.050303597,0.6233269,0.4976871,-0.03446145,0.62628233,0.36585653,-0.04961188,0.63003814,0.27825367,-0.05707839,0.6323105,0.19656625,-0.06312964,1
0.6498973,0.85354066,1.5927004e-07,0.73018825,0.7712859,-0.0060352627,0.77084684,0.62741274,-0.004931873,0.78578687,0.50672483,-0.0077197077,0.7869124,0.43054068,-0.011218302,0.7330792,0.44366935,0.013939792,0.7363361,0.28744406,0.00058593875,0.73551303,0.19813287,-0.015243623,0.73286825,0.11682096,-0.028693622,0.7005614,0.4318355,-0.000121815625,0.7048756,0.25505966,-0.012079658,0.70721847,0.1430372,-0.027900854,0.7050657,0.050662547,-0.04097413,0.66799057,0.45221648,-0.018286133,0.67066,0.28341964,-0.031768728,0.6745311,0.18024799,-0.043370508,0.67430466,0.09189835,-0.053157322,0.63443065,0.5005853,-0.03843594,0.6372669,0.3703336,-0.054092016,0.6414722,0.2826361,-0.06166265,0.64417976,0.2011491,-0.067730084,1
0.65160507,0.859318,1.2215621e-07,0.7366995,0.7772707,-2.6553718e-05,0.7756782,0.62838864,0.0046061072,0.78764933,0.50545275,0.004029451,0.7943223,0.43708277,0.0022593124,0.7373834,0.4474343,0.020882048,0.7428557,0.29111236,0.010322564,0.74203503,0.20442644,-0.0035761958,0.73921406,0.12489605,-0.016102653,0.7063248,0.4350782,0.0036730731,0.7133819,0.2578432,-0.005587147,0.71693087,0.14625737,-0.019764496,0.715085,0.052889973,-0.031842194,0.67469275,0.45673895,-0.017436147,0.68048435,0.2845276,-0.029011512,0.68615437,0.18081704,-0.03959515,0.68623126,0.08991653,-0.04900946,0.64224076,0.506623,-0.04008973,0.6477408,0.37224013,-0.055128198,0.6530894,0.2835765,-0.06237879,0.65607786,0.19955021,-0.06843216,1
0.6551518,0.86011815,1.6424964e-07,0.7364286,0.7851625,-0.0069746682,0.7781154,0.6336233,-0.0055089304,0.79219323,0.5110651,-0.007951096,0.80016255,0.43377405,-0.010711254,0.74230266,0.44596744,0.0142878285,0.74830693,0.28779525,0.00061304326,0.7472734,0.19516382,-0.014961585,0.7433786,0.110498756,-0.028429152,0.7116587,0.43409693,0.00015299862,0.72075105,0.25605077,-0.012561992,0.7252091,0.1422357,-0.028243277,0.72370386,0.048206747,-0.04098429,0.6798749,0.4541335,-0.018435167,0.68713164,0.28225905,-0.03256435,0.6933715,0.17851087,-0.043981165,0.6939943,0.08824816,-0.05363412,0.64647454,0.50052303,-0.039192803,0.65228575,0.37036133,-0.055645958,0.65754056,0.2818088,-0.0638524,0.66107,0.19771871,-0.07043213,1
0.6553907,0.8584739,1.2228618e-07,0.7366172,0.7805051,-0.0046549602,0.77644694,0.63067937,-0.0017663713,0.79013366,0.5123872,-0.0032573116,0.80112976,0.42978725,-0.0051511643,0.7415001,0.44339943,0.01919464,0.74768955,0.29241693,0.0066263657,0.7472633,0.20511448,-0.008728785,0.7441236,0.12585396,-0.022120995,0.7101746,0.43005893,0.004339272,0.7177247,0.2546441,-0.0074733,0.7216007,0.1449458,-0.023578783,0.720073,0.053971082,-0.036939852,0.6780204,0.44885382,-0.015024238,0.6866966,0.27831942,-0.02928753,0.69345367,0.17610219,-0.042381164,0.69480324,0.086220115,-0.05338717,0.6441772,0.4956987,-0.03615794,0.65002763,0.3697455,-0.053029686,0.656835,0.28356594,-0.062267084,0.66221887,0.20046854,-0.0698073,1
0.6525743,0.8597413,1.839167e-07,0.7326386,0.7827766,-0.009801477,0.7722702,0.6338527,-0.009447653,0.78538334,0.5160315,-0.012426949,0.7970827,0.42752054,-0.015527666,0.7367936,0.44028777,0.014052179,0.7418352,0.2904846,-0.0011993677,0.7425993,0.20188612,-0.018102601,0.74091035,0.123015195,-0.031779785,0.7041784,0.42823297,0.0016754462,0.71242404,0.2553714,-0.012309434,0.7176628,0.1466901,-0.028976046,0.718632,0.05527374,-0.04201026,0.6705277,0.44758284,-0.015599848,0.67959243,0.27952552,-0.03165271,0.6876272,0.17757255,-0.04441401,0.6917728,0.087248355,-0.05436119,0.6344542,0.49505064,-0.03501982,0.64032316,0.37009126,-0.052491985,0.6487729,0.28475028,-0.060842615,0.65668625,0.20266318,-0.06701585,1
0.6413907,0.85715985,2.2140108e-07,0.7237241,0.77409965,-0.010663789,0.7636634,0.6284876,-0.0103312675,0.77813596,0.50877583,-0.013102029,0.7878926,0.42376763,-0.015902434,0.72728765,0.43615627,0.014550843,0.73443365,0.2821982,4.3973174e-05,0.73535365,0.19164017,-0.016768819,0.73296034,0.11044809,-0.030456359,0.69414073,0.42263097,0.0030375447,0.7025034,0.24894956,-0.010175314,0.7068621,0.14092258,-0.027208686,0.70691544,0.04951355,-0.040561482,0.65976137,0.44089764,-0.013283559,0.66751266,0.27500317,-0.028708907,0.6749374,0.17530155,-0.0416461,0.67849106,0.08807418,-0.051544525,0.62300134,0.48793942,-0.03177512,0.6278524,0.36292967,-0.04803452,0.6365998,0.28009793,-0.055533413,0.645188,0.20230803,-0.060977533,1
0.63241565,0.8607116,2.119487e-07,0.7138949,0.77643496,-0.010513455,0.75444376,0.6245302,-0.009971388,0.7685237,0.50553197,-0.012780865,0.7780408,0.42067093,-0.0156502,0.7163302,0.4279586,0.015805678,0.72130394,0.27661029,0.0007557442,0.7225393,0.18739673,-0.016551688,0.72124636,0.10753912,-0.030481895,0.6816314,0.41743946,0.003994916,0.6871003,0.24658844,-0.010076985,0.6898749,0.13868773,-0.02758962,0.6889011,0.046982497,-0.041080873,0.6462223,0.43784267,-0.012781403,0.6526915,0.27464452,-0.028930878,0.6594905,0.17689726,-0.041570496,0.66298074,0.09024474,-0.051020663,0.60831195,0.4868536,-0.03181905,0.613903,0.36276436,-0.048285324,0.62320966,0.2804039,-0.055658568,0.6322928,0.20191556,-0.060882047,1
0.6162902,0.86082757,2.304456e-07,0.70062745,0.7771728,-0.012514004,0.7418179,0.6248991,-0.012021275,0.7548584,0.5046326,-0.014639148,0.76374197,0.41466668,-0.017124267,0.70133847,0.428272,0.016888104,0.7070324,0.27969956,0.0016593024,0.708517,0.19082937,-0.01630909,0.70789385,0.11248806,-0.03057,0.6654103,0.41635612,0.0061160764,0.67062604,0.24548537,-0.008126135,0.6727423,0.13728306,-0.026698772,0.672846,0.045425862,-0.040920787,0.6287523,0.43569708,-0.009950384,0.6339835,0.2742689,-0.026905697,0.6404395,0.17836115,-0.040748835,0.6448447,0.093735784,-0.050759457,0.5896049,0.4841931,-0.028389921,0.5961991,0.3606599,-0.045286994,0.6039036,0.2788608,-0.052959498,0.61085963,0.20211712,-0.05828145,1
0.60106987,0.86213565,2.4900933e-07,0.68612564,0.7773644,-0.012160788,0.7289458,0.62758714,-0.011662388,0.7438694,0.50661886,-0.014271074,0.7520374,0.41631275,-0.016763879,0.6876203,0.42726249,0.017885327,0.69476646,0.27537334,0.0033009127,0.6963285,0.18516472,-0.014704708,0.6955716,0.10575423,-0.028772669,0.6508917,0.41318858,0.0075601563,0.6592788,0.2422769,-0.0046014558,0.6617442,0.13356915,-0.022191603,0.66119504,0.042041034,-0.0357954,0.6134727,0.4313115,-0.008004126,0.6209256,0.26958486,-0.022435054,0.6274702,0.17149034,-0.035123426,0.63111913,0.08586788,-0.044528123,0.5735256,0.47958475,-0.025989464,0.5801836,0.3530469,-0.040879585,0.58717304,0.27148485,-0.04684598,0.59308726,0.1975834,-0.050769746,1
0.5866881,0.8670192,3.2720007e-07,0.6717377,0.77730274,-0.017553857,0.71382225,0.63364094,-0.020219412,0.7272705,0.51166606,-0.024535224,0.7364156,0.4174732,-0.028640134,0.6699244,0.42943132,0.00856004,0.6767228,0.27304798,-0.00897123,0.67829514,0.18045571,-0.028081585,0.6786362,0.0976381,-0.042446725,0.630047,0.41653526,0.0008061003,0.63799965,0.2414346,-0.013536751,0.6402809,0.13265574,-0.030569794,0.64172286,0.03889072,-0.043395236,0.5904347,0.43864518,-0.0122775845,0.5945262,0.27600038,-0.028143615,0.6013443,0.18326458,-0.038703177,0.6076574,0.10247025,-0.046181742,0.54841954,0.49197915,-0.028301591,0.5535838,0.36655945,-0.043590903,0.5653543,0.29089868,-0.048069213,0.5775808,0.22503051,-0.050405778,1
0.5759359,0.8709451,3.5572168e-07,0.6581707,0.78796566,-0.0213476,0.7015306,0.6370437,-0.02662252,0.7141798,0.51374996,-0.032708105,0.72397006,0.4180956,-0.03893168,0.65981853,0.43202364,-0.0020834235,0.66520673,0.27685463,-0.02281921,0.6670189,0.18423429,-0.04300531,0.6671467,0.10237411,-0.0579174,0.61603343,0.4210559,-0.009830833,0.62382936,0.2409833,-0.027815364,0.62684613,0.13095337,-0.046002127,0.6283995,0.03573358,-0.05939225,0.5731367,0.44512624,-0.02274504,0.57781804,0.2775085,-0.04222727,0.5853627,0.18165836,-0.05437099,0.59174913,0.096933335,-0.06276338,0.52713716,0.49995437,-0.03857222,0.5346973,0.37224433,-0.05694692,0.5476139,0.2935676,-0.062946744,0.56028026,0.2215614,-0.0664297,1
0.5605687,0.884372,3.7236452e-07,0.6456454,0.79159796,-0.018369105,0.6872929,0.6414077,-0.023507733,0.7007228,0.51338863,-0.030444097,0.71044624,0.4161978,-0.03794351,0.6418647,0.43790817,-0.0018049012,0.6471421,0.28019243,-0.023205914,0.650345,0.18743023,-0.043741904,0.65254694,0.105050504,-0.05888441,0.59663874,0.42533174,-0.011460635,0.60255283,0.24267444,-0.029896142,0.6060771,0.13170782,-0.04819587,0.6102497,0.03661251,-0.061745536,0.5524046,0.45088443,-0.025890272,0.54990053,0.28215307,-0.045858108,0.5570672,0.19308633,-0.05791458,0.56737494,0.11888173,-0.066236794,0.50466144,0.5080626,-0.043015484,0.50212604,0.37974596,-0.06259638,0.51710004,0.30673146,-0.06916171,0.5367604,0.24715483,-0.07271213,1
0.5402726,0.88912463,3.3823204e-07,0.6258597,0.80732596,-0.021662045,0.6723403,0.64880234,-0.025665361,0.68742514,0.51628155,-0.030819777,0.69810873,0.41398323,-0.035571236,0.6287827,0.435946,0.0042839916,0.63365155,0.2789631,-0.01412509,0.63449395,0.1840513,-0.03375083,0.6342836,0.10191077,-0.04858715,0.5833152,0.42239854,-0.0026990292,0.5892282,0.24209398,-0.018115072,0.5928241,0.12872472,-0.035826545,0.5958265,0.036643803,-0.049179584,0.5396625,0.44217703,-0.015368595,0.5426212,0.27231568,-0.032287925,0.5514268,0.16928652,-0.04513689,0.56093824,0.08446056,-0.05453048,0.49353907,0.49192414,-0.03129542,0.4926541,0.36131218,-0.04817503,0.5037743,0.27779645,-0.054790515,0.51821154,0.20618314,-0.058947075,1
0.5143755,0.898692,3.071326e-07,0.60262436,0.81846285,-0.020542558,0.65317065,0.66338944,-0.023476563,0.67124563,0.52847254,-0.027913375,0.68252796,0.42397025,-0.031749085,0.61275655,0.44530395,0.009202525,0.61962,0.28549814,-0.008410018,0.6208161,0.19008112,-0.028203389,0.6213381,0.10844761,-0.04288806,0.5682252,0.4256421,0.0022732583,0.5749965,0.24445987,-0.011529752,0.5785225,0.13037047,-0.02875004,0.5815799,0.03941828,-0.041506864,0.5248125,0.4396224,-0.010512693,0.5283178,0.26834685,-0.025520077,0.53572583,0.164653,-0.036723047,0.54372716,0.080135465,-0.044716872,0.478104,0.48480582,-0.026628025,0.4774508,0.35176247,-0.04173929,0.48552412,0.26635176,-0.04670974,0.4958657,0.19243526,-0.049247246,1
0.49084803,0.9057575,3.0069089e-07,0.57980716,0.8282473,-0.024023937,0.6354354,0.6697694,-0.027749615,0.6575068,0.5305307,-0.032357946,0.6669315,0.4230816,-0.03590567,0.5961961,0.44672233,0.010664228,0.6030423,0.2876165,-0.0064654895,0.60319453,0.19205207,-0.027218087,0.6026858,0.1101931,-0.042923488,0.5508594,0.4258176,0.005692841,0.55895555,0.24683973,-0.0076514324,0.56285375,0.13365573,-0.02583477,0.5651425,0.04076448,-0.039585385,0.50628066,0.4380599,-0.0056616054,0.5126842,0.2670434,-0.0197072,0.5199657,0.16214854,-0.03128184,0.5257587,0.07279742,-0.04004065,0.45871702,0.4823225,-0.020827955,0.45969144,0.3496529,-0.034364197,0.46630684,0.2625325,-0.038988996,0.47327662,0.183418,-0.041926544,1
0.47556728,0.9150415,3.428873e-07,0.56224984,0.83483946,-0.027850654,0.61817753,0.6818142,-0.034717835,0.63834137,0.54048616,-0.0421848,0.6493776,0.42408898,-0.048394125,0.5781842,0.44691157,0.009295134,0.58408594,0.28652114,-0.010508936,0.5831773,0.18854973,-0.03336311,0.5810252,0.1075308,-0.049969576,0.5317575,0.42747468,0.005013147,0.53990346,0.24733555,-0.010479276,0.54365486,0.13440514,-0.030332677,0.5460062,0.045850664,-0.044936568,0.48546278,0.44180918,-0.006325695,0.49071473,0.26761717,-0.02249495,0.49775276,0.16126585,-0.0355138,0.503629,0.074056804,-0.044929516,0.43564576,0.488985,-0.02174595,0.4381134,0.3533423,-0.03684633,0.44481862,0.2674827,-0.042123523,0.45124805,0.1935454,-0.045125954,1
0.4616423,0.91618633,3.830258e-07,0.548693,0.83491457,-0.032210667,0.6022417,0.68357265,-0.04071823,0.61816245,0.54130065,-0.048930846,0.62906986,0.4245048,-0.055651672,0.5579884,0.44415212,0.005661107,0.5632495,0.2828532,-0.015343235,0.5623468,0.18686777,-0.03907654,0.5604357,0.106137514,-0.056216214,0.51040685,0.42682013,0.0034985654,0.51795965,0.24433574,-0.012995345,0.52131337,0.13071278,-0.03364166,0.52374035,0.039530456,-0.048732307,0.46366897,0.44353688,-0.0061385445,0.46847513,0.26879936,-0.023548177,0.4750682,0.1620543,-0.03781102,0.48119244,0.07185373,-0.047847725,0.41333032,0.49299383,-0.020147556,0.41475794,0.3579696,-0.03607208,0.42098272,0.27280036,-0.04217528,0.42724973,0.19648343,-0.045719754,1
0.44077027,0.92737055,4.333302e-07,0.5292879,0.8420242,-0.039765805,0.5887064,0.6926267,-0.050772443,0.60346407,0.5417096,-0.060183853,0.6055275,0.4110129,-0.06755741,0.53869224,0.4529821,0.0051369574,0.54546255,0.2963363,-0.016840953,0.54326737,0.19998571,-0.042653695,0.53950626,0.11666891,-0.061385125,0.48929352,0.43293685,0.006248878,0.4979796,0.25072402,-0.010662162,0.49975216,0.13353145,-0.03304432,0.50120056,0.036740154,-0.049490735,0.4409699,0.44790733,-0.0011736808,0.4475921,0.27162707,-0.02011944,0.45330927,0.16483763,-0.036187805,0.45832616,0.07280654,-0.047196798,0.38927072,0.49774617,-0.013606173,0.3925027,0.36299294,-0.03127095,0.39861804,0.27845216,-0.03850832,0.40471143,0.20048895,-0.042679474,1
0.42138195,0.92623234,4.4608558e-07,0.5134519,0.83621085,-0.039366517,0.58097386,0.6885037,-0.05087969,0.6008798,0.531683,-0.060949918,0.5871886,0.4032592,-0.0693599,0.5260322,0.4495015,0.008269119,0.53052396,0.2904209,-0.0120217595,0.5267633,0.19742951,-0.03763891,0.52287394,0.11598998,-0.056511622,0.47360924,0.4302119,0.009724678,0.47838297,0.24732623,-0.004999876,0.47859788,0.13228199,-0.028332405,0.47959805,0.03592649,-0.04619153,0.42363364,0.44559076,0.0028949997,0.42715535,0.27227885,-0.013754071,0.43228805,0.16478088,-0.030188847,0.43717137,0.07221514,-0.042255815,0.37115145,0.495743,-0.008923366,0.3717553,0.36174187,-0.024626147,0.3771757,0.2790194,-0.031340133,0.38290268,0.20309836,-0.035610136,1
0.40807852,0.9266155,4.3000554e-07,0.49949256,0.8301167,-0.036183577,0.56454265,0.6753285,-0.046388853,0.59326243,0.52325827,-0.056054175,0.58009356,0.4065475,-0.06454713,0.5082675,0.44519252,0.010290261,0.51117337,0.28667438,-0.01023663,0.50886345,0.19572392,-0.036479563,0.50657254,0.11463377,-0.056207485,0.45649227,0.42974567,0.009488755,0.4579432,0.24892104,-0.0069063324,0.4586544,0.13490403,-0.031680334,0.46042797,0.038297415,-0.050619468,0.40585774,0.44925427,0.0006340222,0.40906638,0.27432743,-0.018265866,0.41598505,0.16492644,-0.03606602,0.4229576,0.06961492,-0.048772845,0.35285282,0.5028449,-0.012879672,0.35310948,0.36622357,-0.030956332,0.3576861,0.28163067,-0.038736317,0.3627609,0.2041569,-0.043608293,1
0.3970115,0.9340437,4.00841e-07,0.48453748,0.8343656,-0.03321786,0.54523706,0.6789125,-0.042274855,0.56679523,0.53301483,-0.051060956,0.56648684,0.41738093,-0.058312688,0.48874646,0.4542364,0.0067779683,0.49380448,0.29264957,-0.015486517,0.49221137,0.19926232,-0.041096337,0.48918957,0.11649063,-0.059859067,0.43837136,0.43970513,0.004028852,0.44092247,0.25358444,-0.014936816,0.44062656,0.13743323,-0.039327275,0.44027334,0.04084596,-0.057139184,0.38943687,0.45983052,-0.0062622656,0.3921499,0.28103697,-0.027430166,0.3977213,0.17116314,-0.045539364,0.4028387,0.07684621,-0.05772245,0.33746177,0.51439935,-0.020735843,0.3374719,0.37798667,-0.040864553,0.34091467,0.2915274,-0.04957282,0.34441885,0.21232957,-0.054481577,1
0.38356054,0.942565,4.436794e-07,0.46704155,0.8415477,-0.036056712,0.52094513,0.69618905,-0.047955472,0.5352096,0.5554632,-0.05948627,0.5404708,0.43393606,-0.06923985,0.47125107,0.45816487,0.0074741608,0.47456518,0.2988773,-0.014589632,0.47149843,0.20491725,-0.040878322,0.46758834,0.12022126,-0.060524635,0.420813,0.4432484,0.0053895595,0.42249638,0.2589909,-0.012845653,0.42170343,0.14275202,-0.03734346,0.42191488,0.045171916,-0.055778902,0.3715119,0.46446097,-0.004883884,0.37219378,0.28557754,-0.025181623,0.37693062,0.1761722,-0.043408263,0.38226858,0.08085197,-0.056233957,0.31890246,0.52028435,-0.019758595,0.31755072,0.38290396,-0.03920717,0.32143152,0.29715604,-0.04807737,0.32645148,0.21620291,-0.053570922,1
0.36969778,0.949281,4.5874623e-07,0.4535607,0.85356474,-0.036540445,0.507186,0.7023837,-0.046933576,0.52062094,0.55749786,-0.056215752,0.51908183,0.43795153,-0.06362833,0.45277607,0.46438897,0.0034947537,0.45619607,0.29861054,-0.016970472,0.4522672,0.2010526,-0.04069507,0.44710198,0.115626484,-0.05822836,0.4013534,0.4493223,0.002791396,0.40376788,0.26016253,-0.013197269,0.4035495,0.14243516,-0.034839544,0.4034179,0.04749027,-0.05123389,0.35204715,0.4697794,-0.0057790023,0.35063267,0.2899937,-0.023576489,0.3550117,0.17875034,-0.04070888,0.3595395,0.08580458,-0.053168394,0.30004025,0.5236603,-0.019042658,0.29624662,0.38759625,-0.036843173,0.30009702,0.30266154,-0.045306653,0.3054364,0.22611108,-0.05068921,1
0.3571511,0.9567293,4.5177163e-07,0.44083712,0.8597386,-0.03327695,0.4911391,0.706367,-0.04232803,0.5065932,0.5651885,-0.051095683,0.50334185,0.44959623,-0.058420897,0.43869647,0.47272807,0.0054837484,0.44093245,0.30631435,-0.0136854425,0.43686906,0.20926702,-0.036548633,0.4321132,0.12416166,-0.05374141,0.38635227,0.4589477,0.0029379649,0.3876877,0.26762348,-0.011813745,0.3883192,0.14856476,-0.03317182,0.38958147,0.04913512,-0.04973773,0.33667022,0.48055512,-0.007206275,0.3352328,0.29893184,-0.02391132,0.34027785,0.18495387,-0.04192447,0.34582973,0.087319225,-0.055522434,0.28582776,0.5338607,-0.021820737,0.28077814,0.3967458,-0.03931127,0.28414688,0.30853656,-0.048717257,0.28998464,0.22712225,-0.055328853,1
0.34485146,0.9604683,4.7113312e-07,0.42877573,0.8631517,-0.035027705,0.47843152,0.71145195,-0.044619687,0.4945286,0.5683855,-0.053420924,0.49115658,0.45048046,-0.060465556,0.42376634,0.4779173,0.0041216454,0.42708337,0.3091337,-0.015254565,0.422498,0.21187747,-0.038232896,0.416809,0.12502253,-0.055501375,0.3709,0.4636829,0.0029343367,0.3723614,0.27338174,-0.012002752,0.37186268,0.1543734,-0.033562858,0.37203777,0.05622971,-0.05035866,0.3205321,0.48496813,-0.005873402,0.31927598,0.305376,-0.022375703,0.32385474,0.1909877,-0.040186293,0.32949704,0.09362185,-0.053727433,0.26913422,0.5377754,-0.019278629,0.2633322,0.40315768,-0.03649031,0.2668283,0.3157571,-0.04559337,0.2736783,0.23491049,-0.0519039,1
0.33083263,0.9591732,5.1798946e-07,0.4127505,0.8673384,-0.03966356,0.46437085,0.7234955,-0.052989047,0.48282814,0.5789855,-0.06469675,0.4810575,0.45522487,-0.074563295,0.410432,0.48478645,-0.0023463776,0.41557845,0.31525636,-0.024060525,0.40993696,0.21655723,-0.04840333,0.40234315,0.12854001,-0.06629266,0.3562741,0.46959394,-0.001896056,0.3587316,0.27756956,-0.018170286,0.35719663,0.15709868,-0.039987367,0.35608804,0.058074355,-0.05694519,0.30435216,0.4907209,-0.009270562,0.30304515,0.30951637,-0.026375653,0.30712724,0.19600973,-0.043317232,0.31255233,0.09996843,-0.056281682,0.25217175,0.5429949,-0.021659287,0.24703303,0.40846694,-0.038967118,0.2507629,0.31962806,-0.04762179,0.25823516,0.23709917,-0.05357389,1
0.31558385,0.96135914,5.3184067e-07,0.39699155,0.87107164,-0.040702496,0.45025736,0.7259687,-0.053993184,0.46780193,0.5764022,-0.06528351,0.46794018,0.44841433,-0.07453563,0.39651746,0.48814642,-0.0024257717,0.401701,0.31814426,-0.02396091,0.39584675,0.21871203,-0.04757371,0.38768798,0.13237569,-0.06458347,0.34197164,0.47280705,-0.0012142173,0.34520364,0.27943796,-0.016946284,0.3443727,0.15903622,-0.037613843,0.34411925,0.062284857,-0.05337334,0.28997442,0.49406496,-0.00802827,0.28718928,0.31240112,-0.025074383,0.29134974,0.19865882,-0.04130481,0.29726005,0.1039187,-0.053436242,0.23740223,0.5469082,-0.019904694,0.23139441,0.41034263,-0.037412062,0.23520556,0.32068673,-0.04582574,0.24310586,0.23793352,-0.0512847,1
0.30372572,0.96747077,5.154195e-07,0.3864913,0.8780892,-0.038063124,0.4381123,0.7289045,-0.049640454,0.45391992,0.57741857,-0.059838887,0.45667732,0.45311457,-0.06795805,0.38555235,0.49287647,0.0031427129,0.39079133,0.32500124,-0.016335754,0.38445336,0.22485512,-0.038831342,0.37619227,0.13741165,-0.055564903,0.3300185,0.4763559,0.0036091772,0.3327499,0.28449634,-0.010854259,0.33203414,0.16570139,-0.030869106,0.3320524,0.06810358,-0.046085805,0.2773368,0.496655,-0.0038356879,0.27386767,0.31543702,-0.02006269,0.27815574,0.20185265,-0.035534013,0.2836436,0.10675886,-0.047075726,0.2246713,0.5486559,-0.016189296,0.21827577,0.41153067,-0.03297265,0.22093658,0.32195228,-0.040639266,0.22747448,0.23994496,-0.04548983,1
0.29211244,0.96925306,5.303676e-07,0.37661636,0.8766799,-0.038719803,0.4298314,0.7310112,-0.05026821,0.4414889,0.5821193,-0.060236823,0.4325654,0.45923594,-0.06820478,0.37443846,0.49462557,0.0021795228,0.37975657,0.32710284,-0.016987773,0.3733538,0.22725105,-0.039352044,0.36591473,0.13929173,-0.056167025,0.31757328,0.47873905,0.0029404236,0.31994924,0.28761744,-0.011569805,0.3191865,0.1682952,-0.03258387,0.31981188,0.068817884,-0.04879731,0.2644047,0.49988484,-0.004085687,0.26116621,0.32043162,-0.02043404,0.26582146,0.2065354,-0.03750889,0.27209184,0.11134231,-0.05038041,0.21223022,0.5532821,-0.015980586,0.20525654,0.41864845,-0.033449464,0.20798227,0.33031604,-0.04240558,0.21483982,0.249627,-0.04828576,1
0.28256053,0.9714868,5.342404e-07,0.3680814,0.87294054,-0.03693696,0.4238212,0.72981185,-0.04756084,0.4338093,0.5811756,-0.056961853,0.41850787,0.45879215,-0.06445776,0.36390188,0.49563676,0.007093601,0.36877438,0.32768667,-0.009970781,0.3617642,0.22857308,-0.031604342,0.3537107,0.14270529,-0.047982093,0.30656737,0.48151928,0.0075268443,0.30816287,0.2909087,-0.0045585027,0.30655384,0.17225656,-0.025445232,0.30655295,0.074475884,-0.041912545,0.2532326,0.50399506,0.0002045663,0.24884419,0.3256713,-0.013982584,0.25262985,0.21226284,-0.03136125,0.25773075,0.11845338,-0.04484517,0.20096517,0.5587402,-0.011859852,0.19375373,0.42378497,-0.027926777,0.19503456,0.33441603,-0.036880124,0.19995072,0.2533131,-0.042964652,1
0.27371934,0.97203434,5.376307e-07,0.36074755,0.87294877,-0.04000309,0.418307,0.72543824,-0.051522423,0.42459226,0.57506645,-0.061247326,0.4132979,0.45146593,-0.0690391,0.35542417,0.4968523,0.0041492376,0.36125988,0.32913876,-0.014080825,0.35354403,0.22842541,-0.03612076,0.34459266,0.14120534,-0.052944656,0.2973327,0.48388532,0.0056976383,0.2996188,0.29438248,-0.007865922,0.2970323,0.17383954,-0.029825931,0.29583338,0.073035,-0.047052987,0.24439931,0.5075068,-0.0007366825,0.24004087,0.33020186,-0.016811648,0.24351257,0.21578625,-0.035560805,0.2479489,0.119805306,-0.049941618,0.19292895,0.5635794,-0.012042878,0.18478817,0.43119794,-0.030253118,0.18533228,0.3407256,-0.04102586,0.1892964,0.25577146,-0.048404645,1
0.26715842,0.97038466,5.5784005e-07,0.3521435,0.8735812,-0.040796872,0.40975028,0.7236108,-0.05298526,0.41917565,0.57207924,-0.06326858,0.4065806,0.450881,-0.071528375,0.3492346,0.49568042,0.0037023283,0.35389706,0.32876766,-0.013873586,0.34570363,0.22937697,-0.03589463,0.33619332,0.14314544,-0.052904524,0.29071453,0.48226082,0.0056015463,0.29184785,0.29276562,-0.0070638075,0.2890024,0.17337763,-0.02868613,0.2873196,0.07394552,-0.045786507,0.23748444,0.50586236,-0.00042584504,0.2321192,0.32794282,-0.015171596,0.23528448,0.21474537,-0.03282656,0.23912051,0.12039995,-0.046660706,0.18645528,0.5621469,-0.011495386,0.1780427,0.43003732,-0.02815815,0.1782538,0.34030324,-0.037646648,0.181925,0.25678635,-0.044290073,1
0.2633906,0.9682461,5.8654274e-07,0.34792715,0.8646866,-0.038490806,0.4024054,0.7174131,-0.051359937,0.4144042,0.5659864,-0.063069,0.40459087,0.4452468,-0.072887786,0.34271023,0.4944757,0.005744882,0.34763145,0.32588154,-0.011529788,0.33954543,0.22578692,-0.033355083,0.3294306,0.14119196,-0.049905445,0.2842389,0.48132846,0.0063347262,0.2856389,0.28990346,-0.005250816,0.28279963,0.17058793,-0.025701582,0.2807286,0.07132691,-0.041915357,0.23059964,0.505349,-0.0009392299,0.22528297,0.3255684,-0.01376038,0.22921355,0.21178576,-0.029345887,0.23335645,0.11770707,-0.042001758,0.17920563,0.5617557,-0.013207804,0.1711052,0.42507637,-0.02772874,0.17136902,0.3318745,-0.035302296,0.17507991,0.24613982,-0.040753905,1
0.2584033,0.96949935,5.954104e-07,0.34330577,0.864191,-0.0404014,0.39838684,0.7174293,-0.053914122,0.4105181,0.562633,-0.06573293,0.39753565,0.44283372,-0.07570117,0.33702436,0.493481,0.0042831157,0.3413862,0.32450727,-0.012944769,0.33315217,0.22307703,-0.03491424,0.32346165,0.1384491,-0.05166689,0.27831256,0.4800437,0.0060790433,0.27942643,0.2890948,-0.0049898103,0.27612948,0.16993514,-0.025165472,0.27504334,0.06861457,-0.041514225,0.22499093,0.50424975,-0.00019740738,0.22003439,0.3254441,-0.013008769,0.2237467,0.2107516,-0.029029537,0.22837524,0.11490843,-0.042234924,0.17372638,0.5616558,-0.011650043,0.16617869,0.4243592,-0.026628079,0.16620797,0.3318348,-0.034802284,0.17002887,0.24617124,-0.040877186,1
0.25448024,0.9660952,5.7339594e-07,0.3380384,0.8635944,-0.040684674,0.39227608,0.71471345,-0.053741384,0.40682834,0.559553,-0.06481542,0.39327022,0.43974933,-0.073950194,0.331851,0.4935581,0.0013329618,0.3362778,0.32303777,-0.01618154,0.32751328,0.22184145,-0.038023,0.31703973,0.13584629,-0.054874428,0.27325216,0.47882468,0.0033083467,0.27430707,0.2872553,-0.008470067,0.27085847,0.16739857,-0.028793532,0.26889735,0.065442085,-0.045419633,0.22003013,0.5025859,-0.00261409,0.21486846,0.3230008,-0.016015852,0.21843588,0.20884347,-0.03291748,0.2226075,0.112709105,-0.04696073,0.16894375,0.5586531,-0.013650774,0.16019794,0.4237234,-0.029486248,0.15983565,0.33155015,-0.038994256,0.16382757,0.24569404,-0.046261802,1
0.25413257,0.9637523,5.6018996e-07,0.3364059,0.8594908,-0.039329313,0.38763523,0.71246374,-0.0515138,0.4019281,0.55781585,-0.061909914,0.38989654,0.43620238,-0.07051214,0.3287263,0.49411196,0.002731744,0.33359048,0.32239527,-0.014507041,0.32464188,0.22181174,-0.036334973,0.3133039,0.13663173,-0.05302382,0.2714112,0.48019302,0.0042365985,0.27246594,0.2877807,-0.007163564,0.26818553,0.16690245,-0.02801449,0.26455823,0.064908475,-0.045140237,0.21854772,0.5049813,-0.0020867295,0.2130368,0.3258679,-0.015373695,0.21521434,0.20996436,-0.03316479,0.21754386,0.11226401,-0.047810465,0.1675174,0.56127214,-0.013299229,0.15818022,0.42292243,-0.02916018,0.15723795,0.32982227,-0.038994327,0.16076088,0.24238223,-0.046527017,1
0.25307697,0.9639407,5.017839e-07,0.33701617,0.86136574,-0.03672468,0.38878232,0.7108185,-0.046253223,0.4018564,0.5555402,-0.05382955,0.38896853,0.43900868,-0.060020898,0.33014938,0.4929985,0.001226258,0.33342767,0.31988263,-0.015860928,0.3234702,0.21942294,-0.03683657,0.3113701,0.13583851,-0.05283287,0.2724764,0.4787345,0.0022509566,0.272114,0.28531703,-0.009377895,0.26695386,0.16611612,-0.029215109,0.2623247,0.067569464,-0.04539274,0.21952762,0.5043691,-0.004075443,0.21354002,0.32307276,-0.01791392,0.21474098,0.2085861,-0.035423398,0.21634334,0.11066216,-0.049655676,0.16676536,0.56267476,-0.014859536,0.15651187,0.4217015,-0.0318656,0.1558142,0.32865882,-0.042220708,0.16040987,0.23878148,-0.049883004,1
0.2568376,0.9650857,4.876316e-07,0.34056258,0.8612391,-0.033913046,0.39231747,0.705316,-0.04164901,0.40409753,0.55178934,-0.04811351,0.39403597,0.43721598,-0.053056423,0.33165473,0.49137074,0.0068505956,0.3333899,0.3206107,-0.008702251,0.3236887,0.21910253,-0.028836964,0.31263533,0.13482094,-0.044473674,0.27435687,0.4769078,0.0068323356,0.2724526,0.28433102,-0.0041515916,0.26726237,0.16448244,-0.023726312,0.26306587,0.06576535,-0.039412253,0.22185111,0.50013065,-0.0004490215,0.2142573,0.31974506,-0.013526947,0.21596009,0.205385,-0.030169059,0.21869129,0.107533365,-0.04359494,0.16990945,0.5554402,-0.012069736,0.15839581,0.4154274,-0.027742917,0.15821818,0.3240704,-0.036786057,0.1635372,0.23680675,-0.04339107,1
0.26609892,0.9529059,4.5404363e-07,0.35223332,0.8496381,-0.03213317,0.4017364,0.6914283,-0.037598,0.40847248,0.54069895,-0.041703507,0.3993501,0.43302512,-0.044637244,0.335976,0.48419046,0.0041685854,0.33745265,0.31226557,-0.011653197,0.32781336,0.21144602,-0.03094432,0.31705314,0.12806231,-0.04599667,0.2783594,0.4733069,0.0034769764,0.27555117,0.27751982,-0.009175228,0.26907462,0.15646586,-0.029076567,0.26288357,0.059164792,-0.044549365,0.22662312,0.4991343,-0.003957586,0.21928608,0.3137769,-0.019517235,0.21879934,0.19751945,-0.03759338,0.219493,0.09838453,-0.05131174,0.1759974,0.55746037,-0.015239884,0.16436699,0.41659373,-0.033460684,0.16387422,0.3249107,-0.04416625,0.16849709,0.23706964,-0.051460676,1
0.28138217,0.9495648,4.4326495e-07,0.36764038,0.84431225,-0.0331157,0.41511804,0.6845703,-0.040340904,0.415527,0.540727,-0.046304706,0.40700042,0.4318477,-0.051170558,0.34255576,0.47877425,-0.0009039246,0.34200525,0.30910134,-0.0201776,0.33221388,0.20808202,-0.04091077,0.32065326,0.123622864,-0.056611978,0.2850971,0.47071916,-0.0028957138,0.28175268,0.2738418,-0.019348107,0.27433234,0.15093216,-0.040221404,0.26618838,0.05363676,-0.05584126,0.23423177,0.49883547,-0.011681404,0.22662182,0.31014758,-0.030598849,0.22496736,0.19154003,-0.049275246,0.2237582,0.09048703,-0.06268385,0.18463588,0.56050795,-0.024264608,0.17240798,0.41556445,-0.04523885,0.16933146,0.31907642,-0.056932684,0.16992582,0.22572783,-0.06449724,1
0.29497448,0.9445865,4.5725352e-07,0.3788125,0.8395541,-0.03636622,0.4244474,0.6785816,-0.046427887,0.42212182,0.53315073,-0.05479599,0.4138472,0.42033878,-0.062220354,0.35112473,0.47719133,-0.007802338,0.35112405,0.30972934,-0.030922575,0.34190267,0.20916128,-0.053610124,0.33071512,0.1251156,-0.07028564,0.295412,0.47045636,-0.009244717,0.29164034,0.2702941,-0.029302336,0.2833399,0.14560777,-0.051376183,0.27427933,0.045809567,-0.067554355,0.24608207,0.49980032,-0.017633663,0.23659526,0.30943197,-0.03975788,0.23339744,0.1895259,-0.0594253,0.23079516,0.087551564,-0.073100775,0.19834644,0.56209606,-0.029991329,0.18556371,0.41814458,-0.052931916,0.18118098,0.32109383,-0.06562296,0.17928496,0.22729012,-0.073865525,1
0.3100266,0.94336987,4.291835e-07,0.3894841,0.8374793,-0.034164645,0.4324083,0.67507553,-0.04557224,0.4296645,0.5346774,-0.05594003,0.42262843,0.42151892,-0.0653512,0.36070314,0.47390142,-0.009568136,0.3582225,0.30837706,-0.03568254,0.34927857,0.20979854,-0.060062017,0.3387004,0.12666497,-0.0775758,0.30872223,0.46786332,-0.013379902,0.3031329,0.26709768,-0.035993867,0.29445705,0.14153245,-0.05890641,0.2854816,0.038895607,-0.07547768,0.26232657,0.49814332,-0.02390343,0.2512484,0.3057716,-0.04788669,0.24516857,0.18427679,-0.06741236,0.24010772,0.080330044,-0.08079339,0.21686125,0.56309533,-0.03824826,0.20316091,0.41890162,-0.06253075,0.19737343,0.3203634,-0.07532534,0.19366775,0.22543609,-0.08343191,1
0.3202545,0.9463078,3.7145887e-07,0.3977954,0.8375157,-0.02761044,0.43444577,0.66595733,-0.035545267,0.43080968,0.52825135,-0.04351403,0.42962885,0.41928896,-0.05112424,0.36988205,0.4706943,-0.0062844735,0.3672894,0.30413702,-0.030787893,0.35956934,0.20429617,-0.054071635,0.35014123,0.11947179,-0.071274,0.32097974,0.46649176,-0.012971089,0.31612736,0.26652166,-0.03509739,0.30790672,0.13902485,-0.057767287,0.29895037,0.03518313,-0.074317485,0.27712962,0.4984172,-0.025612378,0.26741418,0.3047272,-0.04906576,0.2613129,0.18079224,-0.0683796,0.2553421,0.07583934,-0.08179488,0.23388892,0.5648342,-0.041482735,0.22286749,0.4172775,-0.06571229,0.21785994,0.3162446,-0.07834368,0.2140215,0.22017488,-0.08638199,1
0.334784,0.9459015,3.7460623e-07,0.40938288,0.8333715,-0.027862227,0.44113392,0.6659731,-0.037895307,0.43657556,0.5310241,-0.048061587,0.43470216,0.42086768,-0.057730157,0.38025752,0.4608488,-0.008211151,0.3746004,0.2957006,-0.034117855,0.36698297,0.19646382,-0.058334727,0.3576696,0.108112216,-0.076232724,0.33476397,0.46080482,-0.015731664,0.32774276,0.26375237,-0.039072108,0.31924477,0.13518742,-0.06158935,0.30951855,0.02744037,-0.07787545,0.29412457,0.49775943,-0.029242279,0.28323942,0.3047865,-0.053823203,0.2757071,0.18099639,-0.07180393,0.2682445,0.074303985,-0.08374245,0.25390837,0.5694363,-0.04613771,0.24109304,0.4214084,-0.07112996,0.2354303,0.3184629,-0.08297853,0.2312007,0.22114602,-0.09000497,1
0.34337276,0.94425595,3.1105375e-07,0.41655746,0.8281727,-0.020342344,0.44533712,0.6618191,-0.028726159,0.4442594,0.533248,-0.03866237,0.4371779,0.42999816,-0.049023114,0.39309555,0.46355394,-0.008651675,0.38687092,0.2941991,-0.03437415,0.37927926,0.19396174,-0.05759392,0.36882073,0.10248539,-0.07497997,0.3516187,0.4647568,-0.020374382,0.34431547,0.26417193,-0.044090778,0.33688733,0.13579759,-0.06603007,0.32701764,0.025040865,-0.08210224,0.31379938,0.50219107,-0.03700106,0.30238643,0.3063925,-0.061042655,0.29656398,0.18150574,-0.07764454,0.2896093,0.0719102,-0.08900689,0.27655458,0.5722219,-0.056382596,0.2647596,0.4183756,-0.08013503,0.26006147,0.31339583,-0.090481326,0.2565833,0.214436,-0.09695045,1
0.35351253,0.9416758,2.7649327e-07,0.42424238,0.8286811,-0.018554885,0.45171273,0.66329634,-0.025005179,0.44721058,0.53858775,-0.0335579,0.4379583,0.43483052,-0.042325728,0.40498236,0.4685742,-0.0022807752,0.39940572,0.29972887,-0.025794076,0.39289188,0.20044163,-0.047422197,0.3833014,0.110633045,-0.06387635,0.36773747,0.4665531,-0.014325666,0.364203,0.26634872,-0.036248088,0.3601146,0.14266303,-0.057518832,0.35337836,0.035063267,-0.07327727,0.33221254,0.4983566,-0.031623133,0.32677156,0.3019513,-0.054555528,0.3237973,0.1790312,-0.07198207,0.3191801,0.07098055,-0.084219284,0.29566458,0.5617726,-0.05159728,0.2887203,0.40980697,-0.07414531,0.28668478,0.30627108,-0.08522928,0.28508958,0.20826507,-0.092908785,1
0.35768506,0.9458394,2.1357161e-07,0.4278442,0.8210746,-0.011646134,0.45269102,0.6533272,-0.015005916,0.4444877,0.5303219,-0.022008255,0.4367864,0.428985,-0.029155267,0.40718946,0.4757801,0.0067346296,0.40370116,0.30635607,-0.014211333,0.40084863,0.20754474,-0.034453686,0.39477053,0.11575651,-0.050502677,0.3754178,0.47321823,-0.008314663,0.37323174,0.2762507,-0.02874966,0.36998144,0.15453044,-0.05022855,0.3637787,0.04346028,-0.066527,0.34445423,0.5026295,-0.028371379,0.34191793,0.3081509,-0.050922666,0.34187692,0.1879066,-0.07003935,0.3377381,0.08167055,-0.08363533,0.31262404,0.56351453,-0.050436582,0.31061023,0.41411084,-0.07297607,0.3103876,0.3096913,-0.085772716,0.30805498,0.21155822,-0.0951372,1
0.35670504,0.9340317,2.5248508e-07,0.4268156,0.80275834,0.0023947968,0.43809563,0.6275286,0.004985253,0.43084568,0.5156969,0.0009595981,0.42892343,0.4244632,-0.004006269,0.40696266,0.46441165,0.015085906,0.40957075,0.3060508,-0.0034608978,0.410037,0.20518577,-0.022317855,0.4062877,0.11488405,-0.038343865,0.37667987,0.46852767,-0.0071418206,0.37860152,0.27798554,-0.02673236,0.3773047,0.15421966,-0.048396483,0.37287864,0.046081573,-0.06565596,0.34802082,0.5057842,-0.03314433,0.34674826,0.32551077,-0.056226466,0.3491784,0.21062425,-0.07767946,0.34783626,0.11044073,-0.09404838,0.3228768,0.5714589,-0.059810113,0.33615446,0.44147182,-0.081948265,0.34783158,0.34654766,-0.097004056,0.35748342,0.25623178,-0.10972818,1
0.35764262,0.9232234,2.2054923e-07,0.43018743,0.77189213,0.015569728,0.4311487,0.6074143,0.021861162,0.4224377,0.50903285,0.017619405,0.42540228,0.42027575,0.011330505,0.4036957,0.46495783,0.030772017,0.40986297,0.31419784,0.0113402605,0.41405472,0.2098509,-0.009552984,0.4132057,0.11642566,-0.027335484,0.38410112,0.4681313,0.0005429943,0.3921781,0.28251436,-0.02162496,0.39406893,0.15415442,-0.04743993,0.39000165,0.038171887,-0.067776814,0.3638081,0.4976147,-0.033321217,0.3713786,0.3187516,-0.058556147,0.37565377,0.1958836,-0.08426937,0.37294358,0.08681014,-0.10344246,0.3455515,0.55047226,-0.06676766,0.3588366,0.41766956,-0.09001301,0.3637176,0.31568843,-0.10742069,0.3645942,0.2205436,-0.12217349,1
0.35701504,0.91583633,1.8552814e-07,0.43353465,0.75942284,0.034331515,0.43738234,0.59352076,0.04687108,0.435641,0.4896891,0.046285547,0.44285253,0.4033137,0.04379992,0.3671253,0.47421908,0.035681337,0.39119506,0.3268818,0.017929481,0.40459687,0.21319517,0.0016374264,0.41047248,0.11899328,-0.013521035,0.3517025,0.48035502,-0.0026934617,0.3862721,0.29194465,-0.031204626,0.3978472,0.15623155,-0.05574496,0.39899504,0.02834016,-0.07319813,0.34919053,0.507652,-0.041670986,0.38370082,0.32246637,-0.070488326,0.39542612,0.19580185,-0.090930894,0.39517668,0.07419965,-0.10490642,0.3603097,0.55309755,-0.078463145,0.3842043,0.40959463,-0.10389817,0.3880847,0.3042323,-0.11932276,0.3872937,0.20555574,-0.13123524,1
0.34439906,0.92325157,2.2147906e-07,0.39561722,0.7793157,0.057482902,0.40738818,0.6200387,0.07680259,0.42732948,0.51495314,0.07871336,0.44854045,0.4420354,0.078337885,0.34750152,0.4977331,0.0538814,0.38398638,0.34152544,0.04690925,0.40551165,0.23417225,0.038741324,0.4223664,0.14772472,0.028719433,0.33978462,0.5027415,0.0059452727,0.37722522,0.29186958,-0.01438794,0.3967697,0.15932557,-0.031699616,0.40980026,0.040486872,-0.04253304,0.35454345,0.5318251,-0.039375853,0.38648826,0.3134322,-0.056948885,0.4036122,0.19370908,-0.063610114,0.40851188,0.078069985,-0.0675176,0.39041844,0.5796021,-0.08102774,0.41287562,0.41149086,-0.09445629,0.41779852,0.3045044,-0.097606935,0.42027867,0.20083305,-0.09967824,1
0.3487794,0.92026615,3.6302777e-07,0.35283008,0.75146085,0.06730572,0.35316724,0.6095619,0.083465554,0.37711012,0.52138174,0.082474455,0.40437737,0.46427876,0.0781795,0.3300305,0.49913472,0.035449296,0.38291246,0.3247531,0.026380867,0.41194448,0.22624448,0.024347031,0.4350539,0.14715034,0.020904262,0.33943203,0.5055184,-0.015002259,0.38513833,0.28226334,-0.041683003,0.41073903,0.15114912,-0.0543112,0.42744648,0.044236064,-0.059993763,0.3636288,0.5409669,-0.059706073,0.40008864,0.31577826,-0.07990414,0.41967073,0.19635555,-0.08178246,0.4300936,0.09146935,-0.08075507,0.40680766,0.59682965,-0.09858099,0.43396235,0.41848096,-0.10948394,0.4476393,0.3177613,-0.1071827,0.46022832,0.22666237,-0.10446251,1
0.3517909,0.90005314,3.8878107e-07,0.35598537,0.7305303,0.054578874,0.35983688,0.57760406,0.06452169,0.38863316,0.48466963,0.059579674,0.42341262,0.41935065,0.05032521,0.32529613,0.4696453,0.020216456,0.37752217,0.28593042,0.005738016,0.4051539,0.18194693,-0.0028273913,0.42461857,0.09595606,-0.01013452,0.33749473,0.48986053,-0.025945384,0.3866377,0.2694035,-0.04283652,0.41274947,0.14560744,-0.055026103,0.42849293,0.043274313,-0.06395347,0.36646208,0.5316553,-0.068114266,0.40529934,0.3061108,-0.083737515,0.42433405,0.18229523,-0.09227019,0.43210503,0.07763246,-0.09928121,0.41392738,0.5871209,-0.10549951,0.4400469,0.41170716,-0.11853614,0.45229924,0.31016323,-0.1213332,0.46233854,0.21867019,-0.12379071,1
0.35015887,0.8919915,5.090791e-07,0.3331898,0.71262735,0.046813995,0.33569998,0.56213015,0.05156978,0.3625271,0.47012836,0.043416306,0.3983178,0.4090853,0.031986367,0.3171996,0.46364504,0.011275206,0.36383805,0.26739,-0.006069256,0.39366105,0.15998998,-0.015504892,0.4142604,0.072303236,-0.021457352,0.3391143,0.48515707,-0.029026536,0.38793802,0.26009628,-0.045278527,0.41627663,0.13896582,-0.05410015,0.4336303,0.042788893,-0.05994109,0.37419462,0.52715635,-0.06557943,0.42056733,0.31437647,-0.07798403,0.44232884,0.2066572,-0.07935169,0.4522772,0.121329755,-0.08027564,0.4241128,0.58888525,-0.098483175,0.45433444,0.41231745,-0.10535074,0.46745697,0.31720948,-0.1007883,0.47626418,0.23466659,-0.09679525,1
0.34879792,0.89638674,4.2372048e-07,0.32279977,0.7188723,0.04994686,0.32028875,0.56965846,0.057843804,0.3455249,0.47652954,0.053748425,0.38474262,0.42336813,0.046078343,0.31013206,0.47157407,0.010882522,0.352205,0.27761942,-0.0036407206,0.37711275,0.16910866,-0.010466111,0.39385745,0.083637506,-0.015128041,0.3391192,0.48845372,-0.028622324,0.38856414,0.258061,-0.0455165,0.41607246,0.13619268,-0.05273964,0.43291655,0.03808838,-0.056936618,0.37682286,0.5259804,-0.06361683,0.4262811,0.30218494,-0.078041166,0.44679976,0.18057922,-0.0813329,0.45645058,0.083990574,-0.082790375,0.4281299,0.5882711,-0.09387465,0.46406212,0.40247005,-0.10189303,0.47791678,0.302508,-0.09846468,0.48612022,0.21494699,-0.0950733,1
0.33729264,0.8977947,5.149894e-07,0.3047935,0.71928877,0.034521677,0.30479082,0.56660664,0.036357872,0.3364759,0.47076127,0.029080754,0.38014397,0.4206284,0.01917014,0.2934246,0.46890616,0.004654827,0.33927438,0.2759841,-0.010765617,0.3684585,0.17157373,-0.020008424,0.38914776,0.090242624,-0.02583202,0.33140102,0.4855627,-0.026199386,0.38077542,0.26303247,-0.03931049,0.40917456,0.14868751,-0.04696647,0.42694676,0.056412607,-0.051849313,0.37605888,0.52247536,-0.05377091,0.4191787,0.30454028,-0.06383227,0.43797514,0.1878773,-0.06522382,0.4471887,0.09493989,-0.06581077,0.42975813,0.58235323,-0.0782979,0.4598157,0.39899704,-0.08225045,0.47363085,0.3003837,-0.075633384,0.48245132,0.21389574,-0.06968702,1
0.3285451,0.88893235,4.4780413e-07,0.2921638,0.7212463,0.039662525,0.28335023,0.5738928,0.04390906,0.29729402,0.4653552,0.039365306,0.31353393,0.41309124,0.031318653,0.275783,0.45774764,-0.0012543221,0.32014024,0.27139056,-0.01760362,0.34893292,0.16946939,-0.02723632,0.36743876,0.08843234,-0.032890376,0.31470177,0.47955042,-0.033530466,0.36611012,0.26183096,-0.046566464,0.39370865,0.14531925,-0.053650077,0.41001946,0.04995048,-0.0588886,0.36171255,0.5198792,-0.061526805,0.40585354,0.30343926,-0.07250639,0.42428958,0.18210724,-0.076625526,0.4337208,0.085888624,-0.079555266,0.41673768,0.5808432,-0.08542613,0.44839934,0.3972036,-0.09135308,0.46272942,0.29888666,-0.08784163,0.4734296,0.21148086,-0.08438398,1
0.3116878,0.8728423,4.4742478e-07,0.2646387,0.7260741,0.033720378,0.24768281,0.57993746,0.037658498,0.24513529,0.4596202,0.034784015,0.2281502,0.39189172,0.028902305,0.2559549,0.44839388,-0.0041443873,0.29596162,0.25951797,-0.02203479,0.32523936,0.1586999,-0.03167835,0.34627026,0.08107716,-0.03680366,0.29684213,0.46868423,-0.033202417,0.34751478,0.25200826,-0.045543674,0.37727484,0.13626242,-0.050328013,0.39714083,0.04740873,-0.05443994,0.34538734,0.50946105,-0.05932919,0.39055812,0.29355723,-0.0712925,0.4111035,0.17121157,-0.07558851,0.4236801,0.07420471,-0.0791463,0.40216762,0.56915146,-0.08189005,0.4339955,0.3877683,-0.09228419,0.44815117,0.28885496,-0.09317652,0.45837995,0.19924372,-0.09297079,1
0.29369417,0.8670181,4.1491612e-07,0.24259669,0.73150337,0.035970308,0.2225343,0.5785837,0.04266903,0.21817145,0.45471564,0.042017177,0.19070897,0.39370537,0.038463075,0.22948617,0.44651783,0.00081576046,0.26389533,0.2470834,-0.014464154,0.29400626,0.14384592,-0.021279529,0.31768546,0.07279891,-0.023697693,0.2727792,0.46810126,-0.027668074,0.31342936,0.24434152,-0.037497617,0.34381565,0.12649128,-0.0396049,0.36626682,0.04436055,-0.040897615,0.32503685,0.5078161,-0.052978717,0.36068323,0.2838114,-0.062355567,0.38140953,0.16693026,-0.064064056,0.39380854,0.08089048,-0.06503227,0.38450825,0.56208897,-0.07459569,0.40959537,0.37504748,-0.08247977,0.4208038,0.2781347,-0.081232175,0.4279164,0.19521624,-0.07883034,1
0.2701967,0.868622,5.0922677e-07,0.20792314,0.738123,0.032051984,0.1786148,0.59147996,0.034356803,0.16893166,0.4718327,0.029576214,0.15312026,0.40126786,0.022921335,0.18952498,0.44764492,3.0136214e-05,0.22520147,0.23886263,-0.014893239,0.25416872,0.13468999,-0.021984637,0.27539822,0.064855516,-0.024561547,0.23952982,0.466496,-0.026349038,0.27715942,0.23511004,-0.0347814,0.30341992,0.11661953,-0.0369096,0.32286823,0.03539756,-0.038449418,0.29849756,0.5007189,-0.04998694,0.3291981,0.27108276,-0.05663768,0.34421402,0.15528998,-0.056703217,0.35173345,0.07171407,-0.05689344,0.36548412,0.54908675,-0.07040093,0.38877296,0.36168313,-0.073348396,0.3932042,0.26850364,-0.06855068,0.39022985,0.18941978,-0.06377001,1
0.24731612,0.8856895,4.2805948e-07,0.18250251,0.754625,0.034293372,0.14797612,0.59801507,0.041015916,0.13517442,0.47354048,0.04213376,0.10920502,0.41042072,0.04094069,0.1596928,0.46618077,-0.00043909007,0.18915029,0.25472367,-0.01269581,0.21390885,0.14226887,-0.017139915,0.23172346,0.068086624,-0.017659938,0.21483874,0.48412654,-0.024991082,0.24916837,0.24679638,-0.032018904,0.2722631,0.12350136,-0.032228697,0.28875837,0.04215318,-0.031728268,0.27593046,0.5162012,-0.045883622,0.3012773,0.28164142,-0.051486574,0.31182194,0.16235837,-0.05080546,0.31791753,0.0772132,-0.050271735,0.34124723,0.56347334,-0.06282953,0.36021224,0.37796348,-0.067552626,0.36312127,0.27814233,-0.064349495,0.36170822,0.19355956,-0.060059182,1
0.23013283,0.89518094,3.8169628e-07,0.1589426,0.7677265,0.034644097,0.12288903,0.6089046,0.044113204,0.109190375,0.47794858,0.048160166,0.07663889,0.4174789,0.049986303,0.13439088,0.47334233,0.005504215,0.16181529,0.26526707,-0.0048576146,0.18334001,0.15078717,-0.008493214,0.19902056,0.06938726,-0.008902818,0.1892691,0.4856029,-0.018507896,0.2186247,0.25312597,-0.023741221,0.23812282,0.13016295,-0.023084097,0.25071666,0.04151264,-0.022313504,0.24938716,0.51469535,-0.039221216,0.27191272,0.28715166,-0.044265497,0.28256398,0.1687355,-0.043425985,0.28742182,0.07882169,-0.043028336,0.31355804,0.55927044,-0.056097236,0.3299586,0.3739915,-0.061075114,0.33522132,0.27586406,-0.058504153,0.3360937,0.19050953,-0.05510797,1
0.21996413,0.9006054,3.8056598e-07,0.14538175,0.77220476,0.032106377,0.1031854,0.6063086,0.039198894,0.08124918,0.47506422,0.041435063,0.038752317,0.4230278,0.040745243,0.10993201,0.4800835,-0.0047432617,0.13199565,0.26913106,-0.017570099,0.14888494,0.15166596,-0.02238764,0.16031674,0.06773031,-0.024225442,0.16603035,0.49085814,-0.028923426,0.18899085,0.2568994,-0.037283525,0.20491628,0.13395977,-0.03875693,0.21313739,0.04723072,-0.039935056,0.22867411,0.51715523,-0.04942728,0.24742478,0.285572,-0.058203228,0.25524387,0.16309163,-0.06117743,0.25564724,0.069233656,-0.063624874,0.29579237,0.55859405,-0.06580102,0.31013718,0.36725307,-0.075578,0.31189725,0.26710778,-0.07668595,0.3075695,0.1809217,-0.07582604,1
0.21575253,0.89508593,4.8523765e-07,0.13132016,0.76783645,0.028542344,0.07634193,0.59994864,0.032004517,0.041145295,0.46239576,0.031737387,-0.0083126575,0.4164635,0.028121592,0.08913505,0.49462858,-0.018702801,0.11057606,0.2726427,-0.034057707,0.12869659,0.14983231,-0.03842277,0.1427027,0.061754733,-0.039775252,0.15205592,0.5021382,-0.042052653,0.17633885,0.25542873,-0.05232498,0.19409402,0.12666517,-0.051829636,0.20555583,0.037942976,-0.05196139,0.22026476,0.524844,-0.06115929,0.23813474,0.28402007,-0.07081203,0.24794248,0.15812555,-0.0716445,0.2504828,0.063643485,-0.07315128,0.28970158,0.56069696,-0.07618267,0.29818904,0.36290705,-0.08739701,0.29715177,0.25905168,-0.087910175,0.29119772,0.1688048,-0.086886324,1
0.20713791,0.8937418,5.146587e-07,0.11906023,0.76932347,0.022886293,0.060534023,0.60150045,0.022272347,0.019518241,0.45853692,0.019777358,-0.034149945,0.41374683,0.013874549,0.07839673,0.49938685,-0.033883456,0.09217949,0.27248448,-0.051937953,0.10680795,0.14930272,-0.056711946,0.11746719,0.059515715,-0.05844407,0.14376228,0.50851285,-0.05498404,0.1608866,0.25778484,-0.06882374,0.17319126,0.12846768,-0.06878876,0.17893434,0.0389947,-0.06919211,0.21357857,0.53156483,-0.07131485,0.22595313,0.28665847,-0.08443288,0.23094784,0.15617606,-0.0863326,0.22836974,0.058303565,-0.08824798,0.2826913,0.5688275,-0.08347466,0.29226243,0.36780715,-0.09649609,0.2895402,0.26197976,-0.09723425,0.2804644,0.17192805,-0.096362114,1
0.20681588,0.89687395,5.421459e-07,0.11473341,0.78107053,0.022207158,0.051555134,0.61764,0.020376777,0.008904278,0.47064793,0.017031271,-0.04486735,0.4166642,0.010615942,0.06946086,0.50709784,-0.04074459,0.08064433,0.27021807,-0.05982881,0.095432475,0.14306939,-0.06324515,0.10586249,0.05082366,-0.063120425,0.1350539,0.51390016,-0.06090416,0.14928445,0.2533294,-0.075503066,0.16087659,0.12141922,-0.07279963,0.16617773,0.029927284,-0.07063541,0.20574155,0.5325726,-0.07595904,0.2142615,0.27992886,-0.08818881,0.21895154,0.14638767,-0.08779464,0.21623567,0.047321737,-0.08788405,0.2758535,0.56606895,-0.086904384,0.2841553,0.36035314,-0.09707914,0.2818122,0.25554454,-0.09521257,0.27292445,0.16727439,-0.09242165,1
0.20362996,0.904585,6.006482e-07,0.11015661,0.7910266,0.021224704,0.042275377,0.634214,0.016010804,-0.0016795099,0.4840525,0.009970713,-0.05340837,0.42010212,0.00081447966,0.061335847,0.51591474,-0.050582368,0.07432122,0.26983336,-0.07155074,0.08782147,0.139628,-0.076263525,0.09573238,0.047002852,-0.07709404,0.12948653,0.52094316,-0.070482545,0.14476421,0.2461451,-0.08486012,0.1545459,0.10966149,-0.081441395,0.15682922,0.019028455,-0.07959147,0.20116724,0.53908646,-0.08458432,0.20947257,0.2723239,-0.09584414,0.21210003,0.13705173,-0.09439156,0.20736942,0.04200515,-0.09472376,0.27310857,0.57176155,-0.0944889,0.28257728,0.36203414,-0.10406518,0.2790257,0.25575006,-0.10140301,0.26875204,0.16797474,-0.09835077,1
0.2053302,0.90110296,6.2627765e-07,0.108818874,0.7848308,0.023628842,0.038627103,0.6322877,0.018338457,-0.0078074187,0.48764476,0.0119130425,-0.06193143,0.43907467,0.0020355869,0.05981379,0.52307254,-0.052752443,0.07072462,0.26771188,-0.07226224,0.08494025,0.13657686,-0.07404438,0.09448533,0.04624477,-0.07249229,0.12903199,0.52545863,-0.07313942,0.141208,0.24038422,-0.08648742,0.15044887,0.1007348,-0.080193736,0.15304479,0.011898369,-0.07590328,0.20155255,0.5414889,-0.08692472,0.20611818,0.2667371,-0.09600341,0.20753416,0.12964952,-0.09125891,0.20161659,0.035701394,-0.08942584,0.2737106,0.57339084,-0.09627593,0.27982512,0.36141065,-0.102842465,0.27462265,0.2545777,-0.096925125,0.26285127,0.16844934,-0.09170657,1
0.2076238,0.90603685,5.953914e-07,0.11004031,0.78845966,0.03046478,0.039104298,0.6395456,0.027821066,-0.0060392767,0.49478716,0.023780826,-0.05872506,0.44175288,0.016079025,0.06043505,0.5249258,-0.054152764,0.07033661,0.26890832,-0.07197756,0.08327734,0.13574332,-0.07097759,0.09138197,0.04490134,-0.06736234,0.12988758,0.5269494,-0.076083556,0.14097404,0.24041814,-0.08959732,0.15040392,0.09802723,-0.08164283,0.15346837,0.0072354376,-0.07587886,0.20253418,0.5422354,-0.09010137,0.2050739,0.26768196,-0.09875508,0.20624432,0.13045418,-0.09255614,0.20079195,0.035799295,-0.08969071,0.27429628,0.57376534,-0.09869766,0.27914846,0.36293036,-0.103370644,0.27332762,0.25706214,-0.095764734,0.2618078,0.17163923,-0.08951631,1
0.21182571,0.9105954,6.224372e-07,0.11170404,0.79631937,0.027049001,0.039327227,0.6470537,0.023139933,-0.0060436875,0.50126946,0.017993465,-0.05935453,0.4484904,0.009108242,0.060600124,0.53248245,-0.05598273,0.06977136,0.27344304,-0.07591465,0.082801044,0.13948661,-0.076674335,0.09198282,0.04758984,-0.07395338,0.13067262,0.53175616,-0.07762015,0.13998619,0.24249366,-0.0921463,0.14840162,0.09649381,-0.08570988,0.15154833,0.002654314,-0.080958724,0.20397662,0.54436547,-0.09193249,0.20567973,0.26857907,-0.10173731,0.20614615,0.1294736,-0.09724869,0.19982114,0.03292483,-0.09539211,0.27625257,0.57324886,-0.10127096,0.28045678,0.36019868,-0.10759172,0.2740253,0.25444752,-0.101250224,0.26179713,0.16942927,-0.09565333,1
0.21514547,0.9080319,6.761977e-07,0.11346975,0.7972091,0.020405723,0.037436165,0.6458056,0.012961954,-0.009956196,0.49749875,0.0049980814,-0.062567756,0.4300484,-0.006341216,0.06499064,0.53569406,-0.06206291,0.07155467,0.27291465,-0.08404244,0.08419894,0.13836342,-0.08543902,0.0931634,0.046755016,-0.0830977,0.13553105,0.53313786,-0.082185164,0.14395997,0.2409823,-0.09949615,0.15133533,0.09227756,-0.094171,0.1532036,-0.0030485392,-0.08980434,0.20894125,0.54558045,-0.09558671,0.20972407,0.2693005,-0.10794046,0.20844033,0.12855771,-0.103783585,0.19976376,0.030318052,-0.101808086,0.28089762,0.5754214,-0.10454927,0.28357273,0.36367536,-0.11330638,0.27649266,0.2552565,-0.10755478,0.2639354,0.16883716,-0.10205452,1
0.22137257,0.91251016,6.434284e-07,0.119140595,0.801067,0.025435884,0.04587379,0.6540357,0.020444188,0.006127447,0.50541115,0.014329799,-0.03933975,0.43273273,0.0051932414,0.06744155,0.53188324,-0.056871567,0.07523895,0.27126837,-0.07884024,0.088253446,0.13632059,-0.082010634,0.09706343,0.043648362,-0.080790944,0.13992481,0.5306859,-0.07870137,0.14836389,0.23923504,-0.09419417,0.15648776,0.08953595,-0.08941018,0.15909413,-0.0066004395,-0.08589458,0.21505111,0.5447541,-0.09346107,0.21485907,0.27015913,-0.10361594,0.21433997,0.13070974,-0.0990341,0.20758337,0.03507495,-0.09712108,0.28863513,0.5750867,-0.10349434,0.28838074,0.36603206,-0.11041184,0.27970284,0.25829744,-0.103733875,0.2669196,0.1714431,-0.09757317,1
0.22464925,0.916695,6.610894e-07,0.123030104,0.79678017,0.016797932,0.04988884,0.64244115,0.007998903,0.0066777617,0.4958213,-0.0011317126,-0.044080406,0.4308231,-0.013116163,0.07694624,0.5294332,-0.059118863,0.08553504,0.27286795,-0.08482125,0.09661394,0.13671821,-0.09119506,0.10361764,0.039859086,-0.09229751,0.14839283,0.53006566,-0.07897593,0.15711278,0.24878383,-0.098190345,0.16346692,0.099933,-0.09614765,0.16415107,0.0015319586,-0.09441552,0.22322561,0.5460317,-0.09313458,0.22436681,0.27834505,-0.10770403,0.224296,0.13859725,-0.10476206,0.21739197,0.03954512,-0.103253126,0.29661253,0.57820493,-0.10347904,0.29705948,0.37055486,-0.11455748,0.28945002,0.26284203,-0.109597534,0.2773292,0.17584178,-0.104317404,1
0.23139542,0.9203801,6.468923e-07,0.13406694,0.79777765,0.01219222,0.06081157,0.62984824,0.002749559,0.013222992,0.48389497,-0.006711889,-0.040538013,0.42537242,-0.019147823,0.087161034,0.5262697,-0.055592768,0.0962113,0.27719754,-0.08229032,0.10596682,0.13941273,-0.09223809,0.11146088,0.038316935,-0.096586086,0.15768233,0.5292694,-0.07455072,0.16893816,0.25323805,-0.09372129,0.17585552,0.10306817,-0.09571603,0.17656283,0.0017464161,-0.09763112,0.23213096,0.5470013,-0.08870445,0.23637031,0.2844487,-0.10297965,0.23634891,0.14202091,-0.10334624,0.22925642,0.039773494,-0.10503427,0.3054952,0.578835,-0.099737935,0.308644,0.3764499,-0.11194017,0.30209103,0.26723924,-0.10999243,0.29085097,0.17894173,-0.10757889,1
0.24153924,0.9100378,5.3889596e-07,0.14400598,0.783093,0.014980959,0.07440199,0.61469847,0.008887743,0.027622357,0.47096318,0.0029652114,-0.02747731,0.41917798,-0.005406666,0.101518616,0.5163468,-0.045595717,0.11293184,0.27326646,-0.065939754,0.12241918,0.14148933,-0.07075055,0.12911358,0.046524376,-0.0715737,0.17330277,0.51819456,-0.06243574,0.1837659,0.2475856,-0.07493403,0.19171256,0.10823995,-0.071899995,0.19541658,0.015256703,-0.070241444,0.24840236,0.5334935,-0.07440871,0.2506737,0.27414626,-0.08290996,0.25123477,0.13947353,-0.079301335,0.2466447,0.04257664,-0.07869232,0.32126284,0.56258315,-0.08305807,0.32149166,0.3642531,-0.091106944,0.31536123,0.26010004,-0.087061964,0.30475074,0.17568704,-0.08326602,1
0.25614393,0.9053854,4.4777573e-07,0.16133673,0.7807971,0.017504971,0.094882935,0.60996425,0.016448375,0.05388342,0.47074974,0.014323345,0.0031708628,0.42544758,0.009649284,0.12512401,0.5082057,-0.0324513,0.13198578,0.27392903,-0.051167373,0.14161286,0.14016497,-0.056335017,0.15019196,0.044763893,-0.057605132,0.19509877,0.50616145,-0.050796103,0.20236965,0.25011897,-0.06230428,0.21230839,0.10922563,-0.061265886,0.2197342,0.013389051,-0.060675286,0.26815057,0.52230245,-0.0651634,0.26778388,0.27863503,-0.07463961,0.2692993,0.14509621,-0.07457575,0.2659941,0.04617122,-0.07593701,0.3397295,0.5544446,-0.076287426,0.33894387,0.36882573,-0.08779942,0.33284324,0.26667532,-0.08771365,0.32260758,0.18335131,-0.086416654,1
0.2823624,0.9040202,3.851911e-07,0.18980409,0.7878181,0.010287988,0.12306263,0.62080234,0.0045159273,0.08653095,0.47887072,-0.0019361497,0.038648933,0.41708767,-0.00974254,0.15399781,0.5011918,-0.034074657,0.15571709,0.2665913,-0.053276747,0.16438943,0.13614821,-0.05915893,0.170926,0.043365538,-0.060638126,0.2249365,0.5025834,-0.04945826,0.22850111,0.2524657,-0.061252784,0.23625566,0.12878886,-0.059397295,0.24067385,0.046082318,-0.057513595,0.300232,0.51987183,-0.061770383,0.29862246,0.28153127,-0.06985518,0.29860997,0.15663356,-0.06530855,0.29423687,0.066830575,-0.06289396,0.37510225,0.5506146,-0.07196983,0.36737764,0.36180502,-0.08066233,0.35867473,0.26210198,-0.07610533,0.34609252,0.1817086,-0.07083027,1
0.30417958,0.9009059,2.7795025e-07,0.21089794,0.7811822,0.017520387,0.14347407,0.61724895,0.016468657,0.109644115,0.47328383,0.013687531,0.0636825,0.4120321,0.009569082,0.18070045,0.4968827,-0.026551632,0.17795299,0.26886666,-0.0412899,0.18408604,0.13983524,-0.042274006,0.18871745,0.050016373,-0.040206242,0.25064653,0.49697337,-0.043509122,0.25510016,0.2501603,-0.051519703,0.26493737,0.13114786,-0.045328457,0.27214965,0.055404395,-0.040014826,0.3252508,0.5148348,-0.056791287,0.3251395,0.28358805,-0.062094897,0.32695955,0.1695149,-0.05430043,0.32469854,0.089532435,-0.049224727,0.39887014,0.54857016,-0.06739575,0.3929076,0.3599071,-0.0741896,0.3849289,0.262077,-0.068636894,0.37430972,0.18142265,-0.062431652,1
0.32731593,0.88733333,3.2882315e-07,0.23514205,0.7771822,0.01708704,0.1721282,0.6201695,0.01581306,0.1422007,0.47009775,0.012514017,0.09663735,0.40295717,0.007945706,0.21110725,0.49184328,-0.022538796,0.21181014,0.25935316,-0.035295337,0.21978047,0.13495198,-0.035737455,0.22535194,0.047141463,-0.033081155,0.27631882,0.49032924,-0.0381401,0.28098,0.24364996,-0.043484986,0.29101688,0.12626901,-0.037286784,0.29918063,0.051629066,-0.032157116,0.34473106,0.5074048,-0.05026265,0.34815672,0.28170604,-0.052844264,0.3525663,0.1697295,-0.045467537,0.3526731,0.09288955,-0.040855374,0.41130394,0.54027873,-0.05990393,0.41035974,0.35391244,-0.061723318,0.40767205,0.2577888,-0.053987063,0.4017255,0.17924416,-0.046698242,1
0.35050476,0.8848714,3.0541815e-07,0.2589818,0.7717998,0.013028872,0.1971696,0.61558634,0.010532837,0.16732135,0.46585032,0.0061112493,0.12315215,0.39561555,0.0007520757,0.24273369,0.47807795,-0.0188537,0.24308132,0.25622547,-0.031225203,0.25289184,0.13789427,-0.032917805,0.26215366,0.053240597,-0.03141066,0.3107136,0.47932708,-0.032870527,0.31492934,0.2476683,-0.03795125,0.32795987,0.1396375,-0.033338103,0.3391771,0.067691445,-0.029513316,0.37939858,0.5003445,-0.044209715,0.38227287,0.29107097,-0.04723997,0.38795665,0.18611014,-0.0399955,0.38954398,0.11109561,-0.03525075,0.44275063,0.53645253,-0.053578466,0.43776459,0.36090517,-0.055945057,0.43615788,0.26550612,-0.04800568,0.43366253,0.18481681,-0.04036172,1
0.36641952,0.8806304,2.8880407e-07,0.2781278,0.76264477,0.01350287,0.22246592,0.6029342,0.0106906975,0.1955807,0.45713568,0.0053840075,0.15201971,0.3913272,-0.00071224273,0.26530933,0.46400255,-0.016077638,0.2709285,0.2518345,-0.027046831,0.28334603,0.14166689,-0.02788276,0.29506612,0.06384504,-0.025948888,0.33145785,0.46753612,-0.03102491,0.3379785,0.24569732,-0.0342246,0.35247943,0.14085793,-0.02933759,0.36573085,0.07030162,-0.025741605,0.40006453,0.4910524,-0.043475952,0.40556148,0.2886244,-0.045339525,0.41413116,0.19163823,-0.03719239,0.41895297,0.12340441,-0.031884585,0.46556193,0.5299813,-0.05419596,0.46136266,0.3556521,-0.055286977,0.462188,0.26281768,-0.04629564,0.46276027,0.18424806,-0.037835833,1
0.38848278,0.8653927,3.245585e-07,0.3029437,0.75620973,0.012681349,0.24877173,0.6017932,0.010023992,0.22614887,0.4531222,0.005317558,0.18513088,0.3786744,-0.0003282304,0.2928655,0.45809668,-0.015877016,0.2980664,0.24434441,-0.026641048,0.30906495,0.12784159,-0.027469527,0.3187508,0.044832468,-0.0250331,0.35703197,0.4609512,-0.02887909,0.36238164,0.23394006,-0.031544674,0.37443116,0.12323153,-0.02647676,0.38522607,0.047591418,-0.022197718,0.42323232,0.48271424,-0.039441697,0.4251763,0.27804005,-0.040413786,0.43171903,0.1732113,-0.033224564,0.43625933,0.09802055,-0.028654128,0.48466963,0.5196426,-0.04832511,0.48203886,0.35093945,-0.048517454,0.48371315,0.25856948,-0.040189337,0.48558503,0.17864648,-0.032348946,1
0.40755874,0.84784615,2.8962663e-07,0.32111803,0.73589545,0.011012207,0.27178288,0.58818126,0.0084846215,0.252236,0.44251087,0.004777304,0.21371204,0.36708426,0.00068283535,0.33077478,0.44795057,-0.015093314,0.33606842,0.24221931,-0.022254838,0.3444978,0.12956053,-0.01986207,0.3526604,0.050658077,-0.015064595,0.39738,0.45306835,-0.024667416,0.40208262,0.23518857,-0.024087436,0.41160288,0.12862441,-0.016643615,0.42199728,0.056895167,-0.011120457,0.46037877,0.47674298,-0.031706706,0.4655413,0.28477913,-0.029999355,0.47216177,0.18887311,-0.021190705,0.47637126,0.1230914,-0.015557775,0.5133426,0.5142303,-0.03712165,0.5133523,0.35841542,-0.033905216,0.5142241,0.27337307,-0.023876851,0.51400703,0.20260027,-0.015206865,1
0.4255064,0.8322739,3.504133e-07,0.34338278,0.7287866,0.0060130074,0.29544288,0.5831387,0.0006652378,0.27895412,0.43657914,-0.00487564,0.24098265,0.35259414,-0.01065781,0.35272828,0.43715975,-0.022824375,0.35930112,0.22305667,-0.033975244,0.37133527,0.10778305,-0.0340582,0.3819294,0.024949133,-0.030111665,0.41766855,0.44169396,-0.030230284,0.42726874,0.22208592,-0.0319998,0.43909544,0.114161074,-0.02481009,0.44979638,0.04158789,-0.018304156,0.4801938,0.46695432,-0.035432987,0.48780167,0.2726971,-0.033821654,0.4944326,0.17309359,-0.023954589,0.49815127,0.10522443,-0.017109761,0.5327445,0.5073248,-0.0395541,0.5357016,0.35150844,-0.035635844,0.5375763,0.26948684,-0.024069276,0.53708774,0.2047013,-0.013477302,1
0.44885743,0.83010197,2.7898616e-07,0.36615464,0.7201109,0.0070294887,0.31935418,0.5752144,0.001720666,0.3030098,0.43151432,-0.0039932695,0.26795748,0.34709442,-0.009750248,0.3877286,0.42625642,-0.018402975,0.39434296,0.22195052,-0.028927201,0.40499723,0.111222535,-0.030250177,0.41509235,0.031102896,-0.027652612,0.45272586,0.43577707,-0.026961114,0.4598573,0.22257817,-0.028983748,0.46833244,0.116431326,-0.022572197,0.47774747,0.044174552,-0.016704792,0.5132699,0.46884653,-0.03351636,0.51879877,0.27545482,-0.033419304,0.52327466,0.17465463,-0.02408033,0.5263591,0.10424104,-0.017104479,0.5648027,0.5179867,-0.03876171,0.56759936,0.3647693,-0.035028733,0.56630206,0.27930042,-0.022924703,0.56376195,0.2107676,-0.012045158,1
0.47068483,0.81558603,2.7481127e-07,0.38523322,0.71182954,0.0056469436,0.34171656,0.5651848,0.0017744371,0.32787707,0.42153496,-0.0015350234,0.2954855,0.33619434,-0.004458171,0.41228634,0.42148212,-0.019808624,0.42282674,0.21127552,-0.02748885,0.4347253,0.09957135,-0.02612519,0.44599712,0.021907687,-0.02165789,0.47955877,0.4278643,-0.025428265,0.48587543,0.20834637,-0.02549159,0.4944167,0.097758025,-0.01904188,0.5036514,0.024914712,-0.012986224,0.541313,0.45462778,-0.028560327,0.5413913,0.25615406,-0.025687875,0.54280835,0.15087566,-0.017752498,0.5437558,0.07806522,-0.012185949,0.5926293,0.4961592,-0.030443741,0.590068,0.34741068,-0.02599212,0.5856351,0.26515704,-0.015860207,0.5801645,0.20158169,-0.0062173167,1
0.48442674,0.80651224,2.6682258e-07,0.4036175,0.7039461,0.008416055,0.36210623,0.5582938,0.007593311,0.35179907,0.41364434,0.0074327835,0.32217407,0.32599232,0.007760613,0.43456164,0.4122972,-0.014037989,0.44698188,0.20695348,-0.019985087,0.4591709,0.10189998,-0.017649993,0.46977672,0.0265055,-0.012533423,0.49598014,0.41907793,-0.01900321,0.5085102,0.20116234,-0.018602073,0.5197302,0.09089705,-0.011539221,0.530841,0.016253203,-0.004913189,0.5527023,0.44871914,-0.02171475,0.5591981,0.2511019,-0.017633779,0.564695,0.1408715,-0.011554297,0.568937,0.061757505,-0.007309025,0.5995611,0.49448997,-0.02282549,0.6027063,0.34466442,-0.015342145,0.6019703,0.26118612,-0.005686712,0.6003951,0.19527352,0.002869405,1
0.50312054,0.8016434,2.5689337e-07,0.4228299,0.70239675,0.000789134,0.38281757,0.55662537,-0.0031342595,0.37286726,0.4105282,-0.005539043,0.34551907,0.31938887,-0.006661282,0.45754203,0.40775663,-0.016630586,0.46535668,0.20275857,-0.022983883,0.4737285,0.09644997,-0.022353029,0.48125166,0.022737771,-0.018957013,0.51419175,0.41014323,-0.019282628,0.52074957,0.19424628,-0.019971712,0.52901834,0.08677369,-0.016381945,0.5389046,0.01761818,-0.012478489,0.56631124,0.43419763,-0.020537008,0.5685331,0.23347373,-0.018836875,0.5745087,0.12043992,-0.017544126,0.58017874,0.042343408,-0.016841494,0.61105245,0.47432393,-0.020947885,0.6178419,0.32475886,-0.016541198,0.6203227,0.23986319,-0.011162372,0.6210499,0.1736117,-0.0059491983,1
0.51668835,0.7985995,2.9871822e-07,0.43887866,0.69870365,-0.0038034997,0.40236115,0.55038327,-0.00992566,0.39543965,0.4049814,-0.014140406,0.3682537,0.3171979,-0.017044904,0.4799186,0.4031402,-0.022046845,0.48850572,0.19916035,-0.032064486,0.4975876,0.089533746,-0.03493808,0.50616044,0.012386233,-0.03418546,0.53448933,0.4061035,-0.024876555,0.5401318,0.18740341,-0.029281033,0.54806304,0.07386485,-0.028615816,0.55771023,-0.0020533204,-0.026905596,0.58410704,0.43087885,-0.026714109,0.58644426,0.22883448,-0.028673401,0.59278977,0.11280003,-0.028636085,0.5984934,0.033290714,-0.028589768,0.6271225,0.4734158,-0.028333334,0.63617706,0.32283366,-0.026925933,0.6390774,0.23922044,-0.022212569,0.6383907,0.17589685,-0.017393285,1
0.5313776,0.79718745,2.5415034e-07,0.4512236,0.694706,0.0007417615,0.41734228,0.5456577,-0.001399693,0.41421413,0.39678937,-0.001124129,0.38927105,0.30464447,0.00050220103,0.49245766,0.39859992,-0.019107312,0.5068852,0.19294764,-0.025173983,0.51852816,0.08413109,-0.023619505,0.52817416,0.008145213,-0.01935219,0.5505159,0.40353465,-0.019739386,0.55997026,0.18344522,-0.02006062,0.5695826,0.07352227,-0.014561729,0.57952917,0.0016201138,-0.009051311,0.6024754,0.43020514,-0.018645996,0.6045009,0.23111697,-0.016079705,0.61043084,0.11879146,-0.012795434,0.61493194,0.04113105,-0.010438053,0.64527303,0.4733449,-0.016737187,0.6531705,0.32299244,-0.0104293525,0.6564017,0.23917322,-0.0036888216,0.6566516,0.17453313,0.0024236303,1
0.54744357,0.8013247,2.1612557e-07,0.46652815,0.6960154,0.0015551221,0.43402952,0.54704314,0.0003281335,0.43218192,0.39576814,0.0022645418,0.40898404,0.29813874,0.0063362652,0.5163059,0.40347785,-0.018610971,0.52714896,0.19661944,-0.023796026,0.5362275,0.091217935,-0.020801531,0.54473794,0.017848045,-0.015059672,0.5728804,0.40920153,-0.017752042,0.58111614,0.18720752,-0.02032708,0.58867204,0.07703614,-0.0140086105,0.5973393,0.0050856173,-0.006761303,0.6219197,0.43566835,-0.014944174,0.62479776,0.23524404,-0.014206671,0.6304214,0.12157512,-0.0106698675,0.63486606,0.042253822,-0.006768604,0.66060746,0.47820878,-0.010831374,0.66761494,0.32556325,-0.00346913,0.6701983,0.24135935,0.0046204496,0.6699735,0.17788503,0.01207563,1
0.5578065,0.80581576,1.945504e-07,0.47739905,0.69811165,0.005025977,0.44573355,0.5473151,0.0055086236,0.4439636,0.3969635,0.0088140415,0.42460248,0.29976696,0.014454694,0.5278,0.40808904,-0.018183,0.54057366,0.1985377,-0.023415774,0.54980516,0.09200922,-0.019603774,0.5589846,0.019432694,-0.012631275,0.5843667,0.4150926,-0.017380876,0.59215665,0.18946034,-0.020515187,0.5983502,0.07696277,-0.012947597,0.60660475,0.0029670894,-0.0040278668,0.63347405,0.4406807,-0.014006267,0.6377668,0.23807642,-0.013384795,0.64285696,0.12108734,-0.00835963,0.6463372,0.04032153,-0.0025043155,0.6712761,0.48256233,-0.008886253,0.6806573,0.3332758,-9.891095e-05,0.6836479,0.24748984,0.009721103,0.6825929,0.18275592,0.018936554,1
0.5663732,0.80597234,1.9339511e-07,0.48688382,0.69652,0.005627935,0.45907304,0.5452998,0.0063445424,0.46051264,0.3934779,0.010103627,0.43997663,0.29977548,0.0156267,0.5394392,0.4087629,-0.021548718,0.5555452,0.19734758,-0.028815307,0.56815326,0.090687424,-0.026073413,0.5802443,0.017603546,-0.019619212,0.5967112,0.41922608,-0.020788029,0.60960746,0.19411995,-0.02482697,0.61870056,0.08410454,-0.016920492,0.6286599,0.011026502,-0.0078102876,0.645653,0.44587588,-0.01720957,0.65170085,0.24305075,-0.016803773,0.65730333,0.1297178,-0.010553736,0.66155005,0.052090377,-0.004058319,0.6822255,0.48672366,-0.011835307,0.68994933,0.33756363,-0.0042890375,0.69295746,0.25329962,0.0053094304,0.6929142,0.18960816,0.0144488085,1
0.5775208,0.80881,2.0733371e-07,0.49611795,0.7003424,0.0028491654,0.46907157,0.548703,0.0034236214,0.47269094,0.39429963,0.007743362,0.45256737,0.29927254,0.014812362,0.5538978,0.4099805,-0.015587201,0.5658504,0.20411637,-0.017272824,0.5756113,0.10137436,-0.011494213,0.585834,0.028852284,-0.0036530015,0.6104615,0.41823122,-0.011820331,0.6171861,0.19707943,-0.013067568,0.6230486,0.08775705,-0.004704477,0.6319258,0.013950914,0.0046436777,0.6573884,0.44560242,-0.0054208683,0.65957266,0.24533337,-0.0034340315,0.6619996,0.13242984,0.0031175339,0.6645084,0.05368924,0.010232695,0.6926301,0.48697984,0.0026341302,0.7017113,0.33612376,0.0135171935,0.70559025,0.25061977,0.024791982,0.706197,0.18421853,0.034857463,1
0.58520544,0.8123863,2.3277448e-07,0.5043593,0.7003137,0.0041600503,0.47541896,0.54572606,0.005917684,0.4789694,0.39241868,0.011733981,0.46130902,0.2999125,0.020504614,0.56517565,0.40959692,-0.015479762,0.5793251,0.20360155,-0.015964715,0.5902535,0.10196754,-0.009022123,0.60152555,0.028900594,-0.000499663,0.62195843,0.4202732,-0.0113518145,0.63049614,0.19829066,-0.014592626,0.63723487,0.08775726,-0.0066116955,0.64753157,0.012054473,0.0032023208,0.66823876,0.45012498,-0.004026786,0.6735395,0.2491435,-0.002173493,0.67852974,0.13318753,0.004568806,0.68404263,0.050947428,0.012186574,0.7020141,0.49552602,0.0052088224,0.70979047,0.34682718,0.01801806,0.7134511,0.26077747,0.030607125,0.7153291,0.19356044,0.041543104,1
0.5917861,0.813457,2.4265546e-07,0.5098944,0.7033,-0.0014865244,0.47832876,0.5533861,-0.0040272293,0.48424873,0.39906165,-0.002028499,0.47329903,0.29718035,0.0034000264,0.57601905,0.40922433,-0.018984212,0.59159774,0.19985506,-0.021485446,0.60329604,0.098908335,-0.016702909,0.61436373,0.025570929,-0.009648485,0.63418436,0.42053825,-0.013111175,0.64314103,0.2005878,-0.016205631,0.6499201,0.09266606,-0.008203114,0.6602617,0.018471628,0.0013141999,0.6797986,0.45111895,-0.004873325,0.6845303,0.25324696,-0.0029246416,0.6900689,0.13968283,0.0045794663,0.6960683,0.057865858,0.012519626,0.7123203,0.4971425,0.004550903,0.7201827,0.35011777,0.01706643,0.7236833,0.26419288,0.030109724,0.7260164,0.19683813,0.041517064,1
0.6010665,0.8175329,2.3205718e-07,0.5159459,0.70796883,-0.0048671504,0.48571745,0.5552325,-0.008219229,0.4954883,0.398722,-0.006589072,0.48443046,0.29795814,-0.0014531724,0.58854175,0.40883395,-0.01870834,0.6026999,0.20503865,-0.01996144,0.6134076,0.10317132,-0.0155913215,0.62402755,0.0286977,-0.0096024675,0.64646304,0.41997147,-0.012098697,0.65400445,0.20277455,-0.015678633,0.66027486,0.093978494,-0.009559814,0.6711148,0.018464148,-0.0015642291,0.6907998,0.45008603,-0.0034117072,0.69422275,0.25230676,-0.0021127698,0.6986332,0.13956341,0.0044234265,0.7034435,0.058861643,0.011682034,0.722101,0.49595064,0.005967626,0.729937,0.34521294,0.01719091,0.7331139,0.25859296,0.029279932,0.7346826,0.19070031,0.04007895,1
0.60935473,0.81409466,2.4017092e-07,0.5244759,0.70433295,-0.0038222387,0.49380895,0.5531488,-0.005532447,0.505704,0.39502347,-0.0021791523,0.49384865,0.29572913,0.0046182806,0.5992734,0.41005433,-0.014528942,0.6142509,0.20371783,-0.013923696,0.6251269,0.10101542,-0.009190855,0.63580245,0.024077833,-0.0030883932,0.6568534,0.41978332,-0.0067067775,0.6675269,0.19922985,-0.007443379,0.67403877,0.09045741,-0.00049423345,0.68443674,0.014211535,0.007550371,0.7000848,0.44792002,0.003205907,0.7051727,0.25017893,0.009071778,0.7094165,0.13972831,0.016792685,0.71441007,0.06053403,0.023674749,0.7298417,0.4914527,0.0135871265,0.7381458,0.34178507,0.028674647,0.74173254,0.25673753,0.041597873,0.7438368,0.18865049,0.05217082,1
0.6172173,0.8160646,2.409197e-07,0.5354886,0.70334303,-0.0030604252,0.50630385,0.5508112,-0.004518895,0.51755124,0.39109692,-6.016799e-05,0.5040466,0.2901376,0.007932577,0.6140147,0.40838858,-0.015562757,0.6271194,0.1991588,-0.012852338,0.63720304,0.0983457,-0.007024462,0.64811623,0.020439148,-0.0001501836,0.6707919,0.42085665,-0.004737395,0.68122715,0.19491598,-0.0050660684,0.68652195,0.08671698,0.002207579,0.69586337,0.009113729,0.010661306,0.711691,0.45289883,0.009129407,0.71757334,0.25114584,0.016125472,0.7211491,0.13950843,0.024598245,0.7263604,0.060933977,0.032273702,0.7386151,0.4975952,0.024083966,0.74437153,0.34263772,0.042551678,0.7468668,0.25649184,0.057648107,0.7497434,0.1874132,0.0694464,1
0.62586045,0.8162736,1.8180808e-07,0.5459291,0.69724095,0.0040393868,0.52135575,0.5406091,0.0072073466,0.53194004,0.38386914,0.014697738,0.51393604,0.28549984,0.025411852,0.62590194,0.40318286,-0.003158892,0.6386881,0.19593567,0.0037740439,0.64761996,0.095985115,0.011094586,0.6586856,0.019472957,0.018610988,0.68041384,0.41850007,0.00536201,0.688181,0.19069429,0.008091269,0.6924587,0.08199522,0.014922952,0.7023522,0.0037022233,0.022913296,0.7199378,0.45129454,0.017250007,0.72533447,0.24564412,0.026597533,0.7272196,0.13332337,0.03483056,0.7306509,0.053666353,0.042261902,0.746543,0.4964707,0.030776398,0.75330436,0.33857048,0.051633127,0.75543225,0.24998567,0.06764138,0.7569887,0.1785208,0.079918355,1
0.6362649,0.8186245,1.412845e-07,0.5584669,0.6959201,0.0046706204,0.53885955,0.54137415,0.007542354,0.5496689,0.3854582,0.01517659,0.52853495,0.28023058,0.026150381,0.640195,0.4001154,-0.0039893542,0.650182,0.19685042,0.003518541,0.6584743,0.10098368,0.011478258,0.66804224,0.02481547,0.01979691,0.694028,0.41521153,0.0061192065,0.69884765,0.19387788,0.01037,0.7018132,0.091302395,0.019607518,0.71030146,0.015547782,0.029147308,0.7313217,0.45032823,0.019885948,0.7378709,0.25090495,0.028650578,0.7406795,0.13975587,0.03793648,0.7444061,0.061789304,0.046610422,0.7554232,0.49687326,0.035869826,0.7614794,0.34211695,0.057853956,0.76452595,0.25398088,0.075649604,0.76687515,0.18525659,0.08912615,1
0.64594454,0.81834024,2.1017023e-07,0.56756556,0.69853234,-0.0029672228,0.54704463,0.5456252,-0.0025274078,0.56043303,0.38971582,0.0046334057,0.5428581,0.2811807,0.016149295,0.6506541,0.40546888,-0.011383577,0.6602262,0.19877079,-0.0042174,0.6696315,0.10047281,0.0048749116,0.6804388,0.023872912,0.014468618,0.7044951,0.4179679,0.004371232,0.7105337,0.19524571,0.00804551,0.7139791,0.09276578,0.01889416,0.72183806,0.018667728,0.030280948,0.740515,0.44958195,0.023594445,0.7461966,0.25413948,0.03355778,0.74810815,0.14616573,0.045318775,0.75033903,0.07313433,0.05613824,0.76388913,0.49247882,0.044197544,0.7716725,0.34531203,0.067166045,0.7754602,0.25937474,0.08518275,0.77778137,0.1919421,0.099337205,1
0.6580984,0.82119703,2.089887e-07,0.5789893,0.70146215,-0.007975029,0.55917346,0.54362786,-0.007730595,0.5712214,0.3894888,0.0007818027,0.55350006,0.28261304,0.013755591,0.6681901,0.4047255,-0.016702686,0.6728017,0.19872943,-0.008266594,0.6803848,0.09998685,0.0012577943,0.6909593,0.022982836,0.01100203,0.7213167,0.41779172,0.0026160383,0.72367007,0.19699426,0.007075428,0.7246715,0.092148185,0.017545069,0.7316733,0.015713662,0.028384626,0.7544912,0.44926462,0.025408309,0.75890917,0.25728148,0.03566268,0.7596694,0.1485036,0.045344252,0.76118594,0.07302523,0.054646667,0.7729739,0.48899624,0.049400665,0.780267,0.3444918,0.07295612,0.7831702,0.25834197,0.09002279,0.78488934,0.19139688,0.1030379,1
0.6682559,0.8263317,1.9953795e-07,0.59081686,0.70787114,-0.007913091,0.57177454,0.5526734,-0.008152855,0.58449453,0.4021924,-0.00069345924,0.57073545,0.29370606,0.01147054,0.67871577,0.41009226,-0.015478202,0.6852857,0.20324202,-0.009333946,0.6933409,0.10401109,-0.0004685712,0.7035058,0.028320909,0.009960158,0.7317991,0.42322975,0.0033399118,0.7363366,0.20527583,0.008188009,0.7377405,0.10214916,0.021284504,0.7436771,0.027287275,0.03510483,0.76513135,0.4548436,0.024963304,0.7695615,0.26685816,0.035277996,0.77058727,0.15811816,0.048198253,0.7711317,0.08333364,0.060962126,0.78193426,0.49388885,0.047476605,0.78780854,0.35246313,0.07117222,0.7901391,0.26793963,0.09036936,0.79084706,0.20462506,0.106066294,1
0.67654604,0.8281445,2.3390075e-07,0.59929276,0.7138497,-0.012588812,0.5811258,0.55889094,-0.017113484,0.59647274,0.40468445,-0.014184858,0.5825567,0.29213965,-0.007101522,0.68741965,0.4131611,-0.019556368,0.69604105,0.20905738,-0.017637048,0.7050934,0.10841322,-0.013701159,0.7166168,0.031176805,-0.0072918166,0.7403637,0.42646906,-0.002536086,0.7454478,0.2094282,-0.0014899595,0.7477939,0.10390115,0.005977459,0.7557158,0.026498526,0.01471775,0.77397686,0.45715114,0.01665372,0.7791497,0.26804084,0.023129592,0.78080034,0.15846339,0.031813648,0.7827138,0.080039054,0.04070514,0.79116595,0.4939246,0.036276195,0.7948699,0.34603703,0.05663554,0.7963918,0.2619841,0.07411224,0.79709285,0.19771898,0.08778776,1
0.6859774,0.8364541,2.6053067e-07,0.606813,0.7233622,-0.01727839,0.5850129,0.5687201,-0.022589896,0.59850305,0.41762137,-0.018389007,0.59240806,0.301242,-0.009322794,0.70088637,0.4145744,-0.02895161,0.7078552,0.20850857,-0.026927048,0.71607137,0.107868075,-0.021431245,0.7278602,0.031451583,-0.013372181,0.75408787,0.43209162,-0.007734698,0.7575952,0.21310738,-0.0076154927,0.75929767,0.1057668,0.0017045412,0.76698786,0.029438853,0.012589839,0.7855247,0.46607324,0.01583653,0.79097843,0.27379665,0.020387175,0.79177016,0.16172028,0.029028377,0.79266006,0.08362305,0.039373595,0.79986864,0.50345784,0.039929025,0.806796,0.35256273,0.058196966,0.80900055,0.2642997,0.07440685,0.81047297,0.19711977,0.08829587,1
0.6856728,0.83669615,2.5745848e-07,0.6073178,0.7218892,-0.013123602,0.587153,0.57046187,-0.016709013,0.6055137,0.41714168,-0.010794993,0.60129786,0.29940104,0.0002205264,0.707942,0.42082754,-0.025166048,0.71670675,0.212907,-0.018927205,0.7256699,0.11348069,-0.009557648,0.7384559,0.038594097,0.0015547102,0.75997555,0.4401386,-0.0018284967,0.7652319,0.21696118,0.0018221264,0.769222,0.112832636,0.0155114615,0.77951914,0.038145036,0.029976198,0.7904443,0.47564852,0.024763254,0.7974452,0.28240705,0.03366054,0.7998813,0.17091784,0.047084875,0.8030443,0.09573275,0.06093228,0.8046772,0.5152936,0.05236339,0.81242704,0.3651493,0.07619092,0.81444925,0.27804047,0.09637926,0.81569344,0.2132258,0.11312471,1
0.684867,0.84285665,2.2826295e-07,0.606771,0.7252125,-0.016134527,0.58830315,0.57307434,-0.022322927,0.60608864,0.4204977,-0.01877048,0.60004705,0.3038484,-0.011071949,0.70482504,0.42506978,-0.035931107,0.7182207,0.2162828,-0.03806528,0.7301047,0.11295298,-0.03513768,0.7445996,0.034077317,-0.028609078,0.758778,0.44647473,-0.014336702,0.7659831,0.22277416,-0.017928613,0.77166927,0.11325571,-0.009457795,0.78284824,0.034368157,0.0007844867,0.79167944,0.48338392,0.010290378,0.80107033,0.28644833,0.012902904,0.8057627,0.17009157,0.020738019,0.81008697,0.08921072,0.03047965,0.8068249,0.52337676,0.03586923,0.814463,0.37220836,0.053121462,0.8171408,0.2824883,0.068453126,0.8201879,0.21600354,0.081608556,1
0.67638063,0.8352158,2.4087822e-07,0.6029861,0.72392315,-0.012020317,0.5841254,0.5692177,-0.017800985,0.6008497,0.415349,-0.016016427,0.5930446,0.29849905,-0.010012047,0.69216555,0.4219261,-0.029700762,0.7114091,0.21260846,-0.0364461,0.7267856,0.10651517,-0.036022224,0.74264956,0.027774125,-0.030667715,0.7459423,0.43859786,-0.014115248,0.7592927,0.2171314,-0.021627693,0.76848245,0.10595256,-0.014612197,0.78125453,0.027436763,-0.0045801294,0.78228384,0.47169137,0.0037079887,0.7923356,0.27776477,0.003049185,0.79945344,0.16382515,0.011216279,0.8065863,0.082297355,0.021750959,0.8023441,0.51251656,0.022359515,0.81086934,0.36243948,0.037781972,0.81554055,0.27530992,0.053957157,0.81961626,0.20975932,0.06808943,1
0.6602095,0.829152,2.7312228e-07,0.5908789,0.71670496,-0.020041069,0.57705545,0.55825853,-0.029088764,0.59426713,0.41016975,-0.03432596,0.5796242,0.30242145,-0.037354413,0.6710397,0.41673923,-0.017174272,0.69321394,0.22017118,-0.029645963,0.7095692,0.11589447,-0.038382594,0.7264106,0.03698638,-0.04242963,0.72370636,0.4292861,-0.012241968,0.74305946,0.22472584,-0.019172689,0.7555753,0.11674774,-0.022939334,0.7706383,0.039067477,-0.024567852,0.7636255,0.46360627,-0.009176267,0.7779801,0.27871695,-0.01173738,0.78725123,0.16811317,-0.010457046,0.7973122,0.084333,-0.009387228,0.7912634,0.51115054,-0.008261108,0.79997545,0.36620158,-0.005767892,0.8058433,0.28254154,0.0009270768,0.8102698,0.2150176,0.0067892913,1
0.64128387,0.82466173,2.449192e-07,0.57412523,0.71437556,-0.012024995,0.5605887,0.54661804,-0.014793774,0.57281697,0.4000401,-0.014686311,0.55218446,0.30458724,-0.0130194565,0.6554977,0.40935498,-0.0069522234,0.6785546,0.21823233,-0.016771527,0.6948991,0.11378044,-0.024801182,0.71096206,0.037162542,-0.02838979,0.70593894,0.42328167,-0.004434042,0.7276177,0.2222795,-0.007963131,0.7413696,0.11726877,-0.0100256875,0.7561454,0.041525215,-0.01038665,0.7457496,0.45620593,-0.0036699472,0.7618236,0.26942044,-0.0042786305,0.7714869,0.16355088,-0.002590551,0.78113204,0.08561218,-0.0009424912,0.77418506,0.50233346,-0.00436707,0.7828769,0.3556934,-0.00088967005,0.7884998,0.27368426,0.0059608985,0.7924787,0.20917176,0.01213798,1
0.6172258,0.8193284,2.7483497e-07,0.53739786,0.70026594,-0.009994617,0.5093356,0.5301076,-0.012041,0.5215699,0.3779798,-0.011156583,0.5243232,0.2991294,-0.0077766767,0.6226283,0.40014157,-0.0033023874,0.65026146,0.21476649,-0.008633113,0.66756207,0.11169639,-0.013050326,0.683072,0.03762728,-0.014653688,0.6793401,0.41640803,-0.00081712415,0.7032281,0.21690716,-0.0012778721,0.71592444,0.11062065,-0.00082983065,0.72875977,0.03353703,0.0007935875,0.7229028,0.4495872,0.0002740744,0.73955643,0.26145697,0.00231331,0.748224,0.15623328,0.0056616967,0.75546193,0.07750884,0.0086755715,0.7531312,0.49755752,1.9921765e-05,0.7661012,0.35324186,0.0057509406,0.77448547,0.27062437,0.013433839,0.78041285,0.20291978,0.020507647,1
0.592801,0.81079566,3.2242352e-07,0.5092628,0.6998919,-0.008600316,0.4746043,0.53733826,-0.012417891,0.4895029,0.38801333,-0.013505115,0.49563417,0.30219722,-0.012745379,0.58365566,0.39767355,-0.013933883,0.61820436,0.19936529,-0.020453805,0.63860726,0.09205943,-0.023671558,0.6552083,0.015509725,-0.023652753,0.64432406,0.41319302,-0.01245478,0.6723169,0.20647815,-0.013447891,0.68503076,0.09446934,-0.0118667595,0.6963822,0.01582995,-0.009192897,0.69297373,0.44739696,-0.011238105,0.7112179,0.25745463,-0.009116779,0.71925044,0.14726844,-0.0047987504,0.7249619,0.06737456,-0.0009929867,0.72835207,0.49539554,-0.010911229,0.745108,0.3485374,-0.0052506444,0.7535372,0.26559716,0.0031844573,0.75770724,0.19889726,0.011309432,1
0.56518006,0.80168337,2.3225e-07,0.49257016,0.6877289,0.0057120128,0.46589583,0.5269559,0.008933315,0.47162914,0.38805383,0.011059392,0.45270073,0.2995147,0.0128131965,0.54988605,0.38378114,0.0007728834,0.5784766,0.18624887,-0.005537176,0.59615856,0.07529059,-0.008917802,0.60947067,-0.0038493872,-0.009592905,0.6081231,0.39466,-0.006826508,0.62914,0.18814005,-0.008537789,0.64006364,0.07425141,-0.010146744,0.6476912,-0.007308215,-0.010469895,0.6581246,0.42747465,-0.014018259,0.6713615,0.23226748,-0.016433287,0.67884505,0.12012756,-0.017386464,0.68122876,0.03843406,-0.017348506,0.69827557,0.47491318,-0.020585302,0.7163924,0.32518744,-0.021826053,0.7257924,0.23859458,-0.018525,0.7301173,0.167113,-0.014247525,1
0.5345385,0.79841983,2.9453037e-07,0.46158203,0.69061536,-0.001786347,0.4313842,0.54004747,-0.0050044465,0.43525374,0.40405497,-0.00830645,0.4177239,0.31276548,-0.011578468,0.51529735,0.37791017,-0.011691993,0.541439,0.17880867,-0.02323681,0.56013936,0.06721309,-0.029790241,0.5756291,-0.013163894,-0.032508686,0.57442474,0.38540798,-0.018251477,0.59450907,0.17882793,-0.023699755,0.6067979,0.06680238,-0.027128302,0.6161699,-0.0135600865,-0.028893368,0.6278919,0.41711292,-0.024853116,0.64090055,0.22564377,-0.029404888,0.6486204,0.11580399,-0.030787628,0.6512319,0.036260545,-0.031374812,0.6736809,0.46762103,-0.031673856,0.69090205,0.31983835,-0.035409342,0.6983341,0.23375459,-0.033169873,0.7010279,0.1621812,-0.029416539,1
0.51002836,0.80789196,2.72226e-07,0.4316585,0.7016733,-0.000771143,0.39943472,0.5457072,-0.0030742963,0.4014061,0.39795497,-0.0051124394,0.37123683,0.30790025,-0.007572125,0.48018283,0.38094723,-0.010314043,0.50455153,0.17414226,-0.019210525,0.52269775,0.06385428,-0.023538338,0.53769994,-0.015639544,-0.02511117,0.5397571,0.38716304,-0.01595642,0.5576689,0.17640795,-0.018422414,0.56956005,0.07114816,-0.02022626,0.5790273,-0.0006029606,-0.021589002,0.59358037,0.41874576,-0.021533737,0.6047487,0.22234397,-0.024547469,0.6110745,0.11267844,-0.02755295,0.6129748,0.036592662,-0.030211756,0.64165443,0.46604738,-0.026848974,0.6584953,0.3121994,-0.030849382,0.6657022,0.22433878,-0.03105713,0.6681112,0.15242654,-0.02978383,1
0.48038703,0.8010026,2.9368758e-07,0.398412,0.70060885,0.002140487,0.36285585,0.55304366,0.0023301172,0.36083078,0.40938568,0.0033473442,0.3313899,0.31936914,0.0047539743,0.44346112,0.3770251,-0.005788719,0.46335933,0.16433617,-0.010271719,0.4791755,0.05407378,-0.010466065,0.49322903,-0.026136965,-0.008598154,0.50438434,0.38112995,-0.008931476,0.5228757,0.17100766,-0.0051803854,0.5345557,0.07006255,-0.0019609102,0.54490083,-6.684661e-05,0.00014798268,0.5588388,0.40855452,-0.011668769,0.5716678,0.21834871,-0.006980941,0.57816255,0.11289418,-0.0046618623,0.58233005,0.036907524,-0.004399292,0.6057264,0.44975263,-0.014096067,0.61892873,0.3035611,-0.010738948,0.62632215,0.21898256,-0.006732498,0.6306862,0.14696977,-0.0026821787,1
0.4539255,0.8136598,2.2997743e-07,0.36202127,0.7065406,0.0063953088,0.3222183,0.55891865,0.005783884,0.31825322,0.40700132,0.0066898996,0.28385103,0.32227847,0.008529787,0.40885267,0.38327783,-0.014041677,0.42758092,0.17281532,-0.017011723,0.44266814,0.063038856,-0.011987614,0.45678955,-0.014950424,-0.005273089,0.4835177,0.38973472,-0.016206518,0.49729928,0.17850721,-0.012835905,0.50536513,0.07639879,-0.0014937065,0.5129671,0.0037069619,0.008531331,0.54724663,0.42399395,-0.015966393,0.5572756,0.23987305,-0.009601013,0.55880564,0.1426341,0.0036924707,0.55760324,0.07658261,0.013427786,0.596207,0.47822514,-0.014663542,0.598314,0.3455493,-0.004893353,0.5919321,0.28024203,0.00986293,0.5845658,0.23403491,0.02307344,1
0.41662773,0.8174396,2.1901141e-07,0.32937285,0.70995474,0.012028136,0.28870732,0.552256,0.013952065,0.28039166,0.39996365,0.01512838,0.24163923,0.32420567,0.015875967,0.35450652,0.3957778,-0.0069734496,0.37545893,0.1853508,-0.012909797,0.3939638,0.075950384,-0.012416056,0.41013214,0.0010943115,-0.0090223495,0.42540035,0.39904943,-0.013756341,0.44817322,0.18450814,-0.0069207004,0.46285263,0.07932946,0.0014997832,0.47449765,0.005776912,0.006610432,0.48987064,0.42643422,-0.018685032,0.50924516,0.24538174,-0.008508306,0.5202507,0.15091646,-0.000759469,0.5245425,0.08819306,0.0016411368,0.5421991,0.4716022,-0.022617912,0.55373675,0.34755316,-0.013063026,0.55855376,0.27485716,-0.004765992,0.5576652,0.21733616,0.0013091026,1
0.39300594,0.8240678,3.04391e-07,0.30490223,0.72184527,0.010171263,0.2583882,0.565007,0.011214375,0.24370927,0.41190556,0.011641451,0.2039719,0.3352099,0.011586608,0.317456,0.40730438,-0.009961245,0.3334294,0.1909071,-0.016325422,0.3505059,0.07855424,-0.014765615,0.36753893,0.0021958053,-0.010653174,0.38852385,0.40690124,-0.017547384,0.40656954,0.1895614,-0.013668285,0.42381394,0.08106905,-0.0073462087,0.44023502,0.0047106147,-0.0035247107,0.45433027,0.43147403,-0.023268392,0.47038296,0.24779443,-0.017797511,0.48469737,0.15300998,-0.012358162,0.4937126,0.087982774,-0.010720224,0.5095235,0.47308823,-0.027694752,0.51723623,0.33750919,-0.02251948,0.5248408,0.25983405,-0.01566962,0.5282069,0.19699942,-0.010153328,1
0.36910483,0.8304578,3.951538e-07,0.2765863,0.7300644,0.010640571,0.22588739,0.5723812,0.012059386,0.20634368,0.42007136,0.0126935495,0.16534722,0.3435921,0.01249116,0.28055292,0.4187965,-0.010788825,0.29577708,0.1985182,-0.016802553,0.31018192,0.08348951,-0.013796139,0.32359865,0.0035303533,-0.008578161,0.3514626,0.4199974,-0.019748094,0.3716668,0.19839182,-0.017961128,0.39085785,0.08686283,-0.011252491,0.4079254,0.0095228255,-0.006412854,0.41813868,0.44482785,-0.026905756,0.43429402,0.25610796,-0.02448368,0.45105508,0.16071483,-0.018811066,0.4620089,0.095375925,-0.01583251,0.4735931,0.48468184,-0.032519758,0.4789281,0.33810842,-0.029325128,0.48899522,0.25668964,-0.021980539,0.4970299,0.19207075,-0.0156173175,1
0.3418364,0.8439119,3.2351358e-07,0.24891672,0.7399766,0.017045038,0.19452778,0.5821302,0.024398424,0.17238557,0.42763838,0.030048575,0.13137817,0.3531358,0.03543758,0.25070032,0.41852728,0.009176945,0.26224902,0.21146756,0.011132239,0.27765548,0.10652843,0.017492888,0.29159707,0.032130986,0.023769205,0.32079652,0.41527835,-0.0014248391,0.33649364,0.20336215,0.0064177765,0.35435972,0.10003576,0.01413248,0.36953154,0.026878715,0.019192511,0.3859697,0.4406061,-0.010515727,0.40202433,0.25755197,-0.00518646,0.4176133,0.16256925,1.4913542e-05,0.42719698,0.09445074,0.0026961036,0.44291282,0.48375756,-0.017483596,0.4474023,0.32899618,-0.0134301605,0.45297316,0.24025947,-0.0066252965,0.45722666,0.16497874,-0.00069527107,1
0.3163221,0.85192233,2.774477e-07,0.22544393,0.743932,0.02515443,0.16947308,0.58675736,0.03306854,0.14425011,0.43575123,0.03723085,0.10098712,0.36802822,0.039648872,0.2139821,0.4352066,0.0063587716,0.22373477,0.22235192,0.004743895,0.23918048,0.113031924,0.009428357,0.25292912,0.036684245,0.014458179,0.27996176,0.42608094,-0.010171367,0.29157877,0.2056129,-0.0053302962,0.3084018,0.09969264,0.0020117846,0.3236102,0.031758845,0.0071673165,0.34679988,0.44545966,-0.024082707,0.3567997,0.24298528,-0.020964395,0.36882076,0.14279214,-0.016196007,0.37613574,0.07400441,-0.013759585,0.41182694,0.48527336,-0.03500596,0.4167412,0.311687,-0.034141846,0.42111063,0.2200313,-0.028739505,0.4235058,0.14319316,-0.023211809,1
0.28521156,0.8641614,3.0758002e-07,0.19566315,0.7296191,0.024501514,0.13684052,0.5648566,0.029252913,0.10395527,0.42926702,0.030831784,0.059331834,0.3756636,0.030086683,0.18155771,0.44816312,-0.010731625,0.19118986,0.23358048,-0.02032361,0.2052656,0.11147162,-0.019262375,0.21810985,0.026736617,-0.016498182,0.251119,0.44883195,-0.029747503,0.26515585,0.22189993,-0.03349791,0.28356943,0.108430445,-0.02901907,0.301072,0.03390506,-0.025722496,0.3239269,0.47000635,-0.044964336,0.33334333,0.25567713,-0.047588628,0.34377533,0.14917055,-0.042832293,0.3506448,0.071807265,-0.040195692,0.39628375,0.509387,-0.056941625,0.3970093,0.32477903,-0.061017662,0.39523512,0.22791591,-0.056329947,0.39192623,0.14640409,-0.05111052,1
0.26424032,0.868232,2.930826e-07,0.17237708,0.7379801,0.025545565,0.113468915,0.57207996,0.03142145,0.07956882,0.4375341,0.034179375,0.034405425,0.384371,0.034980457,0.15177508,0.45756975,-0.007770129,0.16003808,0.2366128,-0.015150187,0.1728766,0.113113075,-0.0118242605,0.18265508,0.030165017,-0.0072047487,0.22036436,0.45649934,-0.025756935,0.23310451,0.22540873,-0.027274631,0.24915697,0.11324051,-0.020143779,0.26210666,0.04147598,-0.014633001,0.2932122,0.47359312,-0.04002095,0.29920557,0.25650015,-0.039817654,0.30732712,0.1468035,-0.03352355,0.31153494,0.069672704,-0.030114956,0.3657314,0.5070063,-0.050967503,0.36465517,0.32678264,-0.05318411,0.36214995,0.22933696,-0.047936227,0.35710248,0.14984342,-0.042424593,1
0.2480619,0.8652007,3.9506156e-07,0.15391922,0.7335751,0.018768849,0.092041925,0.56368643,0.019259755,0.047920868,0.42956126,0.018092189,-0.004250571,0.3916383,0.01495436,0.12796855,0.46780506,-0.019623876,0.13674016,0.24492064,-0.027728792,0.14602506,0.12565276,-0.023838734,0.15171087,0.043568403,-0.019020032,0.19617976,0.46655637,-0.03514506,0.20638366,0.23165263,-0.037127938,0.21719478,0.11547282,-0.030206686,0.22400914,0.0378882,-0.02567419,0.266458,0.48197365,-0.046828795,0.27145323,0.26392418,-0.04719334,0.27805552,0.14881814,-0.042854134,0.27919322,0.06540164,-0.04144518,0.33359492,0.51221526,-0.055437047,0.33336285,0.33158767,-0.05640068,0.33300942,0.23174442,-0.05121092,0.3287752,0.14846277,-0.046736605,1
0.23044792,0.86052024,4.7269907e-07,0.13196217,0.734602,0.017023511,0.06784193,0.5637976,0.014025138,0.020310566,0.42942983,0.009838172,-0.036452442,0.3989229,0.0031507197,0.10024279,0.47282362,-0.032089498,0.10914792,0.24285923,-0.043758266,0.122938424,0.12373003,-0.04147749,0.13214192,0.04476559,-0.03761943,0.17049524,0.4732771,-0.048374623,0.18218428,0.2267485,-0.054169156,0.19299965,0.11013484,-0.047796555,0.19746068,0.039229065,-0.043389514,0.24348137,0.4890309,-0.06029601,0.25032023,0.25548828,-0.06336574,0.25544384,0.13498047,-0.059582483,0.25368702,0.05070424,-0.058562104,0.3139862,0.52027166,-0.068928435,0.31598142,0.3306033,-0.072601736,0.31438327,0.22829065,-0.06838751,0.30679455,0.14385062,-0.06455962,1
0.21528877,0.8535154,5.817123e-07,0.117208526,0.737071,0.015196629,0.05061342,0.5786694,0.00767129,0.003600046,0.44280025,-0.00075736124,-0.050180405,0.3937232,-0.012126375,0.082683764,0.46986172,-0.043538027,0.08796436,0.23737794,-0.06254318,0.09975887,0.111196846,-0.065710954,0.10900379,0.024489045,-0.06516796,0.15066776,0.46899834,-0.061612103,0.16093072,0.21266198,-0.07437801,0.17097011,0.084572375,-0.07147854,0.17721984,0.006125927,-0.06913242,0.22236386,0.4856652,-0.07513293,0.22860685,0.23741695,-0.08416378,0.23217541,0.10739997,-0.082615755,0.230338,0.017519593,-0.08266329,0.29316124,0.5210398,-0.085263595,0.29850584,0.32830966,-0.09356243,0.2947107,0.22400239,-0.09070458,0.28537673,0.13952139,-0.087263495,1
0.20304164,0.85227835,5.8219564e-07,0.10526076,0.7422339,0.019376587,0.037520513,0.5911185,0.013181225,-0.007982463,0.45502254,0.00520791,-0.056464016,0.39019418,-0.0054313815,0.06469723,0.47219053,-0.04062279,0.07141049,0.23378994,-0.058245786,0.08585591,0.11248526,-0.05938185,0.09690622,0.032349527,-0.057326682,0.1314087,0.47051537,-0.06066518,0.14199094,0.21013692,-0.07391053,0.15211022,0.08420122,-0.069357455,0.15708736,0.0065364838,-0.06508841,0.20243435,0.48723695,-0.07590041,0.20886911,0.23382309,-0.08560156,0.21318571,0.10269129,-0.08193511,0.21046019,0.009537786,-0.07995127,0.27391672,0.52382815,-0.087384626,0.2802591,0.32721162,-0.09583049,0.2769848,0.22426012,-0.09078921,0.2673421,0.13994572,-0.08506741,1
0.19333081,0.85005844,6.5702835e-07,0.0995587,0.7387674,0.020640895,0.03187997,0.5947518,0.014031221,-0.0112660825,0.4642371,0.0053437026,-0.0497697,0.38909104,-0.006298165,0.048852764,0.47924128,-0.04561338,0.058377787,0.23616074,-0.06641458,0.072190605,0.11094865,-0.069531605,0.08238536,0.027047098,-0.06874649,0.11456329,0.476109,-0.06738303,0.1282963,0.20048317,-0.08459637,0.1372002,0.061913848,-0.082842946,0.14080551,-0.027956158,-0.08012919,0.18563499,0.48944312,-0.08390377,0.19358213,0.22224706,-0.0972269,0.19641452,0.08225188,-0.09706009,0.19133537,-0.019677281,-0.097086154,0.25842214,0.5220307,-0.096310854,0.26708978,0.3228473,-0.10780055,0.26231068,0.21934164,-0.105195604,0.25074914,0.13296124,-0.10099024,1
0.1852553,0.8421278,7.4967545e-07,0.09088979,0.7312987,0.02034837,0.02226483,0.58704734,0.013175917,-0.01709874,0.44554108,0.004716952,-0.049232185,0.35736904,-0.0068666544,0.03446936,0.47821465,-0.05439135,0.044461936,0.22423826,-0.076432206,0.059831813,0.09224203,-0.07912762,0.070109345,0.003356427,-0.07765468,0.10306954,0.4750614,-0.07531712,0.11595012,0.18613991,-0.09241801,0.12672046,0.038870424,-0.08919143,0.13197175,-0.05364734,-0.08538752,0.17630921,0.48862016,-0.09020991,0.18038917,0.21705373,-0.102486975,0.18320705,0.0780448,-0.10004622,0.17740573,-0.019761086,-0.09855635,0.2500913,0.5221403,-0.10092624,0.25663254,0.31977987,-0.11226045,0.2501139,0.2156845,-0.10882287,0.23665066,0.13120511,-0.103713095,1
0.1827605,0.8484751,6.5505947e-07,0.089022085,0.7293949,0.028975774,0.020133004,0.5912683,0.025928063,-0.022074074,0.4533549,0.021454211,-0.05812581,0.37213045,0.013710663,0.03284107,0.47622368,-0.056873206,0.04230328,0.22776768,-0.0756307,0.056349523,0.09656915,-0.07224114,0.06385528,0.009981662,-0.066353366,0.1004768,0.47577587,-0.07876786,0.10932007,0.1913299,-0.096490964,0.11923275,0.04454872,-0.08972929,0.12338395,-0.04892811,-0.08298142,0.17296286,0.48882285,-0.09286854,0.17443722,0.22512747,-0.106742926,0.17632419,0.08781627,-0.1023809,0.16986783,-0.007381439,-0.098524764,0.24578461,0.52150106,-0.101455025,0.25319082,0.31821713,-0.11120335,0.24524671,0.21684441,-0.1058456,0.23073412,0.13709101,-0.09937763,1
0.18504232,0.84999985,5.84553e-07,0.086798295,0.72870684,0.03753241,0.017813392,0.5966452,0.037086267,-0.02125065,0.4585826,0.035056062,-0.054276556,0.37616572,0.029701177,0.031002797,0.4786197,-0.060304187,0.042374566,0.23224804,-0.07372573,0.05804938,0.10310361,-0.06288365,0.066037856,0.01902458,-0.05206274,0.09936249,0.47461766,-0.084041215,0.11161542,0.19329762,-0.09897031,0.120916605,0.05126974,-0.08698821,0.12366191,-0.03827077,-0.0768492,0.17275524,0.4849553,-0.09798201,0.17561089,0.22590019,-0.1077186,0.17716125,0.08913496,-0.09920436,0.17077512,-0.0067638755,-0.09363243,0.24597088,0.5171049,-0.1053926,0.25235575,0.32034466,-0.111588135,0.24443442,0.21764396,-0.103929214,0.23100181,0.13545504,-0.09646274,1
0.18832864,0.8482482,5.622193e-07,0.092061974,0.7327926,0.038798936,0.027167648,0.6002395,0.04052124,-0.0066636205,0.46151105,0.039539788,-0.03215696,0.3779682,0.034970097,0.036613494,0.4778542,-0.050882094,0.046194643,0.22901194,-0.061693538,0.061360456,0.10205799,-0.050340947,0.06965612,0.02165386,-0.039545614,0.10409346,0.47320956,-0.0759057,0.11432703,0.19122967,-0.0886836,0.122902215,0.05141422,-0.07712717,0.12490093,-0.03643182,-0.067164846,0.17685814,0.485388,-0.09173853,0.17806019,0.22326002,-0.10111529,0.17887771,0.08787161,-0.093419574,0.1714078,-0.006330222,-0.08817149,0.2495327,0.51994604,-0.101093136,0.25441933,0.32053646,-0.10746242,0.24629417,0.2177735,-0.0998022,0.23244545,0.1364159,-0.09220336,1
0.19039154,0.85529125,6.0132646e-07,0.09842883,0.73534656,0.033685524,0.03725089,0.59883,0.034388803,0.008726314,0.46040615,0.031819854,-0.010634601,0.38060135,0.025889881,0.04312869,0.47603506,-0.039175075,0.052257165,0.22822225,-0.054799106,0.06488324,0.09850684,-0.05264385,0.07175819,0.011551738,-0.04814395,0.11022495,0.47178176,-0.063715495,0.118405685,0.19099942,-0.07802042,0.12624031,0.044556916,-0.07283152,0.12852637,-0.051208526,-0.06720918,0.18229234,0.4860111,-0.08115819,0.18291259,0.22338554,-0.09294017,0.1836015,0.083146006,-0.08960944,0.17634821,-0.017237097,-0.08650188,0.25576764,0.52236986,-0.093048714,0.26038146,0.3205575,-0.100936815,0.25182825,0.21875858,-0.0944405,0.23721872,0.13725987,-0.087204754,1
0.19592217,0.8511121,6.017748e-07,0.100718506,0.7370572,0.029129086,0.036491603,0.5923964,0.027372822,-7.537007e-05,0.44907475,0.023481717,-0.041437104,0.3755234,0.016162585,0.051898092,0.4801255,-0.04832938,0.057868622,0.22555685,-0.06497867,0.070272855,0.09663379,-0.062027544,0.077483,0.01095596,-0.056564156,0.11813997,0.47542587,-0.07022161,0.12453495,0.18768674,-0.083184734,0.13335255,0.046811014,-0.07437971,0.13672312,-0.040855587,-0.06670744,0.189415,0.48875383,-0.08510758,0.18985495,0.21656722,-0.09441566,0.19211796,0.08155897,-0.08793744,0.18614683,-0.010151207,-0.08359041,0.26140454,0.52382636,-0.09501047,0.2675503,0.3185727,-0.10178377,0.26051122,0.21534912,-0.0952159,0.24645081,0.13433498,-0.08844277,1
0.20056461,0.85131454,5.368019e-07,0.10553372,0.7382935,0.034946486,0.040763736,0.59804606,0.037228197,0.008249745,0.45435983,0.036166977,-0.025795236,0.3814589,0.031827096,0.05668337,0.4757339,-0.037915293,0.06439573,0.22408897,-0.04986592,0.077149846,0.098109156,-0.043377507,0.0846794,0.016364962,-0.03558292,0.123147696,0.47040358,-0.06144936,0.13186085,0.19054341,-0.07177794,0.14095359,0.053413868,-0.061059345,0.14437743,-0.032105267,-0.05162556,0.19448298,0.4839268,-0.07776123,0.19614619,0.22031926,-0.08467373,0.19824637,0.085713536,-0.076817304,0.19198325,-0.008722186,-0.07135349,0.26616657,0.52023447,-0.08867746,0.2723469,0.31710064,-0.09221556,0.26611608,0.21540493,-0.083234444,0.25327033,0.13495776,-0.07479623,1
0.20475796,0.85036373,5.8477485e-07,0.10698491,0.7345419,0.031939164,0.039691746,0.58756566,0.032075003,0.001593262,0.44024727,0.029813133,-0.044095695,0.37408528,0.024059156,0.05922529,0.47802645,-0.044809375,0.07004535,0.22474675,-0.058232427,0.08315589,0.09651503,-0.052218117,0.09052775,0.012062103,-0.044788443,0.12628323,0.47376555,-0.06731895,0.13924587,0.18734908,-0.077772304,0.1504148,0.047610015,-0.06645255,0.1552273,-0.038723648,-0.057227932,0.19814685,0.48723772,-0.08251201,0.20163924,0.21715938,-0.08922903,0.20520148,0.08454162,-0.0805328,0.19981171,-0.0069328845,-0.07508819,0.27010283,0.5220745,-0.09253679,0.2767072,0.31460053,-0.09674678,0.2712441,0.21238041,-0.0881549,0.25872797,0.13106671,-0.08029583,1
0.20534748,0.8518847,6.2901785e-07,0.11143555,0.740909,0.029431755,0.045614265,0.58971226,0.027994655,0.008281529,0.4396414,0.0241007,-0.041348934,0.38270104,0.016141439,0.065608874,0.47723365,-0.046729706,0.072463855,0.21879733,-0.06218341,0.08537247,0.087278575,-0.05780318,0.09368558,0.0006028712,-0.051403992,0.13183641,0.4728524,-0.06979624,0.14340654,0.1825108,-0.08335147,0.15452935,0.034541547,-0.07460821,0.16013923,-0.058458507,-0.066822454,0.20281819,0.48794332,-0.085860275,0.20592178,0.21590532,-0.09499637,0.20929031,0.07702607,-0.08839954,0.20412235,-0.021542877,-0.084314264,0.2735942,0.52477264,-0.09693791,0.27920854,0.3160321,-0.102939285,0.2740452,0.21098593,-0.095451236,0.2619094,0.12708429,-0.088602774,1
0.20736086,0.857486,5.742589e-07,0.11479388,0.73993844,0.033407602,0.050404377,0.5867133,0.033286314,0.012205929,0.43780154,0.030020561,-0.038999334,0.38161302,0.022454657,0.06833313,0.47659767,-0.044463716,0.07533782,0.21879214,-0.060150217,0.08854346,0.08764523,-0.05661804,0.09636087,-0.00040239096,-0.05089804,0.13399108,0.4761088,-0.06861878,0.14670008,0.18667784,-0.08088432,0.15978765,0.04297915,-0.07128096,0.16658314,-0.046609163,-0.06335323,0.20491764,0.49334237,-0.085468724,0.20907584,0.21897802,-0.093942545,0.21342221,0.08199695,-0.08648176,0.20902991,-0.01356402,-0.081922054,0.2756517,0.53036004,-0.096980214,0.28270304,0.3180314,-0.102069296,0.27776182,0.21366702,-0.09377488,0.26537526,0.13081199,-0.086460546,1
0.2067067,0.86024666,5.815379e-07,0.11310056,0.7432441,0.030955013,0.048738137,0.5842836,0.03017647,0.009752959,0.42992607,0.027005944,-0.043898046,0.37581435,0.019268595,0.06870366,0.47543016,-0.045573868,0.07846442,0.2210483,-0.060893383,0.09167875,0.089124024,-0.057384796,0.10002567,-0.001311779,-0.052126113,0.1354632,0.4723806,-0.06900321,0.14915851,0.18164662,-0.0806042,0.16123918,0.032983094,-0.07150496,0.16779913,-0.061685175,-0.064319305,0.20672353,0.48984388,-0.08533256,0.21226396,0.21204256,-0.09364704,0.2174332,0.069621325,-0.08815176,0.21395756,-0.032727867,-0.08548005,0.27760226,0.5297394,-0.09638717,0.2854736,0.31912947,-0.10265864,0.2810941,0.2130532,-0.09671709,0.26917455,0.12720543,-0.09149733,1
0.21093515,0.86289024,5.172573e-07,0.117440775,0.7475797,0.03465302,0.056190364,0.59184897,0.037912134,0.021102607,0.4403728,0.037839618,-0.027623728,0.386086,0.03373808,0.07133712,0.47618333,-0.032725863,0.08069206,0.22745624,-0.04477984,0.0929158,0.09982464,-0.039958317,0.10063012,0.013860971,-0.03385898,0.13765152,0.47043982,-0.057081535,0.14832571,0.18623123,-0.06701708,0.15846278,0.040777594,-0.058298558,0.16322006,-0.053367943,-0.05089409,0.20814073,0.48633167,-0.07472184,0.21321866,0.21347713,-0.08258764,0.21791159,0.07276881,-0.07759175,0.21433517,-0.030009896,-0.07464352,0.27895078,0.525919,-0.08695213,0.2865547,0.3177053,-0.09306171,0.2828074,0.21431181,-0.08697875,0.27112472,0.12986061,-0.08119923,1
0.21035305,0.8594502,5.3004516e-07,0.114789836,0.74671483,0.029386751,0.052347466,0.5857732,0.02903491,0.013143763,0.42891315,0.026661824,-0.03974375,0.3704323,0.020449936,0.073421374,0.4739526,-0.043838464,0.08172568,0.21897781,-0.0568839,0.09383226,0.09132147,-0.051250316,0.10077108,0.005773455,-0.044400048,0.1405094,0.47042584,-0.06570601,0.1500612,0.1845214,-0.07465236,0.1587796,0.044630975,-0.0635148,0.16178176,-0.043683857,-0.055101633,0.2116903,0.4870019,-0.08075321,0.2150801,0.21386434,-0.08699616,0.21892402,0.0783287,-0.07964318,0.21464302,-0.017672002,-0.075788364,0.2820468,0.52481896,-0.090811044,0.28846923,0.3150853,-0.09618533,0.2847556,0.21003535,-0.08970834,0.27287468,0.12513086,-0.08391377,1
0.2143909,0.859403,5.2191336e-07,0.11999041,0.74313784,0.033530287,0.057862826,0.58401996,0.03379632,0.020403698,0.42864338,0.031265315,-0.033780664,0.37662846,0.02436717,0.07510624,0.4738348,-0.04110372,0.08441279,0.2179061,-0.054079663,0.09633755,0.08857161,-0.049315687,0.10281577,-0.00036549568,-0.043289937,0.14230591,0.4694451,-0.06484922,0.15288,0.18202314,-0.073300675,0.16247864,0.03876081,-0.06224671,0.16609839,-0.05274248,-0.054073807,0.21392219,0.4867429,-0.081317574,0.21820478,0.2108139,-0.0868379,0.22283289,0.07282147,-0.07877283,0.21880494,-0.025960445,-0.07477485,0.28510308,0.52655977,-0.09238181,0.29110992,0.31640854,-0.09579473,0.2873308,0.21292122,-0.0872353,0.2752069,0.12969479,-0.0803817,1
0.2164751,0.85530555,6.0664723e-07,0.12243144,0.7361164,0.02506115,0.0574063,0.5744083,0.019266076,0.015153095,0.42131954,0.0122599155,-0.042400315,0.3667376,0.0012901294,0.07782623,0.47627398,-0.05596823,0.08438171,0.2166298,-0.07585605,0.097611666,0.08171794,-0.07546886,0.106076494,-0.011802465,-0.07150325,0.14507845,0.4776742,-0.07680625,0.15723522,0.18846384,-0.08960787,0.1682005,0.044145882,-0.08003564,0.17297062,-0.046614796,-0.07299653,0.21781534,0.49490076,-0.09082121,0.22275233,0.21791811,-0.0993523,0.22783832,0.077990234,-0.09225991,0.22472171,-0.019599736,-0.088772744,0.28843063,0.52950865,-0.1000643,0.29527342,0.3187014,-0.105442286,0.29155645,0.21375006,-0.09799606,0.27988625,0.13101336,-0.09191584,1
0.222956,0.85937893,6.5036323e-07,0.12904593,0.74060535,0.017656991,0.062085018,0.5742908,0.009844117,0.0210201,0.42374724,0.0011861131,-0.036234424,0.37259558,-0.011357089,0.08258151,0.47232586,-0.055520482,0.08696925,0.21908894,-0.08006793,0.096694686,0.07723972,-0.08561929,0.10246631,-0.026059091,-0.08644698,0.15010574,0.47326973,-0.07609103,0.16439971,0.19307405,-0.093995176,0.17599648,0.041043997,-0.09108652,0.18166193,-0.06104657,-0.08862392,0.223669,0.49200314,-0.09112661,0.22647037,0.22447538,-0.10455741,0.23036617,0.083930165,-0.10192279,0.22675106,-0.018761128,-0.10114212,0.29539993,0.52845323,-0.10235812,0.2992616,0.3253952,-0.11419184,0.294177,0.21871695,-0.1112027,0.28345513,0.13175645,-0.107755065,1
0.23423383,0.86236376,6.296887e-07,0.13793713,0.7405644,0.014462688,0.06949615,0.571604,0.0058180243,0.025176346,0.42547736,-0.0036157724,-0.03187552,0.37511238,-0.016663563,0.09048258,0.47585487,-0.052864816,0.093313895,0.22561918,-0.0769728,0.1028144,0.086737365,-0.08267285,0.10931484,-0.013460308,-0.08369214,0.15861233,0.47405365,-0.072441295,0.16918048,0.1976001,-0.08960468,0.17962897,0.04957503,-0.08761221,0.18530418,-0.04861498,-0.08593976,0.23252007,0.49091446,-0.08714224,0.23307157,0.22722124,-0.099873126,0.23605937,0.08900216,-0.097761326,0.23246746,-0.011421055,-0.097716674,0.3046773,0.52562565,-0.09854958,0.30562833,0.32723877,-0.11071207,0.2997009,0.22021286,-0.10866374,0.28887624,0.13263458,-0.10603428,1
0.24323659,0.86684,5.373746e-07,0.14722088,0.73795295,0.015497862,0.07726236,0.5635698,0.008271417,0.028458595,0.41834715,0.00071215327,-0.030776277,0.3791746,-0.009891086,0.098961286,0.47923255,-0.051295336,0.105295144,0.23257174,-0.07107863,0.11672865,0.10256085,-0.07310593,0.12398414,0.013481855,-0.07183155,0.16918433,0.48162735,-0.06933182,0.1786215,0.21063545,-0.08272978,0.18719184,0.07665333,-0.07741396,0.189569,-0.0054142475,-0.0736623,0.24503434,0.49807337,-0.08201428,0.24638507,0.23759449,-0.09098865,0.24840365,0.10775119,-0.085165076,0.24265136,0.019297153,-0.08268767,0.31851006,0.5289907,-0.091260605,0.31825143,0.32715088,-0.09995147,0.31166792,0.2203409,-0.095375136,0.29914895,0.13600647,-0.09101995,1
0.2542344,0.8761281,5.2795184e-07,0.15669076,0.753284,0.016598202,0.090107165,0.5826331,0.011181419,0.046532393,0.43535742,0.005377162,-0.009329736,0.38662267,-0.0034999666,0.1133486,0.48579025,-0.047413353,0.122873046,0.24187958,-0.0670636,0.13428496,0.1121417,-0.0690935,0.14216587,0.022215962,-0.06744746,0.18402654,0.483472,-0.0659072,0.19311535,0.21205384,-0.07966413,0.20127591,0.07056856,-0.07520597,0.20493364,-0.019027054,-0.07150242,0.25919253,0.50005364,-0.07923449,0.25993368,0.2423973,-0.08931719,0.2629561,0.1107606,-0.08485959,0.2588316,0.017448485,-0.08268669,0.33118415,0.5351134,-0.08895665,0.33091038,0.33633357,-0.09900912,0.3242547,0.22971202,-0.09534448,0.3120392,0.14489028,-0.09113657,1
0.26243043,0.8890648,5.4319787e-07,0.16548462,0.7694501,0.023778627,0.10304971,0.607306,0.022255251,0.07009269,0.46462265,0.01866208,0.022905976,0.40486938,0.011718169,0.12485894,0.49495414,-0.039493825,0.13299778,0.24818738,-0.058435984,0.14533031,0.11643252,-0.059927545,0.15507382,0.025846452,-0.05739103,0.19547388,0.49200815,-0.061860364,0.20435105,0.21095666,-0.07599713,0.21433717,0.060105413,-0.07240311,0.2211844,-0.038279414,-0.06829349,0.27011788,0.5097355,-0.07881347,0.27060288,0.24376212,-0.08947411,0.27295572,0.10385355,-0.087101884,0.26875985,-1.8566847e-05,-0.085769534,0.3419572,0.54835707,-0.09148025,0.34134644,0.34561956,-0.1023189,0.33502114,0.23777424,-0.099390894,0.32485414,0.14967725,-0.09514177,1
0.26941186,0.9074644,5.800375e-07,0.17366543,0.79139036,0.017351074,0.1122546,0.6249214,0.011864647,0.08104731,0.4792789,0.00551163,0.031771213,0.41690093,-0.0036903925,0.13416576,0.50767547,-0.04683307,0.14178178,0.2559622,-0.06925011,0.15400866,0.11814976,-0.07451073,0.16339421,0.021229982,-0.07469949,0.2052837,0.5091547,-0.067000285,0.21403335,0.22775269,-0.083430536,0.22256652,0.0759466,-0.08267065,0.22706458,-0.024282515,-0.08107121,0.27959087,0.52865905,-0.08212425,0.27972287,0.26106364,-0.09459824,0.28144145,0.11490598,-0.09464993,0.27797937,0.00745669,-0.09528198,0.3510974,0.56594324,-0.09354434,0.35184324,0.3637279,-0.1059787,0.3468549,0.25352424,-0.10471466,0.33806866,0.16269705,-0.101806864,1
0.27477705,0.92876923,5.5199035e-07,0.17871141,0.8103163,0.019214446,0.117390245,0.6409137,0.0145136975,0.08661768,0.49211255,0.008864994,0.0355476,0.42872694,0.00056018133,0.14070085,0.52510387,-0.04659347,0.14815883,0.26795965,-0.06966896,0.1614855,0.128194,-0.07520986,0.17195061,0.02967918,-0.075222306,0.21291624,0.52832043,-0.0668013,0.22397295,0.2401233,-0.082952134,0.2351615,0.08612108,-0.08085099,0.24215886,-0.015355527,-0.078270786,0.2880226,0.54710525,-0.081863165,0.29071045,0.2721632,-0.09375483,0.29438776,0.12283048,-0.09273533,0.29278105,0.014231682,-0.09257962,0.36040798,0.582003,-0.09309253,0.36252838,0.37291995,-0.10445288,0.35735604,0.2635253,-0.102246456,0.34781057,0.17558211,-0.09872391,1
0.27977657,0.94605374,4.895869e-07,0.18256105,0.8254924,0.022157343,0.12209354,0.6521373,0.01945258,0.09129709,0.4995557,0.015975617,0.039282873,0.43334967,0.009684339,0.14692464,0.5377064,-0.0461565,0.15247382,0.27864605,-0.06743325,0.1645579,0.13849786,-0.07134702,0.17387432,0.03849128,-0.07048397,0.2207881,0.5420619,-0.06638283,0.2280995,0.25223595,-0.080356546,0.23674035,0.10238245,-0.07648408,0.24128547,0.003750205,-0.07313564,0.2974698,0.56274456,-0.080860555,0.29886118,0.2837819,-0.09153811,0.30060947,0.13808951,-0.08907989,0.29734728,0.032839924,-0.08817864,0.3710261,0.5993548,-0.091010585,0.37115785,0.38630974,-0.10193473,0.365485,0.27766916,-0.09899772,0.3551174,0.18923026,-0.094987094,1
0.2896693,0.9598979,5.177075e-07,0.19013472,0.8403994,0.019662257,0.1275039,0.66511834,0.013897122,0.09421666,0.5107217,0.0076180347,0.03940876,0.44396335,-0.0014606274,0.15228051,0.5522424,-0.05359311,0.15563884,0.28747353,-0.07815547,0.16844285,0.14516866,-0.083818175,0.1793116,0.044222564,-0.083649844,0.2270165,0.55662465,-0.07338318,0.23301029,0.2647935,-0.09107837,0.24231626,0.11643317,-0.088234365,0.24720904,0.021435142,-0.085053176,0.30400133,0.5758028,-0.08741504,0.30470592,0.29689002,-0.10138848,0.30585676,0.14917976,-0.100347854,0.3016274,0.04505965,-0.09974521,0.3777383,0.6088297,-0.09706685,0.3780285,0.3935166,-0.1090411,0.37286747,0.28353646,-0.106271654,0.3619324,0.1957252,-0.102276914,1
0.2972535,0.9719645,5.5117465e-07,0.19610438,0.8522109,0.017423693,0.13238218,0.6732933,0.0108419815,0.09935503,0.51643485,0.0037980387,0.04513602,0.44568223,-0.0057687825,0.1571368,0.5571557,-0.05300043,0.16160668,0.29198882,-0.07735091,0.17444243,0.14916393,-0.08298064,0.18488526,0.046884507,-0.08326887,0.2314066,0.5620636,-0.072817214,0.23958085,0.27253664,-0.090614095,0.2497615,0.123328954,-0.08847946,0.2549886,0.024513364,-0.08622327,0.30937344,0.58318406,-0.08729223,0.31210124,0.30529106,-0.1010212,0.3141539,0.15772834,-0.09992191,0.3106788,0.050700694,-0.09979606,0.38485312,0.61889267,-0.09783351,0.3865121,0.40372112,-0.11006944,0.38113588,0.29274517,-0.10763503,0.37057793,0.20299923,-0.10411136,1
0.30959082,0.97536016,5.5987886e-07,0.20504521,0.8475909,0.014205427,0.13837577,0.66471046,0.007018546,0.100572646,0.5142812,-0.0003628852,0.04745227,0.44731832,-0.010017437,0.16552833,0.5601357,-0.05354412,0.17030007,0.29933047,-0.08000803,0.18255156,0.15416408,-0.08793556,0.19332886,0.050846457,-0.090238966,0.24104027,0.56711715,-0.07367981,0.24951498,0.27895412,-0.09389804,0.26034367,0.12573093,-0.094753355,0.2664766,0.022087336,-0.094972216,0.31993857,0.5888714,-0.0891328,0.32181922,0.30894798,-0.105750866,0.3233866,0.16015694,-0.107264526,0.31958792,0.053055674,-0.10897498,0.39789256,0.622668,-0.10110066,0.39799446,0.40761352,-0.11787282,0.39060605,0.29565573,-0.11905215,0.3780525,0.20561874,-0.118056126,1
0.3298754,0.96912456,5.804049e-07,0.2225393,0.8464844,0.009601621,0.15005347,0.66936153,0.0015181934,0.108700395,0.52159333,-0.0061576054,0.05749604,0.45443216,-0.016005894,0.18500191,0.56102103,-0.056300346,0.18358463,0.30345258,-0.08377732,0.19406416,0.15635616,-0.092006125,0.20470119,0.052129745,-0.09427968,0.2599168,0.561707,-0.07451933,0.26131728,0.2794247,-0.09663137,0.27023873,0.12625238,-0.098575376,0.27632642,0.023444235,-0.09916374,0.3369171,0.57991123,-0.08853309,0.33723548,0.31459624,-0.10675635,0.33832225,0.16678438,-0.1098982,0.334382,0.059615612,-0.11256822,0.41132298,0.61213374,-0.09945152,0.41203803,0.40942517,-0.11786025,0.40770715,0.29685572,-0.120858364,0.3993618,0.20461074,-0.12120377,1
0.3487673,0.9766413,5.8089233e-07,0.24341437,0.86196315,0.00955383,0.17074835,0.6892902,0.0019758155,0.13221218,0.5381653,-0.0053190906,0.079657555,0.46963927,-0.014931359,0.20484444,0.5637283,-0.054486327,0.20115386,0.29938397,-0.080572054,0.21358547,0.15212488,-0.08701038,0.22600946,0.049345076,-0.087201305,0.28242365,0.56364226,-0.07150715,0.2814365,0.27641603,-0.09240737,0.2929255,0.12593254,-0.09251994,0.3030672,0.02505225,-0.09034936,0.36261255,0.58114743,-0.08414902,0.35859984,0.3182488,-0.099895015,0.3597057,0.17214638,-0.098860376,0.35794696,0.0640564,-0.09759842,0.43805194,0.6142791,-0.09377241,0.43170118,0.41131055,-0.10729151,0.42725134,0.29628736,-0.10442402,0.422017,0.20014176,-0.099760965,1
0.37007928,1.0001335,5.155874e-07,0.26274246,0.8872386,0.005466723,0.19151497,0.71022487,-0.0035302434,0.15641434,0.54888135,-0.011612266,0.102347,0.47791308,-0.021822855,0.2316502,0.5764659,-0.056583256,0.22619028,0.30832854,-0.08372474,0.23544174,0.1590448,-0.09110652,0.24444431,0.05149901,-0.09193514,0.3112915,0.57706326,-0.0718854,0.30465525,0.29201183,-0.09228598,0.3130946,0.14162645,-0.09242496,0.32154918,0.03710699,-0.09087579,0.3913523,0.59406567,-0.083400376,0.3834729,0.3354318,-0.10036793,0.38600737,0.19043443,-0.09958492,0.38709748,0.08234024,-0.09832483,0.46502125,0.6240964,-0.092408605,0.4533518,0.4181809,-0.107197076,0.45161533,0.3049749,-0.1046881,0.45173085,0.20967665,-0.10023844,1
0.38596132,1.0040355,5.5494087e-07,0.27935594,0.8951606,0.005701441,0.20884094,0.7185632,-0.0042956816,0.17611636,0.54940706,-0.013001379,0.12068288,0.47010452,-0.02329706,0.25305948,0.57895845,-0.05918702,0.25131527,0.30391192,-0.084161766,0.2638936,0.15358633,-0.08753294,0.27608413,0.046018124,-0.08444191,0.3338715,0.581021,-0.07259882,0.33581233,0.28630924,-0.09011129,0.3508993,0.13522512,-0.08399776,0.365954,0.03369862,-0.077407725,0.4152609,0.6012939,-0.08188769,0.41734642,0.33995324,-0.09494033,0.42866743,0.20661396,-0.08686261,0.43749624,0.11265358,-0.079788566,0.48819178,0.63628787,-0.08879393,0.4764732,0.41755316,-0.09812142,0.4760813,0.3044732,-0.08967608,0.47803026,0.21324721,-0.0805924,1
0.39860135,1.0019113,6.2263814e-07,0.29256243,0.8910017,0.008440892,0.2234772,0.7109443,-0.0014199323,0.18972519,0.5377259,-0.0095646335,0.1319644,0.4583065,-0.019800108,0.2709254,0.5768449,-0.06572477,0.27228963,0.2874712,-0.0909483,0.28389138,0.13075054,-0.092788,0.29492867,0.020439267,-0.08815888,0.35409486,0.578351,-0.07912695,0.3620172,0.2690004,-0.09712661,0.3791805,0.11107516,-0.09004017,0.3960405,0.008561432,-0.08239664,0.43668804,0.59885395,-0.087045655,0.44328198,0.3242909,-0.09997439,0.45731732,0.18755692,-0.09127456,0.46833515,0.09179109,-0.08380162,0.5082313,0.6343784,-0.09173775,0.50524104,0.41291052,-0.1004578,0.507117,0.29933068,-0.09099449,0.50852203,0.20839822,-0.08105188,1
0.4170481,1.0053251,6.644057e-07,0.3042637,0.9009131,0.007782664,0.23466551,0.7170884,-0.0048427577,0.20422965,0.5333784,-0.01600731,0.14543308,0.43836614,-0.029120717,0.28912848,0.5721712,-0.07075839,0.29399896,0.26661727,-0.09550704,0.31057847,0.10331231,-0.095262766,0.32510895,-0.008431554,-0.08906529,0.37777942,0.5744924,-0.08593979,0.38604462,0.24918911,-0.1060826,0.40360275,0.08993244,-0.09908712,0.41785207,-0.008490741,-0.09078723,0.46350074,0.5984095,-0.09506603,0.4748044,0.31163535,-0.1114963,0.48949283,0.18037426,-0.101611726,0.4968645,0.09594822,-0.092089556,0.5393655,0.6395913,-0.100689106,0.54084307,0.4034499,-0.11248165,0.5406501,0.28857857,-0.10182039,0.5347227,0.2019037,-0.0899112,1
0.42844558,0.9995091,7.6984315e-07,0.31019402,0.8883823,-0.0028810257,0.2425796,0.70155376,-0.023240414,0.2140939,0.50951344,-0.040020935,0.15233083,0.40470102,-0.057562377,0.30297038,0.5538352,-0.08354374,0.31030536,0.23684496,-0.11100717,0.3293675,0.07388735,-0.1129243,0.3448979,-0.037271023,-0.10812074,0.39857435,0.5572528,-0.09468423,0.40832114,0.21938577,-0.1156899,0.42146534,0.06056434,-0.11005186,0.4310789,-0.030445218,-0.10281093,0.4895802,0.5850608,-0.100037865,0.50181085,0.29463938,-0.11435908,0.5115927,0.15774158,-0.10474006,0.5146339,0.07345843,-0.09628477,0.5693944,0.62900317,-0.102885164,0.5752872,0.3982341,-0.11205223,0.57170635,0.28188574,-0.10052399,0.5605351,0.19361797,-0.08819262,1
0.43913347,0.99021816,8.6133775e-07,0.3188244,0.8744631,-0.008694725,0.25177205,0.68369097,-0.033219855,0.2205357,0.4899611,-0.052848592,0.15563427,0.38405508,-0.074936755,0.31668594,0.5258536,-0.09535211,0.32902426,0.2023915,-0.12608394,0.34603116,0.028892398,-0.12957628,0.3598737,-0.09246272,-0.12602207,0.41696066,0.5290194,-0.10561303,0.42579117,0.17638546,-0.12954764,0.43819588,-0.0015239716,-0.12809743,0.4480062,-0.12146294,-0.1239489,0.50965333,0.55324733,-0.10979303,0.5100112,0.23518682,-0.12530877,0.5154182,0.06425509,-0.119355366,0.52009296,-0.058227897,-0.1144247,0.5883063,0.59401315,-0.11193098,0.58420944,0.35481626,-0.1232446,0.5813936,0.22088012,-0.11478699,0.5778701,0.11059564,-0.10479594,1
0.44916454,0.98881197,7.175069e-07,0.3292057,0.8710345,-0.005284422,0.26413223,0.6708658,-0.025151294,0.23595493,0.4701109,-0.041020256,0.17096864,0.3684994,-0.059658863,0.33535293,0.49910223,-0.08403192,0.34530786,0.1743547,-0.11230142,0.3623158,0.0041157007,-0.11590656,0.37611872,-0.114518166,-0.11305546,0.4332179,0.5068753,-0.09517863,0.4404053,0.15536538,-0.11730988,0.45276108,-0.023309708,-0.11689704,0.4622442,-0.14263058,-0.1141008,0.5226233,0.5363473,-0.10097329,0.5249742,0.21783122,-0.11697122,0.53242624,0.04131663,-0.11565502,0.53878236,-0.08533776,-0.114015855,0.59879005,0.5819006,-0.10434923,0.5988734,0.3376698,-0.11831608,0.5994434,0.2003735,-0.11448459,0.5992432,0.08666724,-0.108088665,1
0.45997143,0.9874816,5.945207e-07,0.33823544,0.8680782,-0.001784286,0.2744134,0.66732204,-0.020365857,0.25072062,0.45827654,-0.035256382,0.1867294,0.34763777,-0.052278966,0.3523345,0.48567003,-0.08175656,0.3666465,0.15174317,-0.10807113,0.38220036,-0.008984059,-0.10778499,0.391052,-0.11180654,-0.10135091,0.4507922,0.49307325,-0.09317502,0.45782784,0.13398528,-0.11447023,0.46986622,-0.037166804,-0.10979371,0.47712433,-0.14237723,-0.10307616,0.5395373,0.5251119,-0.099247545,0.54030013,0.19542825,-0.11550919,0.5484312,0.018942326,-0.11239719,0.55440587,-0.10420439,-0.108840264,0.61582804,0.5751817,-0.1022122,0.61629236,0.32223368,-0.11604926,0.6182488,0.18274102,-0.11159112,0.6193394,0.06907648,-0.10439599,1
0.46963328,0.98792773,4.6423145e-07,0.34771404,0.8660804,0.0036569743,0.2815636,0.6621299,-0.012054555,0.25849462,0.4471032,-0.02467361,0.1975217,0.33094776,-0.03917199,0.36422688,0.47648913,-0.08014818,0.38421062,0.13588321,-0.10351056,0.40335777,-0.0098809,-0.0988099,0.41176835,-0.095163226,-0.089268185,0.46344647,0.48378488,-0.093152024,0.47244608,0.11692813,-0.113050304,0.4858889,-0.04959619,-0.10618835,0.49251997,-0.14671028,-0.09789457,0.5541428,0.51838213,-0.100155264,0.55518985,0.17931566,-0.114993244,0.56358504,0.0040016472,-0.110616595,0.56909364,-0.11619067,-0.10660179,0.6332527,0.5728523,-0.10340936,0.63308245,0.31343412,-0.117971085,0.6353461,0.17023647,-0.11462546,0.6373304,0.05218041,-0.10817745,1
0.47758532,0.9947572,4.1720762e-07,0.35472456,0.86846244,0.007630676,0.28793028,0.6615455,-0.0059001115,0.26563132,0.44132245,-0.016641911,0.2076394,0.31751716,-0.029187286,0.372357,0.4685987,-0.07744783,0.3935689,0.11853874,-0.09846767,0.41436252,-0.024311304,-0.09080971,0.42396426,-0.10358566,-0.079401575,0.47189352,0.4764618,-0.09133666,0.48111486,0.10253233,-0.11032439,0.49504775,-0.06198126,-0.10194676,0.50161093,-0.15492266,-0.09260676,0.5631564,0.5141372,-0.09893483,0.5650251,0.16435051,-0.11393289,0.5751671,-0.01676178,-0.1104492,0.5814715,-0.14015752,-0.10737697,0.6432908,0.5730123,-0.102058746,0.64484036,0.31195736,-0.11821439,0.6474759,0.16633403,-0.11653405,0.64945793,0.04603803,-0.11134769,1
0.4870791,1.0085775,4.0957127e-07,0.36306763,0.87927675,0.0027599053,0.29593325,0.66763926,-0.012887928,0.27332953,0.4435406,-0.025590522,0.21180816,0.31569704,-0.04058928,0.38345104,0.47296724,-0.07835264,0.3980043,0.12845042,-0.10090868,0.415765,-0.026888072,-0.09619825,0.4249348,-0.125961,-0.08755053,0.48229823,0.48015693,-0.09110414,0.49129716,0.11345738,-0.11011923,0.5046643,-0.051140964,-0.10289322,0.5129117,-0.14663512,-0.095160715,0.5730825,0.5173806,-0.09831773,0.57664335,0.1761074,-0.113409676,0.58525234,0.0012738705,-0.109734505,0.59075254,-0.117708504,-0.106835596,0.65211034,0.5726206,-0.101874605,0.6552281,0.31015575,-0.11728757,0.65908957,0.16390088,-0.11517351,0.66265684,0.041440874,-0.11019331,1
0.49055883,1.0167673,3.496236e-07,0.36634913,0.882776,0.005433872,0.30052453,0.6715025,-0.011008998,0.2806762,0.44538084,-0.024233576,0.22107528,0.31489155,-0.03905092,0.38938865,0.47786623,-0.08370194,0.40971664,0.12686273,-0.10579749,0.42830285,-0.015859574,-0.097258605,0.43417048,-0.093907535,-0.08430763,0.49027342,0.48790184,-0.0964335,0.50319767,0.116066605,-0.11374239,0.5154979,-0.038763165,-0.100970216,0.5206471,-0.1211617,-0.0886731,0.5819676,0.5273673,-0.103062436,0.58752906,0.17928946,-0.11687466,0.5962765,0.0047685206,-0.10913727,0.6003623,-0.10956496,-0.102908134,0.6610006,0.58338505,-0.10539621,0.66494435,0.30917478,-0.11904944,0.6704129,0.15946591,-0.11388658,0.6747573,0.037148178,-0.10629607,1
0.50058675,1.027348,4.39355e-07,0.37450027,0.89456725,0.006051251,0.30564624,0.68255043,-0.009396151,0.2847359,0.44935942,-0.021190329,0.22408943,0.3161564,-0.035460062,0.39698026,0.48926032,-0.08670105,0.41794118,0.14000252,-0.10731572,0.43837664,-0.021434605,-0.09746478,0.44799572,-0.12493378,-0.08403639,0.4985646,0.49889156,-0.09803409,0.5132834,0.12654197,-0.114821516,0.52695584,-0.044041336,-0.101126514,0.5347057,-0.14517093,-0.08829257,0.59071356,0.53626794,-0.10243148,0.59793484,0.19563872,-0.1152901,0.6062074,0.016389549,-0.10700076,0.6107,-0.10491425,-0.10011999,0.66783506,0.59007126,-0.10241535,0.67420715,0.3174672,-0.11336623,0.67989707,0.16763666,-0.1066984,0.6854896,0.044458956,-0.098144256,1
0.50061435,1.0306762,4.9139754e-07,0.37621552,0.8959404,0.010742566,0.3108949,0.6849467,-0.0036232898,0.29018712,0.45193833,-0.013597705,0.22762886,0.3275676,-0.0258939,0.3999436,0.50128615,-0.09490422,0.4279479,0.14282292,-0.1165166,0.4491591,-0.018903613,-0.102980964,0.45714504,-0.11511302,-0.085342325,0.5045953,0.5130626,-0.10635929,0.5249514,0.12157065,-0.12948707,0.5389712,-0.057616293,-0.11294421,0.54368675,-0.16382188,-0.0950608,0.59704244,0.5469715,-0.109157026,0.6063479,0.19447258,-0.12566319,0.6159381,0.009436369,-0.11359699,0.6198353,-0.11424667,-0.10150771,0.6719183,0.5986841,-0.10650022,0.6780582,0.32320133,-0.11574192,0.68362063,0.17558527,-0.104493015,0.6880454,0.059243858,-0.09148842,1
0.5005301,1.0508827,5.106505e-07,0.3793519,0.9105265,0.001787057,0.31279927,0.6940661,-0.015007685,0.29287016,0.46644363,-0.028542288,0.2336796,0.33989885,-0.045300663,0.4040545,0.5153046,-0.090318695,0.42576325,0.17092916,-0.11688691,0.44944748,0.004253149,-0.114830464,0.4654547,-0.108534396,-0.10734664,0.50167274,0.5261805,-0.10316697,0.5212035,0.14407659,-0.12540033,0.5392255,-0.043350816,-0.120389,0.55182076,-0.15965587,-0.11404807,0.5914377,0.56120455,-0.109343775,0.603281,0.209506,-0.12648529,0.61410624,0.019771576,-0.12453867,0.62077856,-0.10694134,-0.12206891,0.66864747,0.61407536,-0.111941084,0.679001,0.34043398,-0.12641378,0.6845818,0.19116396,-0.123176664,0.6887325,0.070204765,-0.11727646,1
0.49485743,1.0450858,6.306751e-07,0.3756112,0.90549815,-0.001358467,0.31495738,0.70016485,-0.021173058,0.29764026,0.47790822,-0.035904557,0.2393546,0.34657213,-0.053618032,0.40249065,0.52207196,-0.100759104,0.42630744,0.17226812,-0.1293952,0.44575754,-0.003251791,-0.12703238,0.45960826,-0.12578791,-0.11822629,0.5014567,0.53365946,-0.10999398,0.5237107,0.1471188,-0.1337192,0.5395049,-0.043723702,-0.12631086,0.5498658,-0.16507822,-0.1176248,0.58949935,0.56752384,-0.11196952,0.60242295,0.22157171,-0.12741002,0.6099721,0.03983417,-0.12107907,0.6122937,-0.08213943,-0.115250394,0.66148955,0.6175113,-0.110669605,0.6731199,0.34836614,-0.11971914,0.6788579,0.20441097,-0.112063505,0.6814308,0.08839625,-0.10327228,1
0.48596486,1.0250981,6.400325e-07,0.37483793,0.8882696,-0.0014181709,0.31916076,0.69340336,-0.021101698,0.30558342,0.48416936,-0.036628924,0.2512129,0.35916904,-0.055278696,0.40432006,0.51654977,-0.09722052,0.4285764,0.17063594,-0.12912163,0.44943452,-0.0078033805,-0.13211209,0.46506405,-0.13417637,-0.12719205,0.49809632,0.5267492,-0.107192785,0.5208325,0.1439642,-0.13198644,0.5374514,-0.04375577,-0.12755735,0.5498056,-0.1634897,-0.121251404,0.5820475,0.5586455,-0.110415794,0.5968151,0.21410015,-0.12569939,0.60536224,0.035852343,-0.12003242,0.6098694,-0.08312154,-0.115137644,0.65138113,0.60825413,-0.11094229,0.66447717,0.34924483,-0.120541126,0.6708821,0.20965526,-0.11336499,0.6738419,0.0958502,-0.10504555,1
0.48315966,1.0019795,5.808563e-07,0.3789581,0.87020564,0.0047299876,0.32440534,0.6813754,-0.010737173,0.3089462,0.4828845,-0.023641083,0.2553478,0.36879706,-0.039907575,0.4042814,0.5060838,-0.08305458,0.42757702,0.17269835,-0.114361614,0.44757113,-0.0022738278,-0.11984029,0.46355155,-0.12598336,-0.11673461,0.4943848,0.5192949,-0.09572153,0.51886714,0.14547426,-0.120180145,0.5373808,-0.041562855,-0.11809625,0.55138385,-0.16267186,-0.11321074,0.5749313,0.5527896,-0.101817854,0.5916562,0.21498209,-0.11711963,0.6023515,0.04026258,-0.11291478,0.6077177,-0.07668871,-0.108793624,0.6402225,0.60118747,-0.104927525,0.653767,0.35713768,-0.11493793,0.6613899,0.2258006,-0.10828695,0.66470593,0.11821288,-0.100191996,1
0.48255098,0.9895513,5.655184e-07,0.3822828,0.8580799,0.0047597517,0.32860386,0.6727253,-0.007829485,0.31438383,0.48054573,-0.018189006,0.26626018,0.3724416,-0.031269528,0.4077449,0.5037988,-0.07473398,0.42894173,0.17950532,-0.10596932,0.45267946,0.005969912,-0.113131754,0.47353214,-0.118873924,-0.11162048,0.491729,0.5148618,-0.08585176,0.51050323,0.15707418,-0.11073542,0.529876,-0.028760523,-0.110776834,0.54695,-0.15507117,-0.10715036,0.56820154,0.5462229,-0.09104559,0.57825345,0.2220777,-0.10733818,0.5897094,0.046336383,-0.10612703,0.59818286,-0.073612124,-0.10358688,0.63275814,0.59549403,-0.09353114,0.64456236,0.3669009,-0.10571148,0.6501168,0.2422981,-0.10235901,0.6519495,0.14005542,-0.09618878,1
0.4755036,0.96828246,4.818392e-07,0.38275218,0.828894,0.007859691,0.33344805,0.6530994,-0.002137671,0.31686157,0.4737121,-0.011085547,0.2712249,0.37187856,-0.022204436,0.4098195,0.4992766,-0.05985737,0.43035,0.20244816,-0.085287325,0.45226455,0.047098607,-0.08886586,0.47204763,-0.06406942,-0.08566007,0.4881182,0.5084474,-0.07217956,0.50616467,0.17787692,-0.09404614,0.5231193,0.0061140656,-0.09340591,0.5395831,-0.109280616,-0.08973656,0.5594803,0.5381683,-0.07937034,0.57283133,0.23924318,-0.0939807,0.58296984,0.0738512,-0.09340976,0.5898609,-0.042011946,-0.09174384,0.6206116,0.5878155,-0.08375813,0.63449526,0.37439054,-0.09352022,0.6395649,0.25756347,-0.08992629,0.63985425,0.16027606,-0.084444575,1
0.4759934,0.9426346,3.8113552e-07,0.38298512,0.8082852,0.011034766,0.33787286,0.6383105,0.005904627,0.32364213,0.4636283,0.0012054833,0.28297186,0.36597532,-0.0048837382,0.4130171,0.49144804,-0.04164211,0.43361512,0.21832463,-0.059006516,0.45430276,0.078587234,-0.0596179,0.47296947,-0.021391302,-0.05559482,0.48947734,0.49915814,-0.053753994,0.50386876,0.19136482,-0.06897475,0.5185497,0.03126076,-0.067213014,0.5330603,-0.07847157,-0.06331202,0.5569931,0.52636284,-0.061313894,0.56846017,0.2403925,-0.07237343,0.57746994,0.08212528,-0.072066456,0.5831877,-0.030664474,-0.070690736,0.61354166,0.5723194,-0.06596904,0.6253402,0.37000227,-0.07350224,0.62911123,0.2581721,-0.06968839,0.62849295,0.16611561,-0.06421819,1
0.47514108,0.91777277,2.6531208e-07,0.38394463,0.788394,0.016711017,0.3392926,0.62929106,0.016375396,0.32807112,0.4625619,0.015976302,0.29159582,0.3685804,0.015352718,0.41759676,0.48749492,-0.026114134,0.43583852,0.23275998,-0.035571244,0.454479,0.109045625,-0.031091249,0.47129205,0.020851225,-0.023816261,0.49155715,0.49544206,-0.036009997,0.5039338,0.22092116,-0.04625153,0.51827544,0.0844979,-0.039196886,0.5339477,-0.004752606,-0.031164218,0.5555096,0.5230172,-0.041454464,0.56521416,0.26767176,-0.04784476,0.573447,0.12749305,-0.04229398,0.57907665,0.028663963,-0.03660635,0.6079533,0.5673207,-0.043582898,0.61843264,0.37962607,-0.043335997,0.62072283,0.27818716,-0.034079883,0.618877,0.19794479,-0.02510365,1
0.4723585,0.8928947,2.5866655e-07,0.38607338,0.7731016,0.014078042,0.3423229,0.62171936,0.01198937,0.3326285,0.46356624,0.010236737,0.29915482,0.3669488,0.008142895,0.4123965,0.48653635,-0.030045776,0.4297864,0.24325591,-0.04082796,0.44524184,0.12351084,-0.037721466,0.45809278,0.034588367,-0.032186437,0.48396212,0.493943,-0.039774258,0.49383932,0.23524547,-0.051176976,0.5052447,0.10465139,-0.046648007,0.5174843,0.014373481,-0.041250315,0.5471492,0.51984835,-0.04521327,0.55525875,0.2783305,-0.05361042,0.56264526,0.14339474,-0.051655646,0.5675333,0.043542206,-0.04910622,0.60039574,0.56123984,-0.047332164,0.60693383,0.38594848,-0.050749745,0.6075821,0.28790233,-0.04524299,0.6051001,0.20543805,-0.039214462,1
0.47011393,0.8725567,2.9437317e-07,0.3868481,0.75932133,0.0065634064,0.34378994,0.61554146,0.00043689707,0.33387184,0.46617177,-0.004904751,0.3044302,0.3687588,-0.010241541,0.4159339,0.48244748,-0.033743,0.42933267,0.2510013,-0.047748335,0.44390854,0.13663837,-0.048208214,0.45780888,0.051984936,-0.045140762,0.48466074,0.489592,-0.04194377,0.4922605,0.24471793,-0.053728774,0.50275904,0.12023795,-0.05102764,0.51503897,0.03537059,-0.0472312,0.5453428,0.5146329,-0.047061324,0.5496919,0.2872492,-0.055749748,0.5550664,0.1590969,-0.054470383,0.55900514,0.06480348,-0.052639145,0.59761024,0.5552395,-0.049967647,0.60103226,0.38874924,-0.054938182,0.5984272,0.2953249,-0.050488543,0.59312606,0.2178523,-0.04501655,1
0.46989006,0.85808814,2.743519e-07,0.38763794,0.74805117,0.012937577,0.34465787,0.61102265,0.010296252,0.33771694,0.46587023,0.007539432,0.31148532,0.3699564,0.005152209,0.41285884,0.4803173,-0.026331536,0.42451286,0.25798178,-0.038980372,0.43872595,0.14911345,-0.03835204,0.45282683,0.06697288,-0.03420978,0.4797255,0.48425326,-0.035827726,0.48397803,0.24292952,-0.04958105,0.49303436,0.11787158,-0.046760097,0.504968,0.03064087,-0.04160014,0.539417,0.50945354,-0.04155944,0.54302275,0.2883593,-0.051910397,0.5470309,0.16698548,-0.049387004,0.549902,0.077047765,-0.044907548,0.59205794,0.55257916,-0.044303816,0.59505117,0.39008754,-0.048081942,0.59027016,0.2999768,-0.041420847,0.5826589,0.22493804,-0.033577453,1
0.46530452,0.8500705,2.510747e-07,0.38643175,0.7379857,0.02319903,0.34489745,0.60812527,0.025901865,0.33934206,0.46416304,0.027567215,0.31443584,0.3694186,0.030258888,0.41247922,0.47621077,-0.01262114,0.42569038,0.25970912,-0.017332038,0.43773347,0.15699273,-0.009796247,0.44924602,0.080369264,-0.0008772311,0.47578442,0.47877112,-0.023275074,0.48139554,0.24524294,-0.035314374,0.4890127,0.12577716,-0.029213183,0.50005454,0.044896215,-0.02041022,0.5323153,0.50327563,-0.02896164,0.5366236,0.29043508,-0.036252663,0.5402353,0.17254803,-0.029642968,0.54317623,0.08569002,-0.021383367,0.58244073,0.5473822,-0.030540235,0.5864799,0.3881786,-0.027872529,0.5840778,0.2998621,-0.01655835,0.5786661,0.22622138,-0.005417927,1
0.46372002,0.843827,2.0122616e-07,0.385672,0.7316179,0.024076032,0.3472221,0.6014173,0.028418995,0.34065387,0.45981002,0.031449765,0.3144297,0.37027317,0.035279907,0.41554937,0.47364423,-0.005267957,0.42630938,0.26641455,-0.0068246326,0.43717593,0.1691873,0.00077311305,0.44782108,0.09495455,0.009161721,0.47717908,0.47612807,-0.015384713,0.48092452,0.25338572,-0.022365512,0.48635703,0.1390022,-0.015539865,0.49527773,0.06035617,-0.007261993,0.530555,0.50286955,-0.020779418,0.5333295,0.29796845,-0.02408504,0.5355274,0.18541825,-0.016718399,0.53715384,0.10246241,-0.008950107,0.5760194,0.54877514,-0.022246437,0.58226955,0.3944179,-0.016457379,0.58007675,0.31107688,-0.0040308908,0.57467544,0.24278016,0.007095812,1
0.45921904,0.83966327,1.6522146e-07,0.38680863,0.7287371,0.030270198,0.34837085,0.60019135,0.03727521,0.34150463,0.45936528,0.04184847,0.31627345,0.37042427,0.04701555,0.4117423,0.47607505,0.0016172365,0.42314953,0.27521235,0.0026206614,0.43416128,0.18092215,0.011694889,0.4444782,0.10711187,0.020483477,0.47011137,0.47800982,-0.010449189,0.47553417,0.26100427,-0.01727031,0.4818974,0.1508568,-0.010521064,0.49096802,0.07299855,-0.0025654836,0.5221673,0.50418484,-0.017181868,0.526067,0.30745822,-0.018346291,0.5281489,0.19790545,-0.009896252,0.5296284,0.11692318,-0.0020260527,0.56861186,0.54898757,-0.01965279,0.5749259,0.3967502,-0.011115965,0.5732822,0.31402272,0.0017793529,0.5691136,0.24425419,0.012517091,1
0.45891476,0.8340268,1.6816482e-07,0.38562483,0.72177434,0.033070702,0.34849057,0.5953318,0.041922767,0.34424025,0.4558206,0.048945874,0.3204946,0.36937267,0.056772888,0.41277707,0.470918,-0.0005301316,0.4244271,0.27121413,0.0020374474,0.43592426,0.18007365,0.0139574455,0.44660902,0.11058122,0.025401343,0.47136104,0.4731007,-0.011674164,0.48004976,0.26083934,-0.018754052,0.48654035,0.1554535,-0.009235181,0.4947697,0.08411646,0.0018812909,0.5227463,0.500222,-0.016608551,0.52914876,0.30770698,-0.017604453,0.53068006,0.20250565,-0.0063000913,0.5314547,0.12598377,0.0047239484,0.56683016,0.5477249,-0.016614392,0.57472444,0.39636165,-0.005701024,0.57261115,0.31756794,0.010283629,0.5673581,0.25381565,0.023781868,1
0.45994985,0.8228612,1.692791e-07,0.38726985,0.7168028,0.029459095,0.34982976,0.5925003,0.03700201,0.34434575,0.45361373,0.042874888,0.32053632,0.36767533,0.0495045,0.4119016,0.46943438,9.120232e-05,0.42420673,0.2736864,0.0031472691,0.43586558,0.18574765,0.014568898,0.44603845,0.1181573,0.025256727,0.46899244,0.4703455,-0.009747883,0.4770601,0.26218596,-0.014722327,0.48370123,0.16096398,-0.005397177,0.49188235,0.091703266,0.0047512776,0.5190869,0.49558625,-0.0140147805,0.52430683,0.3082586,-0.012722926,0.5262494,0.20664239,-0.0015429443,0.5276958,0.13283187,0.00826814,0.5617108,0.53942454,-0.014030033,0.5671769,0.39349318,-0.00217417,0.5662737,0.31750044,0.013208846,0.5636246,0.2553836,0.025568547,1
0.45983055,0.82020736,1.5652606e-07,0.38757938,0.7134788,0.033495933,0.35106122,0.5904478,0.04209153,0.34667355,0.45192063,0.04876382,0.32229137,0.36789477,0.056068152,0.41623273,0.4683031,-0.0021751865,0.4279411,0.27066815,0.0012565444,0.43926156,0.18270046,0.014619188,0.44909576,0.117651075,0.027120946,0.47351375,0.4709107,-0.013234636,0.47963467,0.26006496,-0.019808745,0.48590782,0.1598675,-0.008816743,0.49412093,0.09393811,0.003465978,0.5226509,0.49850357,-0.01783002,0.52669126,0.30649412,-0.019308673,0.5278577,0.20428458,-0.0070246714,0.52900726,0.13176554,0.0048342953,0.56438655,0.5450316,-0.017273081,0.57078594,0.3940623,-0.006195474,0.5685743,0.31945837,0.010775359,0.5637599,0.26054752,0.024886204,1
0.4607821,0.8195119,1.7565462e-07,0.38911062,0.71070707,0.029447109,0.35139337,0.5854993,0.03625514,0.34738424,0.44708356,0.04169445,0.32409608,0.36354333,0.048247132,0.41604406,0.46619064,-0.0041050264,0.4282409,0.27136034,-0.0032788077,0.4406015,0.1831066,0.007712315,0.4512505,0.11601597,0.019067718,0.47361103,0.4699192,-0.012974637,0.4836995,0.26281428,-0.019785747,0.49044994,0.16245997,-0.008741707,0.4979657,0.09411889,0.0036340912,0.52373457,0.49856156,-0.015871705,0.53140587,0.3167841,-0.015075755,0.5322541,0.21777517,-0.0006560548,0.53329957,0.14781374,0.012412507,0.56618625,0.5464757,-0.014463866,0.57272375,0.40341192,-0.0008620737,0.56879544,0.33224648,0.018032823,0.56358755,0.27658463,0.033522133,1
0.46077695,0.8285847,1.3921172e-07,0.38862973,0.71768576,0.0335943,0.35330945,0.5911707,0.04275221,0.3497169,0.45257622,0.05031552,0.3263613,0.36682191,0.059339587,0.41787338,0.4656569,0.0016971945,0.43062457,0.27241868,0.005302978,0.44244826,0.18407744,0.017997595,0.45265988,0.11695084,0.030655442,0.47703645,0.46923977,-0.007238984,0.48370737,0.26585394,-0.0113327885,0.48957294,0.16611865,0.0018431182,0.49701205,0.09670234,0.015751028,0.5267436,0.50007105,-0.009965534,0.53197396,0.31600386,-0.010676333,0.5326083,0.21333575,0.0030608096,0.53373706,0.13995081,0.016714783,0.5698476,0.5496209,-0.0073265415,0.5761088,0.40198213,0.006237506,0.57183,0.3290862,0.025918514,0.5649606,0.27283743,0.042193968,1
0.4603267,0.8293384,1.4023814e-07,0.38971007,0.71829844,0.035910837,0.35377342,0.59217995,0.047018502,0.34970334,0.45302704,0.0557025,0.326131,0.3671016,0.06602319,0.4175814,0.4654754,0.011868441,0.43052748,0.27379692,0.019520858,0.44226003,0.18736055,0.034213275,0.4518464,0.120886534,0.04767201,0.474924,0.4667198,0.0024616779,0.48268673,0.26482284,0.002263929,0.48951885,0.16611812,0.01621891,0.49691033,0.0966858,0.030423025,0.5235052,0.49428332,-0.0010635243,0.52811027,0.31393337,0.0036121125,0.5295348,0.21270409,0.019080648,0.5304979,0.13930938,0.032843255,0.5661325,0.54089594,0.0003350342,0.57174015,0.3963307,0.016771147,0.57027096,0.321611,0.036382448,0.56632334,0.2608772,0.052372146,1
0.4592977,0.8309181,1.3924351e-07,0.387621,0.7162174,0.036505066,0.35229856,0.5900109,0.04819501,0.34947288,0.45110396,0.057810552,0.32640818,0.36620596,0.068706766,0.41698176,0.465296,0.007191175,0.4301749,0.26953182,0.014093582,0.44207218,0.18244696,0.028737245,0.45206395,0.11630216,0.041822013,0.47497275,0.4695805,-0.003462943,0.48298955,0.2611146,-0.006762964,0.48908707,0.15886042,0.004820992,0.49606174,0.088477045,0.017217701,0.52405494,0.499861,-0.0077136634,0.5301429,0.31161678,-0.0068155196,0.5317976,0.20756707,0.0049478784,0.5323556,0.13151038,0.0162925,0.5673568,0.54888284,-0.006522202,0.57533705,0.39937592,0.0063844593,0.5736881,0.32212454,0.023302682,0.5683284,0.25895783,0.0372415,1
0.46149057,0.83094794,1.5243614e-07,0.38910964,0.7203187,0.035988424,0.3523131,0.59474814,0.047468744,0.34836343,0.45385844,0.05673196,0.32477304,0.36666563,0.06795455,0.4175886,0.46741387,0.013933079,0.4292888,0.27318752,0.023339894,0.44135305,0.18547496,0.038810648,0.4519662,0.11681315,0.05223614,0.47497535,0.46653444,0.0048923376,0.48117977,0.26015288,0.005059639,0.4879628,0.16036218,0.018229065,0.49633816,0.08827114,0.031547643,0.5236889,0.4928052,0.0019037204,0.52740264,0.3100987,0.008085934,0.52936834,0.2067605,0.023731947,0.5319646,0.13127181,0.036922827,0.56755877,0.5397993,0.003670088,0.57255054,0.39390257,0.021536507,0.57160157,0.3172983,0.041344244,0.56852734,0.25364524,0.056981575,1
0.46213493,0.8332803,1.6024711e-07,0.38873494,0.71995133,0.035098042,0.35102227,0.5930937,0.044745017,0.34762913,0.45216763,0.05274796,0.32365236,0.36450493,0.062124763,0.41636747,0.46871233,0.0011449383,0.42952678,0.27058464,0.0048979097,0.44230822,0.18090123,0.017718988,0.45364532,0.11091265,0.029918235,0.47586048,0.471739,-0.008756876,0.48433012,0.26397353,-0.0155058615,0.49171865,0.16237476,-0.0047424724,0.5004443,0.092175245,0.0074065155,0.5264808,0.5014944,-0.011855186,0.532267,0.3144192,-0.0129044745,0.53362435,0.21154666,0.00033446314,0.53488314,0.13773894,0.013198009,0.5706027,0.54982615,-0.009519312,0.57739294,0.40053704,0.0032206147,0.57412726,0.3254714,0.021747079,0.5684145,0.2648647,0.037090264,1
0.4628608,0.8320785,1.4764807e-07,0.3889952,0.72035813,0.03650998,0.3519674,0.5955849,0.04785097,0.3487067,0.45466322,0.057587266,0.32485104,0.36846316,0.06923485,0.4184026,0.467894,0.0079930965,0.43032807,0.2730158,0.016881032,0.4419315,0.18540025,0.033857137,0.45163387,0.118606,0.04907882,0.4773716,0.46875557,-0.00042467078,0.48339224,0.2611061,-0.0015375632,0.48851863,0.16101655,0.013454632,0.49507037,0.09256974,0.028857896,0.52665544,0.4963474,-0.002114994,0.5301094,0.31179243,0.0019115848,0.53031456,0.20862266,0.018341323,0.5310462,0.13529271,0.033284537,0.5696274,0.5437468,0.0015475366,0.574483,0.39683402,0.018586487,0.5727306,0.32090837,0.039398465,0.56878096,0.2592175,0.056428295,1
0.4615916,0.8300663,1.7904344e-07,0.3879992,0.72043514,0.033423822,0.3510967,0.5973248,0.04247333,0.34836802,0.45527828,0.05013563,0.32442042,0.3668906,0.05949468,0.41667563,0.46920067,0.0031544433,0.42937276,0.27193534,0.008705358,0.44165716,0.18329176,0.02319862,0.45225942,0.114212185,0.036743898,0.4757747,0.46920565,-0.005115958,0.484344,0.26054913,-0.009351173,0.49079287,0.15873364,0.0032875114,0.49804753,0.089417994,0.016914085,0.5250301,0.49644023,-0.00686372,0.53014463,0.3121066,-0.004758268,0.531379,0.2100417,0.010576455,0.5326544,0.13774422,0.024651436,0.5675275,0.5433019,-0.0036162988,0.5739745,0.3967783,0.012236309,0.5732286,0.32214966,0.032373924,0.56993836,0.26125285,0.048752178,1
0.46141607,0.8312626,1.7807321e-07,0.3877803,0.7206184,0.033527013,0.3514149,0.5961497,0.042303123,0.3483625,0.45434856,0.04977786,0.32437468,0.36619765,0.058625493,0.4166898,0.469503,2.61465e-05,0.42982146,0.26991105,0.0041939095,0.44217688,0.18068412,0.017464232,0.45284975,0.1115675,0.030087693,0.47523242,0.4699974,-0.008828838,0.48331717,0.25876856,-0.014455121,0.48947468,0.15537745,-0.0034120444,0.4964774,0.08578214,0.008817941,0.5246572,0.49794203,-0.010912949,0.52946514,0.30998936,-0.010585231,0.53099895,0.20666581,0.0024165083,0.5321792,0.13403574,0.014801549,0.5677457,0.5455407,-0.007746598,0.57488567,0.39714903,0.006665335,0.57478946,0.32177734,0.025432361,0.5717003,0.26065767,0.040622234,1
0.4608652,0.8312688,1.4317142e-07,0.3881777,0.7195631,0.0369711,0.35187334,0.595503,0.047913194,0.34826803,0.45479918,0.056821126,0.3245448,0.36734194,0.06736386,0.4174634,0.46905637,0.009258059,0.43094602,0.27419433,0.017818931,0.44264403,0.18642393,0.033588223,0.45227003,0.11786798,0.047555435,0.47585124,0.46904156,-3.1951633e-05,0.48237598,0.26084062,-0.0018488591,0.48792025,0.16014147,0.011536255,0.49482384,0.08929619,0.025330365,0.5248503,0.49684367,-0.0025502166,0.5285967,0.31006056,0.0012617274,0.5296862,0.20763665,0.017520487,0.53108907,0.1347234,0.031903986,0.56793886,0.5447523,0.0001941682,0.5724462,0.39680424,0.017311594,0.5704439,0.32103732,0.03820929,0.56617403,0.25942832,0.054915756,1
0.460977,0.83117026,1.4611221e-07,0.38810247,0.71778846,0.03727331,0.35173154,0.59338737,0.048217025,0.34929496,0.45163488,0.057569653,0.3257745,0.36495757,0.068611555,0.41777316,0.46597233,0.005109143,0.43031165,0.2683509,0.011292746,0.44269764,0.18045026,0.026148222,0.45337653,0.1125789,0.04024948,0.47635466,0.46662712,-0.0035919552,0.48472476,0.2583657,-0.006721079,0.49110296,0.15819284,0.0074105146,0.49842566,0.090411246,0.022333106,0.5254422,0.4960075,-0.0053087776,0.53056186,0.31049532,-0.0032793086,0.5317579,0.20834318,0.012780251,0.5334966,0.13685304,0.027922455,0.56871206,0.5458917,-0.0013688782,0.57540655,0.39722216,0.01554513,0.5739179,0.32280132,0.037264604,0.5702228,0.26346982,0.05496308,1
0.4610297,0.8264586,1.4413786e-07,0.3884987,0.7170179,0.034528356,0.35256827,0.593364,0.04448482,0.34894094,0.4519653,0.052349456,0.32556504,0.36435604,0.061550327,0.4174958,0.4667996,0.0093109235,0.43037543,0.27315438,0.017752415,0.4417458,0.18655768,0.032629274,0.45104334,0.11838713,0.045498926,0.47517174,0.46731335,-0.00014424336,0.48245937,0.26135427,-0.00177694,0.48814842,0.16214526,0.009971407,0.49496382,0.09215546,0.021917963,0.524001,0.49522698,-0.003332003,0.52929413,0.3112828,0.00089156575,0.5301218,0.20912564,0.015148897,0.53073734,0.13564456,0.02724198,0.5664664,0.5420112,-0.0017018359,0.5722819,0.39483052,0.01446008,0.5704836,0.3200348,0.033408426,0.5665707,0.25857902,0.048194923,1
0.45933715,0.8293585,1.6288004e-07,0.38789436,0.7148242,0.03362575,0.35230088,0.5900478,0.042321384,0.34987146,0.45069385,0.048830945,0.32634568,0.3634105,0.056419093,0.4168127,0.4666652,0.0027853039,0.43037555,0.2708947,0.0065459036,0.44312397,0.18192759,0.018913874,0.45425507,0.113024205,0.030494435,0.47570065,0.4706462,-0.008174334,0.48422053,0.26421124,-0.014559798,0.49184522,0.16264337,-0.0044588917,0.50093746,0.09202534,0.0070549594,0.52615184,0.5015427,-0.012905949,0.5319747,0.31312254,-0.01442191,0.5337551,0.20930815,-0.002086205,0.53532207,0.13377437,0.009947716,0.57038075,0.5513855,-0.012551094,0.57712555,0.39983457,-0.0013488757,0.57315874,0.32370687,0.01622638,0.5667124,0.26271886,0.030892998,1
0.4568043,0.8259877,1.26009e-07,0.3882175,0.71052414,0.040323853,0.35374033,0.5851163,0.054824118,0.35122597,0.44764647,0.06602739,0.32850188,0.36537227,0.078413226,0.41277057,0.45952082,0.018651614,0.4300401,0.27082315,0.028351279,0.44410738,0.1848712,0.043329168,0.45540693,0.117832005,0.055680685,0.47049335,0.4624854,0.0053861835,0.48197848,0.2586396,0.0046053743,0.49082902,0.15906882,0.015137058,0.49870858,0.0888342,0.026193213,0.519687,0.4913348,-0.0017185614,0.52735037,0.30727458,0.0018731655,0.5308843,0.20504585,0.014200516,0.53263617,0.13016543,0.025125546,0.56491673,0.541251,-0.0035935645,0.57231444,0.39064163,0.010317049,0.57281506,0.31234854,0.027371917,0.5701386,0.2462922,0.041201975,1
0.449172,0.8152921,1.307754e-07,0.39047152,0.6977227,0.043590296,0.3571124,0.569116,0.058787372,0.35361376,0.43760088,0.06839308,0.3326294,0.3613572,0.07735166,0.40191284,0.45287362,0.0158267,0.426209,0.26523054,0.018394753,0.4455519,0.17644432,0.02831287,0.46078092,0.1132164,0.03773564,0.4556097,0.45838383,-0.0039834743,0.4807048,0.25090545,-0.005581528,0.49732146,0.15003777,0.003446328,0.51017696,0.08199519,0.013148805,0.50827605,0.48448068,-0.01828184,0.52602667,0.29411668,-0.015771544,0.5343745,0.1916315,-0.006430757,0.53899795,0.1153841,0.0016586615,0.5590925,0.53541684,-0.027667781,0.5743677,0.3832071,-0.018317474,0.576755,0.30425096,-0.00519199,0.57581973,0.23845865,0.0061030886,1
0.4438377,0.82615817,1.3323309e-07,0.39830855,0.69707406,0.054952197,0.3717357,0.563838,0.07349222,0.36629853,0.44038215,0.08250049,0.3430587,0.37538594,0.08890615,0.3931148,0.44818723,0.028026978,0.42143515,0.2698632,0.02758705,0.44493797,0.1812515,0.031629995,0.46289095,0.11850238,0.03598141,0.436462,0.45696658,-0.0017261864,0.47452423,0.25640064,-0.0014674487,0.49859002,0.15532058,0.004875037,0.5167185,0.085959345,0.0101975165,0.48385632,0.48642686,-0.026622025,0.518894,0.29331917,-0.024106178,0.53445417,0.1904644,-0.018039938,0.5443455,0.1128954,-0.014342514,0.5353591,0.5391036,-0.046257026,0.5631276,0.3821748,-0.040670864,0.5716693,0.29823884,-0.032181684,0.57512206,0.22444013,-0.025519103,1
0.43357038,0.810676,4.1645788e-07,0.40999523,0.66716945,0.02402157,0.4080921,0.5124304,0.02074428,0.43017754,0.40785983,0.008430559,0.4685765,0.35364377,-0.0037901138,0.38968492,0.41247618,0.00566024,0.43869206,0.25611368,-0.011038622,0.4770486,0.16879183,-0.021577846,0.50567764,0.10945919,-0.028457992,0.40909374,0.4206692,-0.018756649,0.4918373,0.26171702,-0.027928075,0.53469414,0.2562306,-0.02764561,0.55133885,0.26900196,-0.028195577,0.44356352,0.44704866,-0.041804984,0.53072894,0.30584574,-0.044121962,0.5641405,0.31773394,-0.030513283,0.5697213,0.34637576,-0.023138708,0.4836015,0.48868814,-0.06479339,0.55474854,0.3929385,-0.059749205,0.5830617,0.40225798,-0.04561845,0.5890323,0.42301872,-0.035893384,1
0.44382107,0.8434478,4.868273e-07,0.49306762,0.69151384,0.0389172,0.49677217,0.554271,0.04696211,0.49999234,0.4455044,0.03684604,0.5187565,0.37206104,0.026250124,0.43341622,0.43834072,0.049448304,0.47176126,0.30396402,0.041843038,0.49379992,0.20876873,0.038356967,0.507106,0.12890598,0.036081366,0.42235443,0.42945746,0.016065119,0.48906446,0.31039995,0.0014247356,0.5061533,0.24174677,-0.0055155475,0.5093867,0.18849567,-0.008194896,0.42308924,0.44262975,-0.017859627,0.5349406,0.38682517,-0.040047634,0.56144935,0.47678477,-0.0424602,0.5664594,0.56245595,-0.035863955,0.43678308,0.46912307,-0.049996443,0.5261063,0.42036715,-0.061851617,0.57098013,0.44589,-0.06290991,0.601069,0.48877227,-0.05881162,1
0.44778726,0.85240364,2.443481e-07,0.51735246,0.76138175,0.0073453244,0.5437409,0.62616307,0.015346239,0.5532827,0.53377455,0.014064383,0.5510279,0.45555803,0.015009703,0.5035689,0.50352836,0.052053444,0.5341185,0.40403995,0.031448547,0.5598879,0.38905495,0.0058485824,0.5730052,0.39199066,-0.0074784765,0.47794294,0.47300622,0.03392994,0.49824342,0.3286525,0.027421314,0.5159243,0.23896044,0.013170632,0.52941084,0.16666275,0.0029579035,0.4512429,0.46701658,0.008394952,0.47042692,0.3286313,-0.0003588617,0.48905477,0.24167424,-0.010157521,0.5026402,0.17541102,-0.016669117,0.4253894,0.47950062,-0.019098949,0.44815096,0.37497804,-0.022343075,0.46545786,0.31083262,-0.020432295,0.48098296,0.2595682,-0.019491822,1
0.4483956,0.8369038,1.8303962e-07,0.52810687,0.7847395,-0.0049378527,0.57767004,0.67174625,0.000841767,0.6064651,0.58357584,0.0006474885,0.62329596,0.5206349,0.0031748237,0.54898375,0.5146681,0.04251246,0.5790701,0.40709028,0.023736099,0.585474,0.39033988,0.001625853,0.5815715,0.3994743,-0.00824296,0.5162468,0.47600877,0.0346537,0.5413398,0.34573737,0.029688269,0.55904007,0.2816023,0.018619046,0.57245094,0.24442166,0.012751033,0.47932354,0.46028998,0.01927291,0.5005029,0.33020955,0.013732053,0.51994103,0.26492795,0.010972622,0.53709954,0.2213456,0.011257111,0.43611842,0.4627862,0.00090182567,0.45380875,0.35741258,0.00020665415,0.4688696,0.29235762,0.006445819,0.4847583,0.24071422,0.01286306,1
0.45164216,0.83727837,3.5152044e-07,0.5405126,0.7814724,-0.00097618246,0.5860034,0.67841756,0.013839298,0.6062449,0.5887965,0.023076827,0.61045516,0.5165387,0.0337004,0.56154215,0.5250971,0.06446766,0.58145165,0.4125089,0.06501068,0.5911295,0.3511,0.052964773,0.59922343,0.30102393,0.043912265,0.5299517,0.4875276,0.05796945,0.55402213,0.35898173,0.061385185,0.5714522,0.28138942,0.0482498,0.59022903,0.21915773,0.038422804,0.49416295,0.4690842,0.04457435,0.515515,0.34435993,0.043666728,0.5325193,0.27284157,0.0328288,0.550794,0.2147207,0.025584055,0.45041317,0.46781614,0.028920442,0.46947774,0.36327526,0.029020788,0.48126882,0.30056444,0.028607082,0.49464458,0.24670216,0.028388409,1
0.46366063,0.84462553,4.7335868e-07,0.5527696,0.789157,-0.004294586,0.5964829,0.68438584,0.008926481,0.6092956,0.5861733,0.017336775,0.6105469,0.5055358,0.026895955,0.5665093,0.5250141,0.061419543,0.58622783,0.40815187,0.06280114,0.59980595,0.3362146,0.05112501,0.61209524,0.27495393,0.04174822,0.53454614,0.48976365,0.055884726,0.55994505,0.3546123,0.059951887,0.579828,0.2699049,0.045779992,0.6009933,0.20463774,0.035030045,0.4988305,0.47296333,0.04359699,0.5214406,0.3403478,0.043343,0.539992,0.26414996,0.031262547,0.5591939,0.20437506,0.02282834,0.4549651,0.47599778,0.028873714,0.47329563,0.3650806,0.028181717,0.48587102,0.29919207,0.02643051,0.49938896,0.24279663,0.025292132,1
0.46527666,0.85134643,4.9912734e-07,0.55474144,0.7897197,0.0025557321,0.59318674,0.6803895,0.020102527,0.60444224,0.57928395,0.031287625,0.60829896,0.49710453,0.04377276,0.56792647,0.52693236,0.07765936,0.5888647,0.40769637,0.08663957,0.6018086,0.33934265,0.0795631,0.6114833,0.28351635,0.073377766,0.5345061,0.49095124,0.07040563,0.55945855,0.35315916,0.08334196,0.5779599,0.2663916,0.07350998,0.5962084,0.199895,0.06538829,0.49801806,0.47331226,0.056060534,0.51849824,0.34159726,0.064619996,0.53482145,0.26634037,0.05574302,0.5515602,0.20417106,0.048272636,0.45315626,0.47679335,0.03936087,0.46981278,0.3707825,0.0461341,0.48121125,0.3058142,0.04712878,0.49398962,0.24751562,0.047039628,1
0.46736893,0.8534486,4.1737408e-07,0.5539358,0.7971436,-0.003189521,0.59469527,0.68078625,0.010122671,0.6051215,0.5799351,0.018960295,0.6069569,0.5016701,0.02940021,0.5659492,0.521594,0.05591857,0.586881,0.4025808,0.056544334,0.59860826,0.33257282,0.046504986,0.60774934,0.27425036,0.03906422,0.53279686,0.48701423,0.050504174,0.5564658,0.34823513,0.054695077,0.57281464,0.26029265,0.044289257,0.5889959,0.19198138,0.036716815,0.4962804,0.4728344,0.038761433,0.51475906,0.33993798,0.039708473,0.5291094,0.26542372,0.03199241,0.54388064,0.20694569,0.026752407,0.45238784,0.47997588,0.024599623,0.4648804,0.37296712,0.025494456,0.47430754,0.30645394,0.026091363,0.4852075,0.24889886,0.02686983,1
0.46425837,0.8525138,4.475861e-07,0.54924524,0.7950374,-0.007006625,0.5916905,0.67968535,0.0033265771,0.6045625,0.5774699,0.009842985,0.60331273,0.49516904,0.017989205,0.5615339,0.5092853,0.05145134,0.58287776,0.38736412,0.0517917,0.59271324,0.31656522,0.041466184,0.59930193,0.25714815,0.033807836,0.52749926,0.4787942,0.047632605,0.5502175,0.3397946,0.052226488,0.56300724,0.25098962,0.041839495,0.5747345,0.18223599,0.034086645,0.49049124,0.46825436,0.0374775,0.50880396,0.3387092,0.039488617,0.5205846,0.26444516,0.032885045,0.5308804,0.20678326,0.028169988,0.44621354,0.47965413,0.024475452,0.45998153,0.3774416,0.02570131,0.46736938,0.3105424,0.026866272,0.47426936,0.25260684,0.028283274,1
0.46248454,0.8498193,4.4172057e-07,0.546693,0.79128027,-0.01180235,0.5909678,0.6792855,-0.0052588754,0.60261506,0.57102376,-0.0016100631,0.60330737,0.48415285,0.0036482406,0.5605685,0.4955678,0.045483556,0.5784598,0.37064508,0.04338714,0.5851753,0.30030757,0.030908909,0.58955514,0.24147433,0.021517327,0.52416736,0.46861675,0.042869378,0.54368585,0.32651186,0.045044318,0.5538817,0.23790264,0.03196093,0.56247586,0.17100325,0.02169097,0.4851442,0.46408468,0.0336615,0.50092465,0.32949507,0.031784084,0.5087035,0.25593343,0.021610646,0.5145895,0.20346254,0.014598867,0.44029862,0.48120224,0.021597786,0.45261505,0.37273633,0.018781893,0.45923162,0.30674553,0.016762061,0.46519852,0.25254527,0.015985997,1
0.46147928,0.8481334,3.4648048e-07,0.54497224,0.7925023,-0.014935696,0.5887324,0.6785487,-0.012629375,0.6028329,0.56528383,-0.013496993,0.606372,0.47721487,-0.011137823,0.55999905,0.49794748,0.04104784,0.58202493,0.37178636,0.026653536,0.584726,0.3404709,0.007726806,0.5801228,0.33450082,-0.0005990948,0.52093726,0.46783268,0.04000066,0.5421088,0.3209803,0.04022953,0.5520205,0.23562038,0.031034317,0.5593405,0.17281765,0.02552607,0.4808502,0.46559596,0.03046552,0.4941031,0.3296901,0.028457945,0.5020585,0.25259385,0.0241517,0.50903124,0.19741207,0.022666564,0.43616733,0.48644304,0.017290084,0.4452925,0.37781417,0.016465921,0.45123866,0.31073284,0.019251315,0.45771006,0.25422224,0.023146313,1
0.46034634,0.8454437,3.2145968e-07,0.5415314,0.787395,-0.017917715,0.5881881,0.67687297,-0.020165911,0.6059677,0.56572276,-0.026357895,0.60425943,0.47645968,-0.028577887,0.55573905,0.49400556,0.036474925,0.5805594,0.3745129,0.012589362,0.5896485,0.38226503,-0.012329515,0.58839023,0.42389116,-0.021546591,0.51681364,0.46372896,0.034572102,0.53733474,0.31414187,0.03270317,0.54828423,0.22926563,0.02373037,0.5560205,0.16779688,0.018672597,0.4768678,0.46173128,0.022786677,0.49025884,0.32659915,0.018352827,0.49848574,0.24700445,0.014271794,0.5042753,0.19220158,0.013539646,0.4325853,0.48255002,0.006810675,0.44263262,0.37336674,0.00466766,0.44723642,0.30691388,0.008500769,0.45115066,0.25369594,0.01361091,1
0.46133476,0.8423764,3.192104e-07,0.54137236,0.7808541,-0.016386194,0.58752376,0.66560847,-0.018143902,0.6054995,0.55444795,-0.023682432,0.60503936,0.46278444,-0.026171358,0.5565308,0.49043375,0.034385063,0.57808846,0.3710575,0.013429119,0.58289903,0.35411677,-0.008756212,0.5793555,0.37182203,-0.017413523,0.5164959,0.4606198,0.031316053,0.5344874,0.30972522,0.028675433,0.5439463,0.22323895,0.020499777,0.5514142,0.16085112,0.016113266,0.47601205,0.45864308,0.019074483,0.4880842,0.31996036,0.0137693025,0.49630883,0.2384286,0.010194594,0.50369084,0.18007684,0.009477825,0.43161488,0.47985572,0.0029876006,0.43997496,0.36995453,-0.00086000765,0.444408,0.30175877,0.0022088287,0.44889194,0.24474648,0.006546818,1
0.46079645,0.8361883,4.2672053e-07,0.5395643,0.7742064,-0.023622468,0.586056,0.6631781,-0.02799724,0.6043457,0.5505489,-0.033662863,0.60847604,0.45393634,-0.037087843,0.5581781,0.47769845,0.0248721,0.5725675,0.35590035,0.012840286,0.5716831,0.2860052,-0.0033625355,0.5661884,0.23974091,-0.012858835,0.516212,0.4532844,0.024750557,0.5314285,0.30511683,0.02147903,0.5386005,0.21509695,0.011919768,0.5438959,0.14799055,0.005214308,0.47422266,0.4552966,0.016690448,0.48372138,0.31800354,0.009709962,0.48939195,0.24058315,0.0031419175,0.4937615,0.1849882,-0.00073009793,0.42968738,0.47912723,0.0046063974,0.4364105,0.36937672,-0.0032256974,0.44040376,0.30176252,-0.004941745,0.4443815,0.24502751,-0.0048373537,1
0.46089032,0.83421993,4.802801e-07,0.5406105,0.7715217,-0.023431152,0.5875242,0.6567075,-0.026478242,0.6029707,0.5433901,-0.030644435,0.60866827,0.44743246,-0.03263017,0.55783296,0.46731263,0.026720732,0.5695511,0.34135365,0.019870438,0.5688664,0.26366016,0.0074828854,0.56553626,0.20539337,-0.0010228545,0.5148074,0.44607547,0.026536534,0.52820003,0.29720277,0.0256023,0.5347279,0.20694539,0.017160805,0.54022634,0.13949993,0.011016594,0.47235796,0.45082206,0.018788766,0.4784221,0.31199378,0.013135567,0.483508,0.2337079,0.006976753,0.48836365,0.17713934,0.003127335,0.4278638,0.4773645,0.0070072915,0.43335685,0.36651778,-0.0006630762,0.43739602,0.29952973,-0.0025109039,0.44249457,0.2430554,-0.0026056797,1
0.4572496,0.83382607,4.7546493e-07,0.53959334,0.7699938,-0.025717525,0.5872806,0.65277284,-0.028507382,0.6034015,0.53594285,-0.03176982,0.60759777,0.43757302,-0.032555904,0.5581958,0.46609753,0.02551216,0.5672109,0.3393265,0.019895714,0.56449956,0.25867224,0.008754614,0.55937886,0.19637156,0.0010433412,0.5142101,0.44344568,0.027074229,0.52553934,0.29340753,0.028108926,0.5306809,0.20195481,0.022223754,0.5346542,0.13201168,0.018120544,0.47133377,0.44770947,0.020856107,0.47620487,0.31023487,0.016975658,0.48009416,0.2364642,0.013890853,0.48332313,0.18077284,0.012331103,0.4271953,0.47394675,0.010141773,0.43191153,0.365458,0.0035759476,0.43486625,0.30012116,0.0033912177,0.4387296,0.24236888,0.0047967196,1
0.45567062,0.8306494,4.6787156e-07,0.5366902,0.7684672,-0.027021062,0.5862212,0.65237767,-0.030210158,0.60374445,0.5326697,-0.03350686,0.60991037,0.43476352,-0.034513313,0.55655897,0.4627468,0.024334172,0.56732917,0.33891624,0.018770857,0.56626683,0.2592046,0.007141709,0.562029,0.1966325,-0.0012756251,0.5126783,0.4413933,0.026215319,0.5261905,0.29310673,0.026800698,0.5320916,0.20109388,0.019478863,0.5359064,0.1278635,0.013748012,0.4702687,0.4462985,0.020281378,0.47677383,0.31193665,0.015858443,0.48233384,0.2372492,0.010623908,0.48691717,0.17803565,0.007002893,0.42582798,0.47214037,0.009807147,0.43050057,0.3641671,0.0025980189,0.43457574,0.29768956,0.00088518945,0.4398021,0.23696479,0.0005767235,1
0.456899,0.8294616,4.978587e-07,0.53774154,0.7677773,-0.028885648,0.5871089,0.64587444,-0.03213035,0.60374194,0.52600527,-0.035031922,0.6115948,0.43240422,-0.035234753,0.5555869,0.4556146,0.023558607,0.5667098,0.33316082,0.020177923,0.5662164,0.25359416,0.010235837,0.561515,0.18965486,0.0026022263,0.5116708,0.4363244,0.026336055,0.52546775,0.2887682,0.028841624,0.5315283,0.19641042,0.022943202,0.53431106,0.12213948,0.018033005,0.46968746,0.44300687,0.02117397,0.47586268,0.3096426,0.017495085,0.48167777,0.24026975,0.012690008,0.48519623,0.18625063,0.009486816,0.4254882,0.46967158,0.011248185,0.42982975,0.36119384,0.0039036246,0.43345526,0.29465175,0.001719971,0.4376848,0.23409492,0.001094317,1
0.45752034,0.82617223,4.6878236e-07,0.5385536,0.7638729,-0.02678606,0.5879244,0.64414585,-0.029677039,0.603916,0.52667224,-0.032595918,0.6110023,0.43091077,-0.033051945,0.5571519,0.45500147,0.023109967,0.56794953,0.33093202,0.018247684,0.5670643,0.2508137,0.007959077,0.56216055,0.18907079,0.0006681268,0.5129304,0.43356043,0.024742853,0.5255666,0.28267646,0.026379226,0.5304828,0.19105706,0.021244658,0.5325348,0.119993836,0.017604526,0.47051018,0.43862996,0.018650351,0.47585067,0.30221668,0.015110565,0.48117575,0.22434711,0.011708033,0.4849222,0.16238123,0.009655185,0.42580253,0.46521756,0.007957515,0.42965987,0.35607427,0.0010629757,0.432719,0.2882765,0.00032540754,0.4363124,0.22621584,0.0011551563,1
0.4583641,0.82598245,4.4756572e-07,0.5381555,0.76473665,-0.026393063,0.5870558,0.6427841,-0.02917682,0.6040176,0.52528733,-0.031984776,0.6109224,0.43085477,-0.03252118,0.55672693,0.4524416,0.02144418,0.5676055,0.32694876,0.015060774,0.5660676,0.24608678,0.0035727057,0.5604927,0.18350092,-0.004642493,0.51258445,0.4299424,0.022771744,0.5252499,0.28028497,0.022359582,0.5298941,0.18826121,0.01561409,0.5313427,0.11678955,0.010798362,0.46996337,0.43542182,0.016559735,0.47485048,0.29898912,0.01159352,0.47942975,0.22021413,0.0071822745,0.48238093,0.15698338,0.004328423,0.42577285,0.46314833,0.0058949194,0.43018752,0.35420746,-0.0018052361,0.43320876,0.28691077,-0.0030223462,0.43684545,0.22489482,-0.0026645928,1
0.45815974,0.82671726,4.369742e-07,0.53748417,0.7653848,-0.02742467,0.5863313,0.6439567,-0.030743254,0.6037835,0.5258198,-0.0340527,0.6107326,0.4308981,-0.035131007,0.55572546,0.45678535,0.020640671,0.5669506,0.33358043,0.013350934,0.5658865,0.25316322,0.0014639866,0.5611787,0.19146073,-0.0068383953,0.51202065,0.43411362,0.022193326,0.52415144,0.28384525,0.021145284,0.5287717,0.19176862,0.0144775035,0.53115964,0.120085895,0.009777069,0.46986806,0.4391943,0.016006391,0.47583914,0.30304062,0.0102464445,0.48089042,0.22469634,0.0060272603,0.48483485,0.16205654,0.0034534852,0.42594388,0.46585268,0.0052297963,0.4303014,0.35718286,-0.003232427,0.4332591,0.28957075,-0.004566697,0.43711072,0.22721443,-0.004201895,1
0.45881742,0.82894355,4.7881684e-07,0.5381134,0.7657908,-0.02936923,0.5865219,0.64311826,-0.03352021,0.6039625,0.5241194,-0.037352238,0.6082662,0.42925674,-0.038769674,0.5539181,0.45529917,0.019756569,0.56427526,0.33254117,0.013587247,0.56297,0.25180954,0.0021698806,0.5576441,0.18836981,-0.0060575088,0.5099909,0.4359781,0.022332817,0.5227446,0.28776997,0.021940004,0.52783173,0.19382605,0.0149948085,0.5300554,0.11774257,0.009584382,0.46799776,0.4436958,0.017034775,0.47263855,0.30942658,0.01132764,0.47668585,0.24084598,0.0063495594,0.4795222,0.18787453,0.0031957242,0.42480454,0.47106272,0.006967451,0.42865458,0.36147022,-0.0015380016,0.43142596,0.29454258,-0.0038846752,0.43571973,0.23336282,-0.004610954,1
0.4595852,0.8312385,4.602094e-07,0.53808576,0.7683853,-0.028033381,0.5858523,0.6430012,-0.031904817,0.6030645,0.52318084,-0.035679504,0.6087481,0.43215966,-0.03725786,0.5537076,0.45576152,0.020058181,0.56270695,0.33183575,0.013549823,0.5606345,0.25115925,0.0015479294,0.5550307,0.1865175,-0.007466106,0.50985587,0.43695468,0.02184175,0.5212292,0.28956854,0.02084468,0.52560055,0.19625914,0.013006695,0.52739394,0.12014949,0.00689642,0.4676801,0.44526643,0.016010951,0.47180513,0.31141436,0.010569277,0.47596228,0.23409966,0.005057635,0.47863176,0.17142513,0.0011061133,0.4239887,0.474324,0.0055503338,0.42719245,0.3660347,-0.0026171382,0.42982936,0.29816967,-0.004894409,0.43365303,0.23516655,-0.0057278927,1
0.45978135,0.8337846,4.4376193e-07,0.53757095,0.770046,-0.02794958,0.5860156,0.64387053,-0.03157661,0.6012537,0.52429616,-0.035011705,0.6076241,0.43202412,-0.03631615,0.553521,0.4576396,0.020243315,0.56278855,0.33311933,0.01359403,0.56041133,0.2535216,0.0013906336,0.5547697,0.19019383,-0.00776313,0.50963396,0.4387685,0.021871436,0.52048343,0.29052925,0.020625195,0.52410764,0.19691652,0.012122888,0.5254236,0.12142831,0.0054990416,0.46750116,0.44722614,0.015879165,0.47209674,0.31088993,0.010251391,0.47678408,0.22969612,0.0036668177,0.480008,0.16294071,-0.0012338513,0.4235511,0.47722092,0.00537281,0.4264242,0.3680144,-0.0030238016,0.4291894,0.29870868,-0.0059029986,0.43316576,0.2335616,-0.0073184115,1
0.45979682,0.83432025,4.4284445e-07,0.5380876,0.771428,-0.027782511,0.5866519,0.6458647,-0.031185625,0.60117716,0.5274288,-0.034284342,0.60756814,0.43555772,-0.035155173,0.55378914,0.45747802,0.020318497,0.5627052,0.33105123,0.014272318,0.55972517,0.25092086,0.0028329098,0.5534467,0.18898267,-0.005649132,0.50959927,0.43876266,0.022094173,0.5204468,0.28777587,0.021794684,0.52376217,0.19406995,0.014353581,0.52477103,0.1199415,0.008592513,0.46733662,0.44702265,0.016243668,0.47332317,0.30774957,0.011466952,0.47921455,0.2242263,0.0052477294,0.4832319,0.15615076,0.00046841215,0.42309743,0.47693443,0.005905805,0.42625865,0.36832672,-0.0019699049,0.42913932,0.29946053,-0.004640254,0.4329906,0.23469311,-0.005925752,1
0.45932218,0.8327631,4.2485175e-07,0.5366463,0.77004015,-0.02862834,0.58523524,0.64613026,-0.033365432,0.6011206,0.5279989,-0.037791394,0.60932297,0.43461376,-0.040168542,0.5539026,0.45659167,0.016531868,0.5623464,0.33178037,0.007626927,0.55910534,0.2512941,-0.00560192,0.55239713,0.18868735,-0.015231075,0.50981,0.43866056,0.017793411,0.5200895,0.28810468,0.014316002,0.5234109,0.19345593,0.0050978633,0.52440053,0.11699441,-0.001989951,0.46759802,0.44829354,0.011432029,0.47221008,0.3113873,0.0036024076,0.47738242,0.22899944,-0.0040447973,0.4811472,0.16107166,-0.009617941,0.42308727,0.47944394,0.00060951087,0.4258067,0.37065756,-0.009726663,0.428779,0.30073786,-0.013891285,0.43288243,0.23418123,-0.016249543,1
0.46046126,0.8316597,4.4039564e-07,0.5372851,0.7690947,-0.030121613,0.58618814,0.64501417,-0.035429154,0.6011001,0.5261081,-0.039835017,0.6081319,0.4323306,-0.041979924,0.55388546,0.45269874,0.014632177,0.5613204,0.32559592,0.005617528,0.5573418,0.24493697,-0.007951552,0.5499079,0.18057916,-0.01793479,0.50934225,0.4345484,0.016861316,0.5196734,0.28326952,0.013422951,0.5229161,0.18884876,0.0038808235,0.523512,0.11339271,-0.0034629751,0.4667919,0.4443939,0.01152962,0.47082043,0.3060064,0.0042721,0.47568947,0.22255468,-0.0034698145,0.47911105,0.15397155,-0.009230992,0.4224096,0.47615406,0.0016503034,0.42541486,0.36690092,-0.00791386,0.42893595,0.29692233,-0.011780026,0.43385434,0.23057517,-0.013998224,1
0.46056294,0.831465,3.8507497e-07,0.5367346,0.7695371,-0.027616482,0.5855628,0.6441064,-0.03221153,0.6003816,0.52604645,-0.03636028,0.60708416,0.4356209,-0.03869351,0.5531205,0.45531103,0.012927179,0.56170183,0.32620007,0.0015677223,0.55802685,0.24537209,-0.01340077,0.5508674,0.18324116,-0.024082523,0.5093382,0.43552732,0.013605838,0.51983005,0.28210402,0.0073434627,0.5226044,0.18625116,-0.0040385975,0.52260524,0.110203445,-0.012582814,0.46729714,0.4439502,0.0071673617,0.47291878,0.30235752,-0.001824729,0.47820452,0.21609989,-0.010701985,0.48180053,0.14544106,-0.01737617,0.42282307,0.47517246,-0.0034187266,0.4257195,0.36498976,-0.013777788,0.4288798,0.29450846,-0.017940199,0.4327694,0.22780457,-0.020522576,1
0.46002036,0.83240306,3.8722493e-07,0.53733337,0.76878786,-0.026961066,0.5856535,0.6441986,-0.031083208,0.6004577,0.52635384,-0.035087653,0.60724616,0.43412876,-0.037216056,0.5517745,0.45662665,0.015966268,0.5609099,0.32807603,0.004994786,0.5579793,0.24842605,-0.009850179,0.5518881,0.18844554,-0.020215668,0.50835675,0.43687207,0.016622463,0.5188878,0.28433192,0.011059283,0.5217686,0.18887928,-0.00013323736,0.52234167,0.11346245,-0.008469641,0.46677455,0.44496787,0.00998327,0.47259367,0.30457363,0.0014885478,0.47827083,0.21865481,-0.007037764,0.4826728,0.14837337,-0.013350334,0.42275375,0.47600585,-0.00082979084,0.4258229,0.3662342,-0.010841843,0.42906785,0.29541057,-0.014739821,0.43326855,0.22837645,-0.017000675,1
0.4608055,0.833228,3.8946627e-07,0.536602,0.7701193,-0.0288327,0.5857563,0.64434,-0.034057636,0.59999764,0.52537847,-0.038611382,0.60526264,0.4329913,-0.04114064,0.55283666,0.45661485,0.012788511,0.5617851,0.32800686,0.0011545575,0.55863816,0.24834731,-0.01395989,0.552155,0.18865737,-0.02442057,0.5087217,0.4367473,0.014191486,0.5190022,0.28348085,0.008158962,0.52215797,0.18828684,-0.002900922,0.5228789,0.11339748,-0.011064733,0.46686342,0.44498697,0.008282275,0.47289443,0.3027463,-0.00038011547,0.47897032,0.21639737,-0.008793122,0.4835557,0.14643234,-0.014996072,0.422839,0.47640425,-0.0019337757,0.4254803,0.365533,-0.0120393215,0.42842788,0.29376984,-0.01596272,0.43243074,0.22613552,-0.018197553,1
0.45973805,0.8350687,4.0458679e-07,0.53709155,0.76984084,-0.028266545,0.5857286,0.6461052,-0.03309626,0.6005979,0.52685624,-0.037744578,0.60442126,0.43114486,-0.040363606,0.5514356,0.46049258,0.01677084,0.56087977,0.33378723,0.0060265823,0.55912167,0.2551935,-0.0084004635,0.55441904,0.19697008,-0.018262722,0.5077808,0.4396979,0.01787606,0.51785177,0.28720152,0.012851129,0.52055615,0.1916546,0.002494331,0.5212479,0.11519107,-0.0050542364,0.46612155,0.44682848,0.011320193,0.47148773,0.30536643,0.0028261538,0.47662485,0.21899459,-0.0052142343,0.48053423,0.14873555,-0.010914074,0.4224484,0.47721887,0.00040598912,0.42497528,0.36746615,-0.009734678,0.42774945,0.29645944,-0.013482622,0.4316587,0.22988185,-0.015411321,1
0.45891657,0.83252454,4.1241535e-07,0.5356497,0.76920485,-0.030438371,0.5863658,0.64658207,-0.036732007,0.6018861,0.52673155,-0.042216007,0.6024839,0.43115258,-0.045637816,0.5523287,0.4575414,0.012512492,0.5606451,0.33021352,3.6364894e-05,0.55608904,0.25079906,-0.015652172,0.54841703,0.19308075,-0.026039459,0.50783306,0.43848336,0.0145697445,0.5179704,0.2852564,0.008642716,0.5210503,0.1896959,-0.001979759,0.5219912,0.11409119,-0.009687863,0.46562886,0.4474742,0.00895119,0.47104657,0.30654275,0.00016362584,0.4763232,0.22018182,-0.007598456,0.48061135,0.15040597,-0.013080797,0.42158538,0.47887027,-0.0012141288,0.4241758,0.36763728,-0.011386971,0.42702416,0.29607737,-0.014887321,0.43108472,0.22879097,-0.016614143,1
0.45854595,0.8323797,4.289632e-07,0.535315,0.76847726,-0.030741977,0.58602375,0.64519715,-0.036620136,0.6025728,0.52550495,-0.0417441,0.60311747,0.42979074,-0.04457907,0.5519741,0.45709592,0.014067365,0.56091124,0.333414,0.0025130971,0.55649287,0.25484258,-0.012382533,0.5480854,0.19749677,-0.022010442,0.50763935,0.43857288,0.016524056,0.51817656,0.28856474,0.012004857,0.5210112,0.1926584,0.0027437485,0.52121913,0.11587411,-0.003863312,0.46556976,0.44798797,0.011096979,0.47009164,0.3132729,0.0030594738,0.47450036,0.23397431,-0.0030754623,0.4777556,0.17026213,-0.007028053,0.4218548,0.47846937,0.0008977878,0.42438418,0.36894727,-0.008865101,0.42704758,0.2992722,-0.011517794,0.4311881,0.23354024,-0.012318927,1
0.45764396,0.83025503,4.417521e-07,0.53538555,0.76630604,-0.030292202,0.5867517,0.643196,-0.0362528,0.6014528,0.5211203,-0.04130833,0.6025182,0.42505816,-0.044151522,0.551979,0.45111483,0.014694633,0.5592765,0.32135922,0.0040725344,0.5544987,0.24193126,-0.010711064,0.5470488,0.1817523,-0.020951834,0.50710875,0.43294546,0.017111544,0.51701546,0.28024232,0.012561773,0.5207612,0.18549752,0.0020807371,0.522499,0.11166015,-0.0055975043,0.4647275,0.44300508,0.011922709,0.4687783,0.30147743,0.004456627,0.4739757,0.21436453,-0.0030664043,0.4781846,0.14431792,-0.008503901,0.42104918,0.47629458,0.0022018598,0.423948,0.36525488,-0.0067755086,0.42726701,0.29450446,-0.009760901,0.43190795,0.2283575,-0.011174468,1
0.4567373,0.831594,4.1165626e-07,0.53453237,0.76442933,-0.029912941,0.5859539,0.6419072,-0.035923187,0.6025337,0.5214364,-0.041466925,0.6023495,0.42459843,-0.044922154,0.55225915,0.45414203,0.015947035,0.56108487,0.32964975,0.0037729267,0.5565277,0.2521536,-0.01217362,0.5483538,0.19620183,-0.022626018,0.5074633,0.43415222,0.017876625,0.51804227,0.2834388,0.012965357,0.52040696,0.18911985,0.0028592723,0.5203594,0.11380109,-0.0044190977,0.46480164,0.44238865,0.011846632,0.47031382,0.3032602,0.003541114,0.47461462,0.21784037,-0.00347627,0.47753674,0.14847144,-0.008283947,0.42014846,0.47350344,0.0012065666,0.42340374,0.36435655,-0.008392041,0.42617422,0.29427308,-0.011087874,0.42984474,0.22859049,-0.012099091,1
0.4571088,0.8295361,4.2609682e-07,0.53429157,0.76317227,-0.030226372,0.58595985,0.6409641,-0.036743138,0.6020353,0.51912653,-0.04235882,0.6018471,0.42340994,-0.045924716,0.55032945,0.45068178,0.012756727,0.5578935,0.32075018,0.00031962077,0.5530491,0.24169314,-0.015601231,0.54523855,0.1831333,-0.026146427,0.5055942,0.43288758,0.015061702,0.51609945,0.27893993,0.0091256695,0.5198918,0.18368202,-0.0020588222,0.52136534,0.10836017,-0.010167999,0.46328232,0.44284654,0.009851131,0.46797422,0.30083328,0.0014325344,0.47296822,0.21400717,-0.0064356714,0.47699016,0.14433575,-0.011995009,0.41942534,0.4750197,0.00018522714,0.4219444,0.3624004,-0.009133669,0.42537665,0.2909401,-0.01204465,0.43023545,0.22431993,-0.01339927,1
0.4560874,0.8319759,4.1995187e-07,0.53351426,0.76440865,-0.03066822,0.5857197,0.6425322,-0.036960326,0.60238135,0.5216472,-0.042624317,0.60144377,0.42330196,-0.046042345,0.5524925,0.45378456,0.015078609,0.5611152,0.32958344,0.0035764496,0.55635417,0.2512318,-0.011442497,0.5481969,0.19299805,-0.021296335,0.50735444,0.4338489,0.017443981,0.5173563,0.28403518,0.01314461,0.51864815,0.18940625,0.0039930684,0.51754475,0.11289182,-0.0024540746,0.46427503,0.44240302,0.011888022,0.46820077,0.3056878,0.0041300734,0.471403,0.22123507,-0.0018434058,0.4730631,0.15210488,-0.0058176154,0.4194403,0.47394088,0.0015888393,0.42234087,0.36648017,-0.007629226,0.42450798,0.297316,-0.009617526,0.42728955,0.23290503,-0.009900166,1
0.4553929,0.8301151,4.298744e-07,0.5317032,0.7627989,-0.03158653,0.58605194,0.64261186,-0.039281014,0.6034483,0.5184274,-0.04579465,0.59833187,0.4182463,-0.050147753,0.55026525,0.45089072,0.012009332,0.5570124,0.32230985,-0.0008170418,0.55097955,0.2444838,-0.017614514,0.5424413,0.18575186,-0.028666992,0.5049157,0.4326981,0.015189073,0.5145875,0.28015554,0.009942934,0.51757264,0.18585011,-0.00123963,0.51904833,0.10986772,-0.009502867,0.46209824,0.4420972,0.010835139,0.4661438,0.3010531,0.003614602,0.4703371,0.21560583,-0.0032064745,0.47355926,0.14672607,-0.008215313,0.4182663,0.4745357,0.001794841,0.4209491,0.36295134,-0.006082765,0.42389992,0.29280534,-0.0076461886,0.42783898,0.22845253,-0.0080405725,1
0.4554719,0.82969403,4.3690932e-07,0.5329529,0.75929654,-0.0316451,0.5871176,0.6368421,-0.038860746,0.6020589,0.51047975,-0.04507777,0.59464014,0.41095665,-0.04934027,0.54743314,0.4495404,0.01355158,0.5542308,0.32230163,0.0013797076,0.5509193,0.24492562,-0.01513431,0.54565316,0.1830687,-0.026563862,0.50257474,0.43197381,0.016344057,0.5115782,0.28070658,0.0105847735,0.5146253,0.18694511,-0.0016221037,0.5166463,0.10971564,-0.010809679,0.46020728,0.44137743,0.011573111,0.46433735,0.30143127,0.0033094864,0.4682464,0.21568832,-0.004646156,0.47122923,0.14557216,-0.010448818,0.41626936,0.47418502,0.0021481747,0.41927204,0.36394978,-0.0065159085,0.42248985,0.29430133,-0.008790326,0.42642206,0.23011783,-0.009882651,1
0.45514435,0.8306241,4.2271594e-07,0.53169435,0.762776,-0.032180257,0.5865088,0.643765,-0.040386766,0.6024844,0.5200211,-0.047394082,0.5962995,0.4200151,-0.05228207,0.5491945,0.45232373,0.010928359,0.55662864,0.324405,-0.0029370573,0.55043066,0.24599874,-0.020288717,0.54170495,0.18773332,-0.031681485,0.50336754,0.43330586,0.013779096,0.5122129,0.28055847,0.00729402,0.5144279,0.185346,-0.004522883,0.5153672,0.10943407,-0.013186781,0.46042016,0.44232833,0.009001084,0.46407232,0.30081767,0.00045566703,0.46883428,0.21367982,-0.006949608,0.47297576,0.14396456,-0.0122665595,0.41658676,0.4747457,-0.00048494956,0.41902435,0.36258787,-0.009498605,0.42233813,0.29110688,-0.01158283,0.42683005,0.22582498,-0.012288062,1
0.4550467,0.8282552,4.361769e-07,0.5316721,0.7605479,-0.033040892,0.5869332,0.6375746,-0.040976815,0.60176665,0.509423,-0.047568664,0.59502524,0.40820464,-0.052046135,0.54704654,0.44769716,0.011445684,0.5536022,0.31877005,-0.0013733996,0.549057,0.24091831,-0.017927876,0.5423457,0.18082339,-0.029111233,0.5019849,0.43102717,0.014713032,0.51079017,0.2786838,0.008602768,0.5138544,0.18488163,-0.0034032527,0.5159508,0.10962811,-0.012343171,0.45979163,0.441243,0.010293083,0.463236,0.30029103,0.00179393,0.46764684,0.2141417,-0.0059511997,0.47175494,0.14470816,-0.011572888,0.41596878,0.4746277,0.0010941093,0.41800588,0.3621952,-0.00804523,0.42108914,0.2910205,-0.010532238,0.42563283,0.22547573,-0.011679498,1
0.45569482,0.8272956,4.209897e-07,0.5323932,0.76128113,-0.032496113,0.5853977,0.6437782,-0.04089558,0.6009093,0.5234249,-0.048163343,0.59794277,0.42425644,-0.05321019,0.5488101,0.4507923,0.009831125,0.5560604,0.32456404,-0.0036327024,0.55070794,0.24599636,-0.020265391,0.54250073,0.18507078,-0.031407956,0.50359195,0.43240613,0.012617256,0.5128784,0.2810384,0.006075002,0.5145993,0.18626383,-0.0050664907,0.514425,0.109271586,-0.013287825,0.460891,0.44156072,0.007765981,0.46439216,0.303079,-0.0010427382,0.4681456,0.21797135,-0.008262066,0.4707305,0.14847487,-0.013412799,0.41691372,0.47374824,-0.0018496709,0.41942602,0.36390862,-0.011253605,0.4221084,0.29375237,-0.013650969,0.42531502,0.22913036,-0.014605655,1
0.4567739,0.8249339,4.226357e-07,0.53293383,0.76034445,-0.03147292,0.5862845,0.6408096,-0.03914643,0.60126203,0.51785356,-0.045506533,0.5970553,0.41887763,-0.049712554,0.5480507,0.44692376,0.009761592,0.5543905,0.31668717,-0.0028799481,0.54917806,0.23842275,-0.018897789,0.5413252,0.17818302,-0.029677901,0.5031544,0.42959654,0.0126297,0.51165855,0.27497864,0.0064182603,0.5141868,0.1811462,-0.005106432,0.5149038,0.10768798,-0.013627925,0.46099326,0.43965247,0.008238496,0.46369016,0.2970509,0.000153263,0.46768418,0.21151349,-0.0075452714,0.47055474,0.1437023,-0.01318233,0.41769308,0.47279894,-0.00066790223,0.41938508,0.36058652,-0.009281492,0.42224622,0.2897475,-0.011784174,0.42606324,0.22524261,-0.012964454,1
0.45618272,0.8246168,3.9661538e-07,0.5330617,0.7597895,-0.031247659,0.5862996,0.63971657,-0.03817129,0.6006973,0.5181143,-0.04405301,0.59743106,0.4195196,-0.048074655,0.5479973,0.4495445,0.0095344065,0.55485827,0.32195428,-0.0039131767,0.550732,0.24241793,-0.020216988,0.5442953,0.17957813,-0.03136134,0.50412333,0.4314574,0.011770147,0.513296,0.2802197,0.004121073,0.5150577,0.18538547,-0.007883769,0.5152591,0.10896972,-0.016692929,0.46238503,0.44040018,0.006641409,0.46639052,0.30119988,-0.0034002904,0.46928522,0.21587339,-0.011586104,0.47116226,0.14569801,-0.017301263,0.41827363,0.47248936,-0.0029972724,0.42088076,0.36250743,-0.013639689,0.42313522,0.2919134,-0.016966542,0.4256299,0.22586086,-0.018549934,1
0.4568892,0.8213389,4.087583e-07,0.5328325,0.75861883,-0.03122899,0.586543,0.63883984,-0.03837002,0.6012824,0.51504564,-0.043979842,0.59784883,0.41678953,-0.04739855,0.54884356,0.4450514,0.009260269,0.5550339,0.3142612,-0.0030120374,0.54976404,0.2365771,-0.01857387,0.5420845,0.17713681,-0.029016543,0.50383216,0.42770955,0.012443251,0.51211566,0.27343768,0.0064089666,0.5145091,0.17989776,-0.005001542,0.51511407,0.107073784,-0.013470041,0.46182483,0.43772888,0.008496953,0.46428415,0.2955442,0.00047818094,0.46810353,0.21082705,-0.007437865,0.47067437,0.14374799,-0.013229379,0.41870132,0.47090316,0.00014518302,0.42036474,0.35915923,-0.00834221,0.4229945,0.28916463,-0.01096754,0.4263939,0.22514525,-0.012269498,1
0.45735618,0.82461464,4.0576649e-07,0.5347996,0.7568368,-0.029735705,0.5866446,0.63824415,-0.036307428,0.60138065,0.5185026,-0.04229523,0.597691,0.4207347,-0.046448134,0.5472429,0.4503203,0.012066283,0.5539184,0.3228682,-0.0007479694,0.55010027,0.24290922,-0.016869575,0.54433715,0.17880672,-0.028006459,0.50368756,0.43174124,0.013644061,0.51251215,0.28107065,0.0064672097,0.51435584,0.18574321,-0.0055360664,0.5150097,0.10834783,-0.014313393,0.46217132,0.44001937,0.007948938,0.4657656,0.30165923,-0.001711973,0.46857524,0.21649012,-0.009617793,0.47043574,0.1468429,-0.01506169,0.41887903,0.4716,-0.0021642384,0.42142132,0.36252514,-0.012474095,0.42313617,0.292468,-0.015426077,0.4252257,0.22729442,-0.016624983,1
0.45617995,0.82219917,4.146659e-07,0.531827,0.7596595,-0.031914357,0.58585674,0.6406355,-0.039832924,0.601826,0.5165492,-0.04636109,0.5960991,0.41714767,-0.050885975,0.5490348,0.44915143,0.008959247,0.55636555,0.32102028,-0.0043968363,0.5508556,0.24294317,-0.020796746,0.542704,0.1841929,-0.03173778,0.5044513,0.43075252,0.01191939,0.513799,0.27806848,0.0053022867,0.5159199,0.1842008,-0.0064179245,0.51645553,0.10953349,-0.015162974,0.46249518,0.44003117,0.0075426716,0.46589634,0.29854023,-0.0010863101,0.4691314,0.21196279,-0.009062106,0.47123232,0.14216161,-0.015004657,0.41915,0.4728035,-0.0013801127,0.42152148,0.36094835,-0.010572241,0.42403674,0.2902776,-0.013319291,0.4271127,0.2252368,-0.01475979,1
0.45675254,0.823508,4.1674974e-07,0.5328599,0.75637555,-0.031635806,0.5876031,0.6363619,-0.039036304,0.6021524,0.51145226,-0.045238666,0.59422547,0.41247872,-0.049518473,0.54729486,0.44762146,0.011204581,0.554731,0.31941056,-0.0021603955,0.55032575,0.2413511,-0.019254021,0.54357076,0.18087986,-0.030811934,0.5030817,0.43020827,0.0140142115,0.5126495,0.27870473,0.0070157815,0.5153518,0.18415567,-0.00595183,0.51663685,0.108009726,-0.015635751,0.46146643,0.43984118,0.009413695,0.46553057,0.2987937,0.00025230914,0.4690125,0.21293867,-0.008582794,0.4713171,0.14373621,-0.01494623,0.41799235,0.47284794,0.00031345512,0.42038417,0.3612445,-0.009176667,0.4226258,0.29046556,-0.012274148,0.42568064,0.22487992,-0.013914091,1
0.45605326,0.8217798,3.9914272e-07,0.5319979,0.7565438,-0.031183474,0.5871293,0.63550353,-0.038299352,0.6015775,0.5108521,-0.04396698,0.5929349,0.41280955,-0.04781344,0.5473419,0.44733232,0.008703284,0.5540841,0.31890774,-0.004963219,0.54917055,0.24087214,-0.021867648,0.5419834,0.18080467,-0.03327318,0.50287175,0.4302494,0.011306894,0.5119366,0.27715623,0.0037276421,0.5148356,0.18245247,-0.009200709,0.51631975,0.107247084,-0.018838124,0.4611525,0.44023907,0.006792504,0.46477064,0.29845333,-0.0027329666,0.46878117,0.21238673,-0.011697322,0.47188628,0.14335507,-0.018222598,0.41785252,0.4734505,-0.0020773048,0.42040086,0.36122096,-0.011843599,0.42331487,0.2906412,-0.015049081,0.42692837,0.22538,-0.016840642,1
0.45596373,0.8220886,4.0990332e-07,0.5314276,0.7553992,-0.031332567,0.5868914,0.6332125,-0.038780384,0.60261476,0.50834054,-0.04489322,0.59165156,0.41096777,-0.049176473,0.5456147,0.4441224,0.008865643,0.5521849,0.3151533,-0.0045147045,0.54799634,0.23741794,-0.021508269,0.5416565,0.17542225,-0.033232793,0.50154054,0.42773598,0.011231151,0.5107277,0.2760634,0.0038273707,0.51374227,0.18179709,-0.009345172,0.5151953,0.105475426,-0.019354168,0.4600476,0.4382356,0.006495765,0.4643385,0.29794,-0.002699184,0.46853712,0.21286121,-0.011565498,0.47147745,0.14377403,-0.018219583,0.41685688,0.47198245,-0.0026872316,0.41946283,0.36094373,-0.012148721,0.4222705,0.29080588,-0.01525072,0.42591825,0.2255311,-0.017134212,1
0.45600998,0.82166004,4.0397157e-07,0.532201,0.7543826,-0.030864673,0.5869278,0.63333935,-0.03837872,0.60145587,0.510146,-0.04469271,0.5915655,0.41312966,-0.049279,0.5456165,0.4452368,0.008280262,0.55216664,0.31628,-0.005598666,0.54783285,0.23782068,-0.022580747,0.5415933,0.17627478,-0.034200475,0.5015216,0.4287213,0.010383152,0.51064056,0.27655166,0.0023303065,0.51362014,0.18208557,-0.010834681,0.5154148,0.10622528,-0.020745296,0.46012574,0.4387461,0.005454393,0.4640293,0.29813284,-0.004173966,0.46806565,0.21194893,-0.013018865,0.47140178,0.14233318,-0.019620255,0.41712177,0.47202495,-0.0038489995,0.41944343,0.36050415,-0.013534812,0.42245457,0.28981265,-0.01665168,0.42616993,0.22448727,-0.018511232,1
0.45541313,0.819945,4.0294813e-07,0.5316376,0.75333613,-0.030571748,0.5866958,0.6335273,-0.038196895,0.6017207,0.51028407,-0.04467253,0.5909513,0.4131921,-0.049367744,0.54500604,0.44491133,0.008709387,0.5520544,0.3159423,-0.0058183777,0.54697347,0.2380951,-0.023370305,0.53948647,0.17942959,-0.035035085,0.50075126,0.42733598,0.010674887,0.5103265,0.27450868,0.0025509002,0.51375717,0.17968759,-0.010674281,0.5156144,0.10436484,-0.020542268,0.45947227,0.43670505,0.0055301753,0.46362314,0.29535878,-0.004070435,0.46837977,0.20888376,-0.012923146,0.47231403,0.13984764,-0.019461548,0.41687295,0.46957523,-0.0039724833,0.41919392,0.3568706,-0.013619805,0.42256692,0.2853567,-0.01669287,0.426762,0.21947089,-0.018461773,1
0.4559422,0.8194462,4.0467532e-07,0.53179294,0.75285375,-0.030780686,0.58613026,0.6321173,-0.038827874,0.6014775,0.5105098,-0.045770623,0.5913599,0.41402996,-0.051005244,0.54443043,0.44279835,0.007382964,0.5509984,0.3139903,-0.0075061116,0.5464421,0.23600647,-0.025156368,0.53966874,0.17682797,-0.036945406,0.50028294,0.42582414,0.009167908,0.5096361,0.27293578,0.0005977551,0.5130287,0.17818588,-0.012651396,0.5150342,0.10268858,-0.022544183,0.4589426,0.43581283,0.003873771,0.46330592,0.2941148,-0.006067223,0.4680072,0.20774496,-0.015041304,0.47198167,0.13853285,-0.021701464,0.41611308,0.4693659,-0.0057867537,0.4185116,0.357014,-0.015734214,0.4218697,0.2854638,-0.019065194,0.42611262,0.21946815,-0.021074384,1
0.45563912,0.81896937,4.1242373e-07,0.53117675,0.7529242,-0.0322814,0.5863,0.6339324,-0.0409474,0.60119015,0.5111199,-0.04827809,0.592475,0.41305363,-0.05378438,0.54460686,0.44273275,0.007404212,0.55049074,0.31457373,-0.0075029572,0.54569703,0.23637497,-0.02527732,0.539202,0.17767438,-0.03714732,0.50009274,0.42585474,0.009953916,0.5089324,0.27308148,0.001431656,0.51201016,0.17815503,-0.011816938,0.5143345,0.101845354,-0.021683874,0.45879537,0.43568715,0.0051949318,0.46267447,0.29457188,-0.0049781594,0.4668092,0.20753145,-0.014038874,0.4705958,0.1373635,-0.02070296,0.41619408,0.46908492,-0.0040967637,0.41867328,0.35752705,-0.0142034525,0.42172205,0.2867693,-0.017557632,0.42560077,0.22110632,-0.019544471,1
0.45540679,0.8177471,4.1813706e-07,0.5306711,0.7514654,-0.032142024,0.58559567,0.6325042,-0.0407286,0.60066307,0.5095486,-0.04790423,0.5922601,0.41151422,-0.053253412,0.54372895,0.4414242,0.006814531,0.5495396,0.31109762,-0.007927295,0.54518074,0.23225036,-0.025453135,0.53914034,0.1718395,-0.03725117,0.49948722,0.42488217,0.009291101,0.50813377,0.27110747,0.00057129574,0.511528,0.17588785,-0.01303153,0.5140848,0.10046345,-0.023166943,0.45833218,0.43512753,0.0046043666,0.46176037,0.2932853,-0.0056037502,0.46604404,0.20599174,-0.015031832,0.47013783,0.13631067,-0.021965556,0.41590968,0.46867868,-0.004547131,0.4179502,0.35625654,-0.014766965,0.42100215,0.28454402,-0.018437661,0.4252241,0.21832076,-0.020648401,1
0.45531636,0.816425,4.1699332e-07,0.5309641,0.74955684,-0.032107502,0.5855634,0.63058853,-0.040651765,0.6000146,0.5091777,-0.047900796,0.5924083,0.41124412,-0.05337309,0.54318154,0.44190884,0.006911828,0.54956305,0.31310302,-0.008398579,0.5451016,0.23482361,-0.026194146,0.538629,0.17603835,-0.037913278,0.49924204,0.42488724,0.0093005225,0.5085596,0.27135408,0.00028978242,0.5118442,0.17544737,-0.013150116,0.51394993,0.0988591,-0.02304101,0.4583301,0.43455753,0.004408705,0.46221527,0.29296446,-0.0060532764,0.4662596,0.20581782,-0.015273214,0.4699786,0.135568,-0.021946715,0.41581696,0.46748835,-0.0049799457,0.41785312,0.35557282,-0.015261193,0.42089647,0.28445303,-0.018745083,0.42490187,0.21803102,-0.020789126,1
0.45498344,0.8161916,4.0884697e-07,0.5312533,0.7503548,-0.031529214,0.58654946,0.6290223,-0.039246805,0.6008472,0.5053194,-0.04561681,0.59229535,0.40856516,-0.050076064,0.54417086,0.4392121,0.008349662,0.5500208,0.31020066,-0.0058364696,0.54525834,0.2327292,-0.023048129,0.5386808,0.17388621,-0.03459936,0.49966604,0.4226018,0.010802876,0.5082007,0.2696598,0.0027013207,0.5111807,0.17509872,-0.010385117,0.51297534,0.09987426,-0.020072667,0.4584055,0.43286425,0.0060568806,0.46172094,0.2920298,-0.00375523,0.46575308,0.20591581,-0.01263287,0.469151,0.13661408,-0.019087395,0.41577852,0.4665315,-0.0031465073,0.41796142,0.35459554,-0.013054163,0.4207575,0.2838528,-0.016307162,0.42430475,0.217913,-0.018131183,1
0.45482346,0.8149027,4.148011e-07,0.53094465,0.7493122,-0.03273482,0.58659726,0.6290946,-0.040969953,0.6005517,0.5048677,-0.04763302,0.59132814,0.4071902,-0.052442275,0.54362035,0.4398209,0.0067504537,0.54953617,0.31090552,-0.0072460566,0.5455258,0.23235783,-0.023987424,0.53989744,0.17214832,-0.035253167,0.49942887,0.42315862,0.009785292,0.5081565,0.26987535,0.0017034301,0.5113512,0.17438003,-0.011102176,0.5135885,0.09802738,-0.020567222,0.45857358,0.43260413,0.0056165853,0.46200675,0.2911514,-0.0042798105,0.46610528,0.20430627,-0.013160783,0.46980178,0.13428155,-0.019577496,0.41606364,0.46521577,-0.003091707,0.41749305,0.35303766,-0.013182081,0.42010355,0.28193218,-0.016577348,0.42366275,0.21578416,-0.018480273,1
0.45395264,0.8148434,4.0149294e-07,0.52987397,0.75062823,-0.032633193,0.5863273,0.62953675,-0.040734082,0.6017153,0.5049463,-0.047330588,0.5915008,0.40822795,-0.05210864,0.5447453,0.44222263,0.006883001,0.5512193,0.3149798,-0.008061457,0.5459299,0.23628205,-0.02545266,0.53878224,0.17801693,-0.036929674,0.5000431,0.4242046,0.009811913,0.50913066,0.2720828,0.0012370182,0.51196784,0.1762819,-0.011421885,0.5138559,0.0993174,-0.020639298,0.45881122,0.43310297,0.0053876378,0.46283373,0.2921519,-0.0051534665,0.4669072,0.20466903,-0.013761064,0.47050488,0.13431272,-0.019818587,0.41612464,0.46527064,-0.0036143367,0.4182724,0.35386574,-0.014292616,0.4208576,0.28275627,-0.017704349,0.4242958,0.21654919,-0.019467989,1
0.45570678,0.81328833,4.2289832e-07,0.530951,0.74934876,-0.032596856,0.58520216,0.62879306,-0.040727414,0.59927386,0.5048879,-0.047167234,0.5911994,0.40814853,-0.051568463,0.5435283,0.4386653,0.0068778256,0.5494267,0.307307,-0.006831412,0.5448256,0.22931176,-0.023422044,0.538406,0.16989005,-0.034512725,0.4990159,0.42204943,0.01023464,0.50783813,0.26809418,0.0026555997,0.5113332,0.17325127,-0.009930365,0.5135201,0.09867063,-0.019197742,0.45796648,0.43193978,0.006421715,0.46149698,0.28985822,-0.0027980062,0.46614292,0.20333543,-0.011693354,0.4700712,0.13423762,-0.018171193,0.415904,0.46476337,-0.0018780051,0.41737282,0.35372058,-0.01113761,0.42031163,0.28401423,-0.014336248,0.42448467,0.21992078,-0.016168015,1
0.45487833,0.8151372,3.8566543e-07,0.52982175,0.7501118,-0.03188068,0.5846152,0.62684476,-0.039285652,0.60007715,0.5040503,-0.04517079,0.5921099,0.40716785,-0.04936333,0.54428786,0.44066173,0.0056314915,0.54973227,0.31164765,-0.008901227,0.54529595,0.23273852,-0.026248764,0.5393574,0.16893807,-0.038432147,0.50036496,0.423576,0.007918401,0.508247,0.27212203,-0.0014827297,0.51037544,0.17682654,-0.015486307,0.51157045,0.10023871,-0.026007788,0.45895275,0.43353865,0.0032488594,0.46237054,0.29378542,-0.0077127153,0.46598804,0.2080962,-0.017270107,0.46924952,0.13742566,-0.02431762,0.41598278,0.46668327,-0.005843751,0.4181925,0.35638905,-0.01700822,0.42034143,0.28582287,-0.021043684,0.42318845,0.2192637,-0.02348951,1
0.4549589,0.8131801,4.0357745e-07,0.52964246,0.74952525,-0.032487508,0.5850245,0.62879014,-0.04079173,0.60032266,0.5049906,-0.047429685,0.5912155,0.40766838,-0.05208599,0.5441822,0.44026616,0.0058598355,0.5509683,0.31100178,-0.0087881535,0.54526913,0.23285669,-0.025895564,0.53718436,0.17564192,-0.037103176,0.4993938,0.42269665,0.008867275,0.5087604,0.26947343,0.00090778375,0.51207757,0.17481163,-0.011346091,0.513848,0.100945234,-0.020334829,0.45806813,0.4323429,0.004663146,0.46243194,0.28986424,-0.004908369,0.46744233,0.2034575,-0.013158135,0.47170693,0.13453346,-0.019172247,0.41586047,0.46537113,-0.0040687225,0.41760212,0.35319617,-0.013953469,0.420212,0.2822865,-0.016996877,0.42384323,0.2167865,-0.018591926,1
0.4548542,0.8120867,4.0162385e-07,0.529483,0.7495707,-0.033758745,0.5859169,0.62773246,-0.04295665,0.6018956,0.5012606,-0.05033609,0.5896849,0.40301716,-0.05584838,0.54467225,0.43948758,0.0042500785,0.55093855,0.31049109,-0.011568417,0.54564106,0.23252803,-0.02954807,0.538175,0.17620304,-0.041306436,0.49988028,0.42187798,0.007620195,0.5090357,0.2686732,-0.0012378016,0.5120254,0.17367184,-0.014096141,0.51383823,0.09843132,-0.023638483,0.45859104,0.43127608,0.0036558628,0.4627082,0.2895136,-0.006677018,0.46741056,0.20227885,-0.015403023,0.47143754,0.13256094,-0.021861866,0.41596285,0.46430832,-0.0049427915,0.41801083,0.35314697,-0.015141466,0.42044747,0.2826995,-0.01846937,0.4234715,0.21768409,-0.020473476,1
0.45578244,0.8121214,4.091701e-07,0.53031003,0.7487981,-0.03391976,0.5860788,0.6269157,-0.042976443,0.60104764,0.5007561,-0.050111346,0.5902849,0.40265507,-0.055267915,0.5447865,0.43824297,0.0038980108,0.5511179,0.30847764,-0.011463134,0.5461086,0.2302047,-0.028756574,0.5387992,0.17275822,-0.039956845,0.499941,0.4212103,0.007447033,0.5090239,0.26790184,-0.0010575174,0.5119388,0.17246026,-0.013479343,0.5134372,0.09723735,-0.022536261,0.4586282,0.4313487,0.0037204428,0.46222147,0.28962204,-0.0063401577,0.46655577,0.20303658,-0.01469498,0.47041553,0.13396499,-0.020686753,0.4158572,0.46457583,-0.004643507,0.4171621,0.35221815,-0.014903399,0.4196669,0.28090024,-0.018202214,0.4234166,0.21501386,-0.01993371,1
0.45507795,0.8109462,3.9595525e-07,0.5305759,0.74734247,-0.033221446,0.5860824,0.6230868,-0.041261747,0.60089207,0.49643743,-0.047417924,0.59112704,0.3978812,-0.051722117,0.54409456,0.4364887,0.0048272805,0.54956865,0.3063311,-0.01007916,0.5439267,0.22750324,-0.027324384,0.53610677,0.16825894,-0.038855102,0.4997366,0.41993237,0.008192383,0.5084485,0.2663969,-0.00063936284,0.5113784,0.17063504,-0.0136437975,0.5127768,0.094872355,-0.02321246,0.45877475,0.43010476,0.0043394426,0.46204573,0.28882116,-0.0062531196,0.466084,0.20162565,-0.015415408,0.46931967,0.13069099,-0.022031972,0.41639805,0.46377507,-0.00403196,0.41824698,0.35288525,-0.014714175,0.42019653,0.2825207,-0.018494153,0.4225115,0.21650332,-0.0207221,1
0.45476505,0.81123185,3.965326e-07,0.5300413,0.7473303,-0.033134405,0.586027,0.62191343,-0.041246668,0.6019988,0.49427688,-0.04760403,0.5899043,0.39593917,-0.05220989,0.5435845,0.4359243,0.0055418275,0.54906577,0.306286,-0.00919497,0.5444053,0.22793683,-0.026574692,0.5379912,0.16805044,-0.038339365,0.49949533,0.41958317,0.008719426,0.5078965,0.26725075,7.764642e-05,0.51092726,0.17185625,-0.013212873,0.5127679,0.095397174,-0.023175448,0.45864192,0.42998713,0.004664567,0.46230584,0.28931332,-0.005736069,0.4664612,0.20201883,-0.014916221,0.469796,0.13075966,-0.021692224,0.41629285,0.46369034,-0.0039520552,0.4183933,0.3524288,-0.014590263,0.42030764,0.28135622,-0.01842212,0.42267764,0.21473464,-0.020781128,1
0.4555839,0.811027,3.9956618e-07,0.5305784,0.7475043,-0.03262496,0.5863694,0.62486863,-0.040537838,0.6019448,0.49975902,-0.046871863,0.5929858,0.4023043,-0.051200993,0.5463789,0.43554252,0.0071155233,0.5531336,0.30732334,-0.007039374,0.54721963,0.2290234,-0.023886146,0.5390536,0.17120418,-0.035076287,0.5016989,0.4181935,0.01007343,0.51083505,0.26626563,0.0025115972,0.5137889,0.17188218,-0.009625825,0.51537406,0.097253144,-0.018599246,0.46013027,0.42827448,0.0056748013,0.46398938,0.28664315,-0.0038368003,0.46842256,0.1997171,-0.012103216,0.47227812,0.12973559,-0.018152416,0.41701785,0.46189737,-0.0033294589,0.4180932,0.34942496,-0.013503908,0.42007896,0.27765912,-0.016811645,0.42330185,0.21079975,-0.01857053,1
0.45568523,0.80880404,4.2683047e-07,0.530412,0.7450727,-0.033818536,0.58558106,0.62396324,-0.04297705,0.6011074,0.50009686,-0.05028159,0.5934595,0.40207922,-0.055437706,0.5458287,0.43250847,0.0052010664,0.551591,0.30187368,-0.009051546,0.54543096,0.22209671,-0.025703415,0.5370181,0.16249302,-0.03671143,0.50069666,0.41589922,0.008797507,0.5098535,0.26191202,0.0013214659,0.5130592,0.16664064,-0.0104522295,0.5148586,0.091079175,-0.019156324,0.45904258,0.42612812,0.005043583,0.46277383,0.28388637,-0.0039795833,0.46703216,0.19671339,-0.011896321,0.4705503,0.12671992,-0.017816165,0.4166048,0.4592998,-0.0034303905,0.41786447,0.34780484,-0.012690517,0.4202112,0.27729136,-0.015422469,0.42360735,0.21215013,-0.01692358,1
0.456088,0.8069669,4.1481852e-07,0.53146255,0.74271524,-0.033819064,0.5869639,0.62125325,-0.042664155,0.60198104,0.49758488,-0.04966304,0.5940645,0.40026212,-0.054617774,0.5465971,0.42995048,0.0051427465,0.5523451,0.30064893,-0.009729285,0.54647416,0.2216002,-0.027082233,0.53871214,0.16229093,-0.0386185,0.50145674,0.4132374,0.008560022,0.5099951,0.25898972,9.526348e-05,0.5129317,0.1636227,-0.012568737,0.5147865,0.087548554,-0.021876687,0.45974985,0.42353457,0.0046234755,0.4630357,0.2814654,-0.005561574,0.4668574,0.19421437,-0.014460756,0.47026062,0.123460084,-0.020913357,0.41688815,0.45700228,-0.0039703897,0.4183651,0.34516075,-0.014211834,0.42046857,0.27445903,-0.017646704,0.4233374,0.20841548,-0.019612465,1
0.45614913,0.8059717,4.0648695e-07,0.5313113,0.7428913,-0.034620624,0.58713627,0.61884695,-0.043372933,0.6016569,0.49248227,-0.050117128,0.59223944,0.39433458,-0.054918725,0.54627323,0.43009925,0.0037157543,0.5526196,0.30102885,-0.011240274,0.5472074,0.22097564,-0.028132154,0.5396191,0.1610181,-0.039356753,0.5016469,0.41302067,0.0073105446,0.5111107,0.2596746,-0.0014901287,0.51422036,0.1635128,-0.0138136,0.515994,0.08643827,-0.022779852,0.46057206,0.4227903,0.003477874,0.46416262,0.28090948,-0.0073337657,0.4678652,0.1926477,-0.016078994,0.47125527,0.120495915,-0.022300262,0.41780674,0.455742,-0.0050887456,0.4189026,0.3427269,-0.016276004,0.4204235,0.27092445,-0.020034436,0.42278183,0.20356262,-0.022112612,1
0.36706835,1.0424984,2.1750363e-07,0.4491469,0.96464455,-0.032075595,0.5097806,0.85968596,-0.052812196,0.54960793,0.7749766,-0.07533169,0.54918873,0.68185735,-0.09351079,0.46175787,0.65334255,-0.024528407,0.48743054,0.53889894,-0.072424844,0.5035375,0.6238859,-0.103869796,0.5069512,0.7133419,-0.116132684,0.4107686,0.62986195,-0.032174774,0.42757708,0.436359,-0.06031823,0.43360475,0.32281187,-0.0798288,0.43863147,0.20725492,-0.092874646,0.36005846,0.64426947,-0.047433484,0.37181637,0.46300775,-0.0717394,0.38333482,0.34644228,-0.07891912,0.39517355,0.24264845,-0.082002,0.30861828,0.6880219,-0.067407645,0.3135969,0.55396205,-0.08161183,0.32184157,0.46068025,-0.07926979,0.33214676,0.3739461,-0.07586051,2
0.36726007,1.0382551,3.2401337e-07,0.44596615,0.96094066,-0.033632405,0.50698036,0.86440337,-0.05541496,0.54837775,0.7798774,-0.079650804,0.54897684,0.6852715,-0.100623414,0.44775787,0.6614937,-0.013538966,0.4793469,0.5475156,-0.06617735,0.5014734,0.61324054,-0.109169744,0.5107084,0.6927663,-0.12918861,0.40281764,0.6357505,-0.021536846,0.4230441,0.45234752,-0.04972141,0.426095,0.33342057,-0.080614895,0.42685086,0.22046736,-0.103602014,0.3559786,0.6496525,-0.038726594,0.3712531,0.46883392,-0.06385369,0.3796608,0.35260478,-0.08603138,0.38784626,0.24889246,-0.10117124,0.30501157,0.6947224,-0.060249854,0.31167942,0.5597488,-0.075394645,0.31964135,0.46548593,-0.08016623,0.3310241,0.3749567,-0.08401294,2
0.36674333,1.0410339,3.8438512e-07,0.44462186,0.96867955,-0.034337167,0.5052149,0.8646997,-0.056911223,0.546127,0.7774548,-0.08145031,0.54796207,0.68051463,-0.10257285,0.44627064,0.6602704,-0.01639872,0.47960165,0.5446501,-0.07459384,0.5034915,0.6242629,-0.12159943,0.51296717,0.71033645,-0.14296989,0.40057027,0.63480186,-0.024450386,0.42376906,0.4507271,-0.055956297,0.4301504,0.33072442,-0.08919902,0.43159133,0.21022221,-0.112968944,0.35252365,0.6519489,-0.041891366,0.36882386,0.46904522,-0.07021469,0.37803423,0.34997728,-0.09404583,0.3858181,0.23936713,-0.109239005,0.30079764,0.70164657,-0.06327975,0.3082716,0.56444836,-0.07990915,0.31761548,0.47067583,-0.08431344,0.3302412,0.3800897,-0.08715469,2
0.36314866,1.0430348,3.6968518e-07,0.44285697,0.97144324,-0.034848366,0.5041793,0.8661231,-0.057599794,0.5459423,0.77695787,-0.08220694,0.54773796,0.6786685,-0.103303894,0.44613606,0.6642399,-0.017582461,0.4796497,0.544137,-0.074838564,0.50106627,0.62404376,-0.12110902,0.5072891,0.70884013,-0.14217648,0.39933866,0.6372957,-0.024975922,0.4229542,0.45296746,-0.055637576,0.429469,0.33346066,-0.088844694,0.4307382,0.21027368,-0.11305734,0.3508012,0.6525995,-0.041686054,0.3680872,0.46853292,-0.06954402,0.37822968,0.34670138,-0.09470133,0.3864815,0.2331231,-0.11124417,0.29921165,0.698388,-0.062280256,0.30925983,0.5598595,-0.07864047,0.31977093,0.4644736,-0.08411993,0.33320767,0.3724247,-0.08819441,2
0.36312425,1.0409935,3.927122e-07,0.44309923,0.9685212,-0.0355815,0.50435925,0.86436284,-0.059000038,0.54587966,0.7755407,-0.08452385,0.5480083,0.67545515,-0.106623724,0.445496,0.6601634,-0.015910935,0.47806904,0.541607,-0.0749371,0.500666,0.61993486,-0.12236151,0.509184,0.7061765,-0.1437951,0.39945328,0.63352907,-0.023541937,0.42318168,0.4492184,-0.055339493,0.4294696,0.3291958,-0.088600576,0.43124843,0.20733976,-0.11231027,0.35175103,0.6495681,-0.040964402,0.3677985,0.4676267,-0.06944046,0.37719345,0.34740937,-0.09339375,0.3855163,0.23522684,-0.10877288,0.30087095,0.69813764,-0.06255691,0.30858037,0.5621935,-0.07906204,0.31861612,0.4683797,-0.08365619,0.33180243,0.37769955,-0.08681318,2
0.35705233,1.0382191,3.6262705e-07,0.43875408,0.9668468,-0.034760475,0.5025884,0.8631917,-0.057996485,0.54548806,0.7748301,-0.083336964,0.547071,0.6768228,-0.105311975,0.44572556,0.6587733,-0.016942924,0.47849333,0.54192215,-0.07504231,0.50023574,0.6196364,-0.12166893,0.5083645,0.7049138,-0.14283803,0.39954293,0.63202214,-0.025203299,0.4233033,0.44683295,-0.056268714,0.42919743,0.32707125,-0.08895408,0.43081322,0.20622653,-0.11249171,0.35150403,0.6476643,-0.04293559,0.36818942,0.4655285,-0.070864566,0.3773515,0.34573084,-0.09443391,0.38501045,0.2336457,-0.10976945,0.30009082,0.69576263,-0.06476215,0.30840343,0.55826414,-0.08121966,0.31770295,0.4646333,-0.085693985,0.32945925,0.37410986,-0.08886035,2
0.356371,1.034433,3.445825e-07,0.43799925,0.9646672,-0.034304798,0.50284135,0.86403894,-0.057560444,0.54576045,0.77729154,-0.08324951,0.54695594,0.6776238,-0.10576235,0.4466117,0.65858555,-0.015665166,0.47839415,0.5425607,-0.07385536,0.49970138,0.6170213,-0.12071324,0.5088122,0.7029315,-0.14219338,0.40043855,0.6310837,-0.024487616,0.42396414,0.4475047,-0.05581711,0.4289314,0.32740116,-0.08927188,0.4306755,0.20615578,-0.11343873,0.35251594,0.6459071,-0.042738207,0.36923587,0.4639293,-0.07057423,0.37768254,0.34488916,-0.09425424,0.38569266,0.23396409,-0.109853655,0.30137813,0.69343626,-0.06514164,0.3075205,0.556766,-0.08164177,0.31640732,0.46301612,-0.08642751,0.32881212,0.37288105,-0.0898948,2
0.35743758,1.0385282,3.7533016e-07,0.43685246,0.96846646,-0.03380692,0.501102,0.86596346,-0.056323815,0.5449923,0.77760416,-0.081274085,0.54698294,0.67749316,-0.10328142,0.44430208,0.6607593,-0.013871646,0.47710502,0.54473346,-0.070654385,0.49849394,0.61406225,-0.11732416,0.5080605,0.69685316,-0.13904402,0.39849338,0.6318613,-0.022533529,0.42265108,0.44844234,-0.0526647,0.42846888,0.32795385,-0.08584665,0.43137836,0.20865086,-0.109880514,0.35093623,0.645873,-0.04059014,0.36790943,0.46405396,-0.06759331,0.37693393,0.3435886,-0.091657236,0.38559985,0.23314023,-0.107655294,0.30016294,0.6931013,-0.06276076,0.30706695,0.55701184,-0.079089895,0.31591678,0.46336982,-0.08420882,0.32822895,0.3737999,-0.08794109,2
0.35771608,1.0356169,3.7512388e-07,0.43749648,0.965222,-0.034745026,0.50019884,0.86386734,-0.05862216,0.5429318,0.77653176,-0.084809445,0.54657733,0.67595196,-0.10793652,0.4453348,0.659271,-0.016607143,0.4775239,0.54292285,-0.07480523,0.49825773,0.61561877,-0.12160562,0.5064841,0.6998502,-0.14300543,0.3991304,0.6313544,-0.025193837,0.42313004,0.445368,-0.056490306,0.42851365,0.32520026,-0.08948162,0.43044057,0.20514089,-0.1131905,0.35083187,0.64577353,-0.043234523,0.3677786,0.4635071,-0.07112477,0.37674963,0.3439173,-0.0947535,0.3849253,0.23314956,-0.11024525,0.2990647,0.69301,-0.06537371,0.30639994,0.5556154,-0.08186341,0.31594092,0.46199912,-0.08645174,0.32855806,0.37220028,-0.08974589,2
0.35504222,1.0332124,3.7285696e-07,0.43643394,0.96289504,-0.034614854,0.50029844,0.8634136,-0.058119223,0.542924,0.7750339,-0.08395415,0.54579896,0.67440015,-0.10692867,0.44436577,0.6598942,-0.015843991,0.47671005,0.5423671,-0.07344386,0.49798745,0.610802,-0.12023434,0.50670815,0.6923877,-0.14180535,0.3984279,0.63236916,-0.024299938,0.42281643,0.44607323,-0.055246778,0.42800257,0.32666436,-0.08838514,0.4298293,0.20836923,-0.112267144,0.35058045,0.6462873,-0.042142756,0.36818635,0.46449816,-0.06941458,0.3769011,0.34484494,-0.092913784,0.38512287,0.23436725,-0.108425826,0.29906482,0.6914827,-0.06415862,0.30685735,0.554096,-0.080146454,0.31634647,0.46027255,-0.08458407,0.3291585,0.3699183,-0.08785333,2
0.3555193,1.0333309,3.698895e-07,0.43557903,0.9636096,-0.03431834,0.5002773,0.8626495,-0.05707827,0.5439983,0.773877,-0.08215068,0.5460901,0.67271775,-0.104139015,0.4442993,0.6590667,-0.0146306,0.47679067,0.54128903,-0.07235149,0.4986941,0.61037457,-0.11924417,0.50819343,0.6937117,-0.14071691,0.3987631,0.630344,-0.02312081,0.42267153,0.44433936,-0.053818855,0.4278526,0.3232604,-0.08668171,0.42961994,0.20422056,-0.11022645,0.35144612,0.6437782,-0.04112592,0.36815253,0.4632393,-0.06812485,0.37664276,0.34377438,-0.09110034,0.38474017,0.23427674,-0.1061395,0.30053672,0.6898381,-0.06338456,0.30728397,0.55354106,-0.0791708,0.3158899,0.4600681,-0.083227664,0.3278327,0.37058252,-0.086028576,2
0.3565604,1.03379,3.720289e-07,0.43602952,0.96388817,-0.03508399,0.49912983,0.86311996,-0.058591697,0.5421248,0.77518624,-0.084398344,0.5462092,0.6743752,-0.10704559,0.44442347,0.65764284,-0.015168494,0.47695136,0.54121226,-0.072889134,0.49760035,0.61142296,-0.11968518,0.5059539,0.694604,-0.1411934,0.39879757,0.628396,-0.02345636,0.42284998,0.44264966,-0.054219842,0.42808202,0.32262787,-0.08705409,0.42989302,0.2037071,-0.1106238,0.35129422,0.64183,-0.04133602,0.36734864,0.46070683,-0.068596035,0.37614083,0.34137586,-0.0919334,0.38441125,0.23184234,-0.107270494,0.30032638,0.6882783,-0.063491866,0.30660066,0.5522287,-0.07956779,0.31542918,0.4588681,-0.08407118,0.32745886,0.3696918,-0.08729192,2
0.35412067,1.0322436,3.5773738e-07,0.4354348,0.9621957,-0.034585293,0.4991968,0.86225003,-0.058103826,0.5415315,0.77327824,-0.08387038,0.54583746,0.6720599,-0.1068288,0.44479758,0.65956515,-0.01669068,0.47649372,0.54149616,-0.073721066,0.49684554,0.60815,-0.119684055,0.50475997,0.6896372,-0.14080884,0.39893895,0.6318215,-0.025351219,0.42308238,0.4433028,-0.056050863,0.42713842,0.32329082,-0.08865175,0.4278021,0.20585987,-0.11212472,0.3510582,0.6453992,-0.04328896,0.36824036,0.4621842,-0.07036352,0.37625274,0.34161708,-0.093530595,0.38373488,0.23094314,-0.10890563,0.29902714,0.6907517,-0.06539214,0.3059731,0.55224216,-0.081531025,0.31492397,0.45801747,-0.08591043,0.32710043,0.36750492,-0.08915013,2
0.35557568,1.0363708,3.6063068e-07,0.43554482,0.9662268,-0.034315556,0.5003599,0.8633822,-0.056964684,0.54417294,0.77403843,-0.08196403,0.5454584,0.671611,-0.10382063,0.44337106,0.65922433,-0.014411845,0.47621703,0.5406412,-0.07234945,0.49815375,0.610619,-0.11937131,0.50757957,0.6953944,-0.1409294,0.39774725,0.63138485,-0.023195492,0.42193794,0.44517046,-0.054147635,0.42678392,0.32351208,-0.08746451,0.4282962,0.20411298,-0.111381955,0.3504462,0.6454332,-0.041560043,0.36736104,0.46212113,-0.06875001,0.37599772,0.34115365,-0.0921884,0.38421544,0.23027882,-0.10766819,0.29948655,0.6917599,-0.06420627,0.30637327,0.5547974,-0.0803093,0.31492123,0.45995927,-0.084829085,0.3267452,0.36898896,-0.08804647,2
0.3578881,1.0391399,3.7657773e-07,0.43783614,0.9663855,-0.034215353,0.5005432,0.8640758,-0.05719606,0.5425962,0.7751292,-0.08267873,0.54660296,0.6736707,-0.10502714,0.4440474,0.65835863,-0.013168931,0.47577196,0.5407225,-0.07032264,0.49700147,0.6105636,-0.117018245,0.50587463,0.6944895,-0.13845222,0.3983639,0.63007843,-0.021713331,0.4220893,0.44396448,-0.052106306,0.42679963,0.32311726,-0.08503033,0.42799553,0.20381701,-0.10866172,0.3507778,0.643923,-0.039837737,0.3672407,0.46132684,-0.06686815,0.3757577,0.3412953,-0.09017365,0.38341865,0.23165804,-0.105447665,0.29941714,0.6905777,-0.06216047,0.30666643,0.5533185,-0.077985056,0.31543607,0.45993412,-0.08217864,0.32702854,0.37079147,-0.08515192,2
0.35801932,1.0358951,3.7520007e-07,0.4388612,0.9640727,-0.035961017,0.50092345,0.86273026,-0.059812635,0.5423472,0.7741817,-0.085639425,0.5450798,0.6742739,-0.10824664,0.4432383,0.65845853,-0.016937131,0.47635657,0.5434668,-0.07427645,0.4973319,0.6161446,-0.12071379,0.50520855,0.6986316,-0.14210579,0.3975361,0.6311755,-0.02467326,0.42190847,0.4440857,-0.05565736,0.42678013,0.3239523,-0.08872138,0.42798665,0.20472133,-0.112676725,0.34969252,0.6456839,-0.041899096,0.36686692,0.46348643,-0.06954109,0.37559375,0.34290108,-0.093478076,0.38319823,0.23169321,-0.10923493,0.29832068,0.6918425,-0.06336473,0.30666915,0.5533601,-0.07958996,0.3156975,0.45867127,-0.08435105,0.32731977,0.3673976,-0.087933384,2
0.3645471,1.0376801,3.9495526e-07,0.44209698,0.9631944,-0.03496669,0.49989814,0.86490405,-0.05865587,0.53971905,0.7787873,-0.084599935,0.54441607,0.68167776,-0.107490234,0.4415975,0.65952164,-0.016515106,0.47466248,0.54569787,-0.07369025,0.49743387,0.61650634,-0.120135,0.50683415,0.69905853,-0.1414498,0.39673716,0.63303506,-0.024785183,0.41976967,0.44445968,-0.055689726,0.4249179,0.3234669,-0.088474415,0.42679524,0.2048305,-0.11203217,0.34974593,0.64813054,-0.04243379,0.36633778,0.46434587,-0.069971815,0.3751187,0.34351283,-0.09377821,0.38314843,0.23324761,-0.10923498,0.29887262,0.6948997,-0.06425021,0.30580115,0.5552752,-0.080559425,0.31456375,0.459639,-0.08520889,0.32673904,0.36814225,-0.08844987,2
0.36427224,1.0392066,3.7212672e-07,0.44396257,0.96397716,-0.036190603,0.5021199,0.864239,-0.06014814,0.5409185,0.7766995,-0.086123876,0.54474396,0.67848366,-0.108976714,0.44397634,0.6646961,-0.018028267,0.475387,0.54619324,-0.07606436,0.49591684,0.6221282,-0.12311938,0.5031415,0.70578873,-0.14480484,0.39695498,0.63772064,-0.025114808,0.41857666,0.45030528,-0.057063963,0.4230477,0.33102903,-0.09057694,0.42439672,0.20844361,-0.11470332,0.34858677,0.65277964,-0.041737832,0.36467096,0.46791908,-0.07093069,0.3734319,0.34454876,-0.09627761,0.3816898,0.2306515,-0.112475514,0.29687732,0.6983513,-0.062367033,0.3051809,0.5584167,-0.079497315,0.3139253,0.46131688,-0.0850753,0.32582828,0.36827648,-0.0890407,2
0.36205447,1.0423653,3.9508106e-07,0.44178775,0.9690899,-0.036868382,0.50096315,0.867941,-0.061421353,0.541493,0.7793421,-0.08797574,0.5464075,0.6805423,-0.11129497,0.44275224,0.66466033,-0.016756972,0.4745008,0.5480136,-0.07538195,0.49589697,0.6250957,-0.12287076,0.5036643,0.7091749,-0.14453958,0.39596003,0.63733107,-0.023831673,0.41763708,0.45077875,-0.055750426,0.42272243,0.3306939,-0.08894344,0.42434123,0.20736194,-0.11254155,0.34776857,0.65198666,-0.04073014,0.36409643,0.46842325,-0.06987369,0.37384906,0.34625325,-0.094305925,0.3826168,0.23316023,-0.10967669,0.29629523,0.69784075,-0.061797626,0.30478108,0.5584095,-0.07861448,0.3146605,0.46238118,-0.08338207,0.327604,0.37082395,-0.08658484,2
0.35826665,1.0447592,3.6025688e-07,0.43847668,0.97354627,-0.035447706,0.49982288,0.87141085,-0.059313565,0.5410025,0.78412384,-0.08524146,0.546112,0.6857944,-0.10772352,0.44235063,0.6660764,-0.017114293,0.475061,0.5485002,-0.07597923,0.4973651,0.6281343,-0.1234731,0.50522196,0.714282,-0.14500825,0.39608714,0.6392068,-0.024979446,0.41778973,0.45226723,-0.05670299,0.42332596,0.331597,-0.08993961,0.42466184,0.20884293,-0.11369035,0.3480196,0.6545893,-0.04245969,0.3643892,0.4703241,-0.07115473,0.3740763,0.3489276,-0.095259465,0.38215762,0.2361382,-0.110552974,0.29658896,0.70180976,-0.06402835,0.304968,0.56151044,-0.08077061,0.31416494,0.46534044,-0.08532192,0.32607123,0.37341943,-0.08832374,2
0.36283723,1.041726,3.8393654e-07,0.44191864,0.9706912,-0.036528915,0.50150245,0.8742011,-0.061602097,0.54207003,0.7892133,-0.08850745,0.5448805,0.6893706,-0.11232964,0.44235212,0.6680405,-0.021150013,0.47580698,0.5545855,-0.08080326,0.49719116,0.6329142,-0.128605,0.5043343,0.7184657,-0.15054876,0.3964037,0.64151293,-0.028971698,0.4190506,0.45160004,-0.06177187,0.42474088,0.32925043,-0.096122846,0.42629084,0.20550275,-0.12090149,0.34867316,0.65703464,-0.046050377,0.36451623,0.4719684,-0.0752445,0.3733879,0.3506294,-0.10012446,0.38120985,0.23776665,-0.11625812,0.29784966,0.7043504,-0.06720292,0.30421713,0.5644057,-0.08439809,0.31336048,0.46800154,-0.08939168,0.32597107,0.37581435,-0.09295414,2
0.35769016,1.0479431,3.6348519e-07,0.438468,0.978507,-0.036092605,0.49935228,0.8794341,-0.060900524,0.5414443,0.7928866,-0.08774068,0.5470021,0.69333273,-0.111172974,0.44143787,0.6708818,-0.019035676,0.47558576,0.55408347,-0.07892796,0.49710932,0.63604575,-0.1270272,0.50329816,0.7234726,-0.14883174,0.39528877,0.64306617,-0.026573848,0.41773123,0.4548939,-0.059382312,0.42320573,0.33249682,-0.093480915,0.42349172,0.20631489,-0.11773807,0.34748456,0.6578439,-0.043525405,0.3633109,0.4719262,-0.07273565,0.372614,0.35067853,-0.096737035,0.38027984,0.23675266,-0.11178174,0.2964145,0.704232,-0.064524874,0.30320296,0.5637457,-0.08111202,0.3125461,0.46743596,-0.0851837,0.32518116,0.3761144,-0.08771291,2
0.36400706,1.0455046,3.8094623e-07,0.44357067,0.97510386,-0.037453018,0.5036288,0.87933445,-0.06295325,0.54349756,0.7950282,-0.09014777,0.5463793,0.6944082,-0.114230745,0.44100916,0.67211896,-0.02267137,0.4753797,0.55905163,-0.08340035,0.49781936,0.64034295,-0.13152774,0.5051041,0.7279929,-0.1533534,0.39564055,0.6473361,-0.03019294,0.41806903,0.45661753,-0.0640997,0.4236567,0.33290493,-0.09920338,0.42432836,0.20644236,-0.12440303,0.3484011,0.66381943,-0.047050867,0.36471125,0.4771427,-0.07731135,0.37348977,0.35390216,-0.102769956,0.38050526,0.23904964,-0.119027145,0.29759246,0.71148765,-0.06795896,0.30371314,0.57002366,-0.08574063,0.3126638,0.47140878,-0.090992,0.32474527,0.37783566,-0.09459861,2
0.36424932,1.0533166,3.7421913e-07,0.44508824,0.98477805,-0.038492218,0.505335,0.88642836,-0.06433747,0.54684114,0.80069184,-0.09191307,0.54905415,0.70157015,-0.11615284,0.44462305,0.67396164,-0.020465974,0.4768354,0.55862117,-0.08128264,0.49882835,0.6429997,-0.13018298,0.5060592,0.730859,-0.1523892,0.39747724,0.6478156,-0.026870828,0.41880086,0.46064085,-0.06042695,0.423313,0.3394849,-0.09541254,0.42359447,0.21026272,-0.12023722,0.34922203,0.66434014,-0.0429098,0.36574394,0.47865218,-0.07286633,0.37453732,0.3554611,-0.09789898,0.3821366,0.23943514,-0.11351962,0.2980683,0.71233255,-0.06314319,0.30505854,0.57093877,-0.07995285,0.31406325,0.47266096,-0.08442311,0.3268743,0.37956065,-0.08728154,2
0.36560416,1.0602809,3.6920946e-07,0.4466419,0.99048054,-0.038339015,0.5076865,0.89196354,-0.06392609,0.5488913,0.8067248,-0.09133011,0.552206,0.7077184,-0.115190275,0.44734663,0.67983055,-0.019585058,0.4797374,0.5619118,-0.080560274,0.50275964,0.6461923,-0.12940833,0.51025695,0.7359856,-0.15111686,0.4005078,0.654194,-0.025609577,0.42197144,0.46639168,-0.058262605,0.42699075,0.34576836,-0.09214299,0.42687556,0.21888918,-0.11612171,0.35262847,0.6707743,-0.041458715,0.3695726,0.4867112,-0.07009375,0.37819862,0.36321935,-0.093574926,0.38495308,0.24805051,-0.10808355,0.3014081,0.7182155,-0.061676037,0.30901408,0.57657045,-0.07732264,0.31745556,0.47789836,-0.08068982,0.32886368,0.38513622,-0.08258589,2
0.36591238,1.0597206,3.5907613e-07,0.44630527,0.99147403,-0.037609953,0.5077073,0.89295745,-0.06275112,0.5507233,0.8082116,-0.089669235,0.55358636,0.709207,-0.1130994,0.450206,0.6813914,-0.019874945,0.48423436,0.5642207,-0.07884782,0.50492316,0.6476821,-0.126005,0.5094771,0.73769367,-0.1471225,0.40329188,0.6545524,-0.026511177,0.4266754,0.4672296,-0.05784983,0.4313735,0.34836352,-0.09148522,0.43138462,0.22400114,-0.11583807,0.3545444,0.6700393,-0.042723563,0.3727981,0.4868767,-0.070452645,0.38106045,0.36550045,-0.094868384,0.3875201,0.25284347,-0.11082018,0.30254287,0.71733147,-0.06316274,0.31159738,0.57761776,-0.07867622,0.32044384,0.48134756,-0.08278459,0.33194217,0.39008322,-0.08585397,2
0.36540917,1.0576956,3.8783912e-07,0.44726735,0.98824716,-0.03962094,0.50862294,0.8923337,-0.0656672,0.5531905,0.80544806,-0.09307676,0.5585429,0.70396256,-0.116886266,0.44947103,0.680004,-0.021460952,0.48558474,0.56530213,-0.07972736,0.5095716,0.6451556,-0.12576103,0.5167486,0.73390996,-0.14625451,0.403697,0.65334743,-0.027170526,0.42821127,0.46660045,-0.058246247,0.4334035,0.34758246,-0.09180701,0.43366075,0.22289464,-0.11627172,0.3559859,0.66907835,-0.042452272,0.37519255,0.48773438,-0.070360385,0.38324764,0.36751595,-0.09508631,0.38893566,0.25673667,-0.11127201,0.30444586,0.7178545,-0.062079616,0.31401566,0.57877463,-0.07824161,0.32286072,0.48348904,-0.08292984,0.3339939,0.39326856,-0.086321495,2
0.37279582,1.0539689,3.927198e-07,0.45336658,0.9846436,-0.0411129,0.5126972,0.8922572,-0.068382055,0.55577004,0.8053958,-0.09650886,0.56128573,0.70442784,-0.1210562,0.4530176,0.6786078,-0.025331214,0.48871368,0.5651848,-0.08364479,0.51329005,0.6463476,-0.12878217,0.5203375,0.73611766,-0.14859343,0.40718925,0.6519684,-0.029781172,0.43026456,0.465707,-0.0613103,0.4357122,0.34962675,-0.09436344,0.43544212,0.22658795,-0.11838065,0.35940972,0.6685187,-0.0435343,0.37803808,0.48726314,-0.07179508,0.38588402,0.36701682,-0.09605276,0.3908913,0.25614747,-0.11178785,0.3077763,0.7181619,-0.06158263,0.31670797,0.579363,-0.07803974,0.3252886,0.48423398,-0.082752734,0.33618888,0.39429572,-0.08598778,2
0.3734809,1.0541652,3.938808e-07,0.45690194,0.98694026,-0.04036789,0.51836544,0.8944093,-0.067627236,0.5624299,0.80612266,-0.09588897,0.5664823,0.70394105,-0.120845586,0.45757115,0.68034166,-0.024396565,0.4919391,0.5659474,-0.08304779,0.51534414,0.6491051,-0.12969407,0.52181494,0.7376288,-0.15091822,0.41014567,0.6515978,-0.028744346,0.43311384,0.46583378,-0.061125483,0.4398844,0.35074878,-0.09601921,0.44143248,0.2242718,-0.12158939,0.36143565,0.6669986,-0.042162124,0.3805833,0.48426569,-0.07102974,0.38999128,0.36211428,-0.097173624,0.3972906,0.24754801,-0.114409946,0.3096959,0.7149422,-0.05961728,0.31963035,0.5758012,-0.07585443,0.32918394,0.48017833,-0.08124135,0.3415975,0.38964808,-0.08535413,2
0.3753231,1.0517164,3.9378236e-07,0.45922717,0.9816841,-0.03792063,0.52276385,0.8906909,-0.064332634,0.56990945,0.8042544,-0.0921551,0.57087296,0.7043064,-0.11683445,0.46100238,0.67846215,-0.021012167,0.49640274,0.5642067,-0.07976601,0.5199865,0.64647394,-0.12779042,0.52690005,0.7350549,-0.14998072,0.4141157,0.64980316,-0.026490908,0.43811715,0.46601772,-0.058549132,0.4459196,0.35012633,-0.09443114,0.44871253,0.22584993,-0.120787,0.36594975,0.6644908,-0.040946823,0.3854233,0.4839321,-0.0692307,0.3950555,0.3615459,-0.09591616,0.40282196,0.24728185,-0.113670476,0.31518477,0.7114748,-0.059312098,0.32557243,0.5748173,-0.07505691,0.3346163,0.47986475,-0.08033663,0.34645832,0.389506,-0.0844002,2
0.3783839,1.0541506,3.723937e-07,0.46212775,0.9851092,-0.037407972,0.5283619,0.8917509,-0.06331307,0.57660055,0.80461735,-0.09035914,0.5744014,0.70493525,-0.11414036,0.46700498,0.6795274,-0.022694325,0.502179,0.56465054,-0.080578834,0.5257979,0.64860433,-0.12680024,0.5325525,0.7394593,-0.14752583,0.42085344,0.65178525,-0.028552024,0.44407943,0.46767783,-0.06025308,0.452223,0.350552,-0.095097676,0.4551434,0.22743228,-0.12043312,0.37325472,0.6667176,-0.043099433,0.3918705,0.48501757,-0.07120931,0.40160644,0.36167085,-0.09719105,0.40897182,0.2471506,-0.114293434,0.3231236,0.7137025,-0.06142726,0.33220354,0.57598484,-0.07733834,0.3408425,0.48047733,-0.082161665,0.35179704,0.3907586,-0.085580006,2
0.3880706,1.0563802,3.7604883e-07,0.47157577,0.98397636,-0.033708185,0.5375121,0.8925177,-0.057600353,0.5853402,0.8081232,-0.08318898,0.5785633,0.71375453,-0.10571143,0.47199252,0.6816633,-0.020381464,0.5083309,0.5709698,-0.07747953,0.5348995,0.6498041,-0.12314218,0.5447508,0.7388099,-0.14342827,0.42677256,0.6553219,-0.027713187,0.4494056,0.47035128,-0.0586091,0.45794323,0.35265785,-0.09233495,0.46161118,0.23488206,-0.116714306,0.37997794,0.670703,-0.04334368,0.3987504,0.48832703,-0.0704081,0.40888387,0.36490062,-0.09509594,0.41698602,0.25285846,-0.11118188,0.330876,0.71756256,-0.06254884,0.33960885,0.57857704,-0.077735506,0.3477787,0.48307306,-0.081634685,0.359066,0.3931395,-0.08416435,2
0.39347473,1.0487105,3.7339296e-07,0.47860163,0.9805476,-0.033616677,0.5445003,0.8929046,-0.057641663,0.5916696,0.8091532,-0.08368504,0.58438754,0.71388125,-0.10699215,0.48082,0.68481135,-0.018162047,0.515818,0.5730643,-0.0749704,0.54062116,0.65211904,-0.12186018,0.5489322,0.73904485,-0.14345624,0.43508214,0.65693855,-0.025448302,0.45806977,0.472291,-0.055809025,0.46552795,0.35448515,-0.090802684,0.46806306,0.23358056,-0.11665857,0.38746926,0.67042816,-0.04114406,0.40632313,0.48825324,-0.06809866,0.41589564,0.36548662,-0.094216086,0.4238364,0.25244,-0.111730576,0.33753675,0.7142379,-0.06036815,0.34688827,0.57797533,-0.075391985,0.35569566,0.48457628,-0.079995364,0.3678208,0.3960165,-0.083552875,2
0.39610034,1.0516298,3.7175357e-07,0.48108774,0.98688936,-0.034469735,0.5473152,0.8981977,-0.058517627,0.59547335,0.8139632,-0.084349595,0.59381974,0.7151252,-0.10712856,0.48884162,0.68837106,-0.019214617,0.52568287,0.5745689,-0.07632958,0.5496245,0.6530705,-0.12221197,0.5568554,0.7410783,-0.14250237,0.44283748,0.65836644,-0.026103184,0.46745244,0.47253326,-0.056054275,0.47549742,0.35532486,-0.089489,0.4785452,0.23286554,-0.113494985,0.3952188,0.67069584,-0.041511144,0.41507605,0.48842788,-0.06805227,0.4249222,0.36717513,-0.092321515,0.43266174,0.2550589,-0.10787589,0.34514266,0.7151656,-0.060582493,0.3544151,0.5770422,-0.07547782,0.3632841,0.48410374,-0.0790126,0.37483478,0.39748257,-0.08101271,2
0.4018693,1.0466468,3.6367865e-07,0.48641363,0.98310995,-0.03347561,0.5527018,0.89500624,-0.057203144,0.60082614,0.81411034,-0.08262507,0.6029723,0.71524125,-0.10482385,0.49530774,0.68698746,-0.020810215,0.53237367,0.5760343,-0.07797973,0.55616295,0.6563861,-0.123401046,0.56284803,0.7446942,-0.14351423,0.4505187,0.65717834,-0.028287565,0.47545567,0.471669,-0.058832504,0.4843496,0.35264328,-0.09185396,0.4876534,0.23037189,-0.11573585,0.40314814,0.6684828,-0.04408033,0.4227657,0.48815453,-0.07089155,0.43355972,0.36762315,-0.09426786,0.44192362,0.25514174,-0.109357044,0.35288703,0.7109808,-0.063467845,0.3630548,0.5743679,-0.078427374,0.3721675,0.48188177,-0.08118219,0.3832227,0.3947429,-0.08275889,2
0.40636587,1.0392649,3.6630294e-07,0.4907922,0.9799042,-0.034804933,0.5560812,0.8934116,-0.059362903,0.6029047,0.8132828,-0.08533181,0.61453295,0.7151496,-0.10799746,0.5026221,0.68240947,-0.022015462,0.5407552,0.5741763,-0.07949331,0.5647231,0.65628415,-0.12515157,0.5720095,0.7448603,-0.14553869,0.4589836,0.6515248,-0.029060898,0.4842183,0.46888733,-0.060132656,0.4930391,0.3504401,-0.09270522,0.49635932,0.230023,-0.11598492,0.41187838,0.66305184,-0.044552643,0.4313886,0.48561937,-0.07207881,0.44266725,0.36692998,-0.094462134,0.45150936,0.2548235,-0.1085702,0.3611236,0.70722437,-0.06375941,0.3710415,0.57221496,-0.07947934,0.38066572,0.48159143,-0.08158777,0.39166266,0.39533404,-0.08238613,2
0.4079569,1.0346391,3.432124e-07,0.49162605,0.9809407,-0.036129564,0.55919075,0.89360696,-0.0607249,0.60656655,0.8111882,-0.08635015,0.62424374,0.71334124,-0.108869955,0.5102608,0.68097514,-0.023675112,0.5505583,0.5706843,-0.08077993,0.5715193,0.64877784,-0.12585914,0.5760493,0.73673254,-0.14593717,0.46635175,0.6485437,-0.029936248,0.49310452,0.46711352,-0.061034713,0.5019719,0.34961742,-0.093415596,0.50608915,0.23502967,-0.1162929,0.4189602,0.65847015,-0.044694953,0.4400072,0.48176903,-0.07222117,0.4518526,0.36253065,-0.095435895,0.4621543,0.25178427,-0.11025456,0.36743173,0.70134425,-0.06320954,0.3777149,0.567554,-0.07983514,0.38758028,0.47619307,-0.08335992,0.39963278,0.38958237,-0.085068196,2
0.4143589,1.0296817,3.143268e-07,0.49833345,0.9755421,-0.032669503,0.5677574,0.88304764,-0.054981105,0.61645496,0.8026546,-0.078721404,0.6340379,0.7070999,-0.09900258,0.51729125,0.67287815,-0.020848574,0.55810064,0.55827,-0.077688776,0.5780596,0.6408889,-0.12228791,0.5805681,0.73241585,-0.14167564,0.47434422,0.641587,-0.028678345,0.50237215,0.46082634,-0.059419647,0.5124922,0.34245065,-0.0910601,0.5163516,0.2284374,-0.11310579,0.42737576,0.65189624,-0.04493859,0.44855484,0.47475374,-0.07197907,0.46119717,0.35631648,-0.09398492,0.47185278,0.24518266,-0.10777361,0.37612203,0.6950623,-0.06479303,0.3864953,0.56162363,-0.08101392,0.39660978,0.47081485,-0.0837212,0.40882832,0.384184,-0.08460058,2
0.41914696,1.0227027,3.3288364e-07,0.50347406,0.96791816,-0.032003917,0.5742435,0.8768132,-0.054089516,0.6241486,0.79644525,-0.0778754,0.6420399,0.7002159,-0.0984849,0.5223424,0.6689344,-0.018798493,0.5637974,0.55250686,-0.075254716,0.58726674,0.6274025,-0.119910724,0.5944107,0.7167527,-0.13946296,0.4813312,0.6374819,-0.027025726,0.5104744,0.45839077,-0.05778034,0.52042943,0.33823642,-0.0892341,0.5243637,0.22684667,-0.11100063,0.43600094,0.6465942,-0.043778997,0.45819706,0.47051406,-0.07044056,0.47010052,0.3509211,-0.09210511,0.48011553,0.24165735,-0.10575397,0.3857476,0.68807006,-0.06421685,0.39609766,0.55598515,-0.08038833,0.40603048,0.46391147,-0.083300896,0.4182549,0.3766912,-0.08433346,2
0.43131435,1.0239553,3.4249743e-07,0.51337874,0.96679795,-0.028400615,0.5818519,0.8668482,-0.047424432,0.6311152,0.7827921,-0.068889946,0.6496498,0.68969667,-0.088034414,0.53279287,0.6605426,-0.012035093,0.57464826,0.54050833,-0.06566502,0.5928969,0.59796983,-0.110633835,0.5943316,0.67899716,-0.1313592,0.49098083,0.6272492,-0.021117186,0.52102846,0.44803587,-0.049855646,0.53014636,0.32870808,-0.081792325,0.5331534,0.22611204,-0.104176074,0.44499373,0.63603705,-0.03847283,0.46719193,0.46130013,-0.06277434,0.47915298,0.34146264,-0.08509729,0.48967576,0.23565933,-0.10003786,0.39393324,0.67807275,-0.059346806,0.406265,0.54907596,-0.07470179,0.4163436,0.45734733,-0.07844922,0.4288509,0.3702244,-0.08056501,2
0.44071046,1.0209239,3.6956246e-07,0.52245146,0.958804,-0.028888796,0.58921117,0.86043453,-0.048510406,0.63808715,0.7734957,-0.070865124,0.65785825,0.67572147,-0.090544656,0.53923416,0.6527197,-0.007822326,0.5811045,0.5337725,-0.060610846,0.6039047,0.59157026,-0.10536395,0.6109573,0.67429334,-0.12594868,0.49777412,0.6172596,-0.015931249,0.5275254,0.44156855,-0.042326916,0.53894913,0.3259557,-0.07294747,0.54531705,0.22316447,-0.09483704,0.45308384,0.62369937,-0.032688405,0.4740937,0.4512843,-0.055087265,0.48793107,0.33230314,-0.07557252,0.5010785,0.2265667,-0.089501314,0.40395713,0.66385216,-0.0532919,0.41624495,0.53530884,-0.066556685,0.42762938,0.44566938,-0.06849285,0.44148847,0.3613738,-0.06949778,2
0.44846517,1.0154538,3.6956925e-07,0.5308699,0.95312345,-0.029036293,0.5968102,0.8487757,-0.048381492,0.64766425,0.7591107,-0.07003936,0.6686983,0.65896887,-0.088625036,0.55081165,0.63895625,-0.009479828,0.5917264,0.5253427,-0.059616182,0.6136743,0.58013445,-0.10079381,0.61937845,0.6622823,-0.11912604,0.5093682,0.6023473,-0.017324962,0.539545,0.42822477,-0.04179697,0.55074495,0.31533834,-0.069118276,0.5575223,0.21778396,-0.08862755,0.4642024,0.6083386,-0.033695657,0.48579895,0.43643904,-0.055298906,0.49913812,0.31952375,-0.07380073,0.5122637,0.21650612,-0.08644573,0.41416362,0.64947003,-0.053869702,0.42670733,0.5211704,-0.06774826,0.43737012,0.4333685,-0.06941386,0.4503465,0.3499826,-0.07001102,2
0.4573752,1.007891,3.3666143e-07,0.5424629,0.94161135,-0.027607212,0.6083642,0.83498746,-0.04514965,0.6599126,0.7449144,-0.065899625,0.6775919,0.6462845,-0.08350612,0.56120104,0.62769437,-0.0022788967,0.5995986,0.5154699,-0.05211655,0.620532,0.57088137,-0.094734654,0.6251944,0.65257657,-0.11395149,0.5194303,0.59159935,-0.010683219,0.54908836,0.4200418,-0.034017354,0.55923414,0.30657244,-0.06173358,0.564725,0.20676601,-0.08172343,0.4742868,0.5966896,-0.028163195,0.4972755,0.4290188,-0.04853607,0.5105875,0.3141609,-0.06641888,0.5233645,0.21273392,-0.07858685,0.42418408,0.63555634,-0.04976391,0.43823543,0.50767237,-0.061945725,0.44915077,0.41972128,-0.0627656,0.46222937,0.33642584,-0.06295007,2
0.46851462,0.998092,3.1127897e-07,0.5508891,0.9369871,-0.02807657,0.61610806,0.8269063,-0.044934392,0.6655729,0.7354136,-0.06465787,0.6862944,0.64238465,-0.0811527,0.5694698,0.6155229,-0.0034070367,0.60893774,0.506149,-0.05247068,0.63099307,0.5610724,-0.09459268,0.6385046,0.63760644,-0.11420581,0.52881974,0.5816969,-0.011695926,0.5576332,0.4116463,-0.03585052,0.566623,0.29763043,-0.06397932,0.5715966,0.19869512,-0.084474914,0.4848392,0.5874654,-0.028923811,0.50839084,0.42039615,-0.050048552,0.5217172,0.3073982,-0.06866134,0.5342789,0.20707145,-0.081501774,0.43604302,0.62636286,-0.05028536,0.44975102,0.49947417,-0.06318177,0.45999837,0.41202155,-0.065197766,0.472137,0.3283156,-0.06651238,2
0.47613853,0.98846424,2.8468338e-07,0.55856675,0.932197,-0.028989064,0.624577,0.82119393,-0.04558628,0.67455053,0.72913104,-0.06472366,0.69693893,0.6377046,-0.08022257,0.57791626,0.6033648,-0.0052032154,0.61637115,0.49335754,-0.05254315,0.6396113,0.55460846,-0.09227691,0.648927,0.63107336,-0.11066815,0.53843784,0.5724101,-0.012949983,0.5655789,0.4016474,-0.036246162,0.5736559,0.28756687,-0.06249707,0.57722473,0.18875992,-0.08163081,0.49516323,0.5787014,-0.02963471,0.51971024,0.40986443,-0.050313435,0.53286046,0.2993762,-0.067730136,0.543949,0.20033479,-0.07959918,0.44695947,0.6159811,-0.050566226,0.46196386,0.48792797,-0.06405102,0.47249016,0.39919144,-0.066605814,0.4841654,0.31387714,-0.067972,2
0.4877413,0.9842067,2.7531863e-07,0.56963724,0.9251525,-0.027112309,0.63645965,0.81084645,-0.042272504,0.6877342,0.7198389,-0.060479324,0.7072278,0.62985694,-0.07499662,0.588569,0.5961684,-0.002026847,0.6266894,0.49325716,-0.048778906,0.651933,0.5554547,-0.087483376,0.66361535,0.6328554,-0.10508513,0.550195,0.5662781,-0.011130876,0.57572836,0.39425772,-0.034251194,0.58504647,0.27882046,-0.059711,0.5906072,0.1762757,-0.07825216,0.5076219,0.5727715,-0.029286101,0.53126293,0.40209782,-0.05053685,0.5447183,0.2907459,-0.067756645,0.5562213,0.1906789,-0.079319075,0.4603829,0.60951376,-0.05161066,0.47370416,0.4796229,-0.06541503,0.48303548,0.3897391,-0.068041675,0.49390286,0.3037572,-0.06958698,2
0.49895108,0.98000014,2.648829e-07,0.58019006,0.9212957,-0.028054312,0.647097,0.8040452,-0.042622216,0.6982491,0.71400297,-0.05954944,0.71723217,0.6300828,-0.07242025,0.5977863,0.5893233,-0.004124643,0.63764817,0.491965,-0.048015185,0.6612839,0.5542336,-0.08380338,0.6699765,0.62964195,-0.100156926,0.55945474,0.56144124,-0.012812392,0.58592325,0.38923216,-0.035053544,0.5956591,0.27523705,-0.05988172,0.6007275,0.17726454,-0.07832764,0.5166956,0.56770146,-0.030355131,0.5418626,0.3948715,-0.051741354,0.55610836,0.28481266,-0.07041689,0.5672033,0.18705085,-0.083282255,0.46957338,0.6033813,-0.05190441,0.48472363,0.4735465,-0.067026,0.49421698,0.3832805,-0.071644485,0.5048728,0.29529703,-0.07493241,2
0.5137681,0.9797305,2.7652635e-07,0.5937083,0.91365266,-0.027255101,0.65871805,0.7986791,-0.042667102,0.7098105,0.70985806,-0.06053631,0.73466146,0.62414956,-0.07485222,0.60743964,0.587351,-0.005912997,0.6460952,0.49059775,-0.04901811,0.6725594,0.548278,-0.083296835,0.68538743,0.6169982,-0.0994996,0.57006705,0.56407815,-0.01587821,0.5931281,0.39061913,-0.039952066,0.60309124,0.27712014,-0.06641662,0.60858065,0.1773465,-0.08651872,0.5282026,0.5738913,-0.034285087,0.548574,0.39771655,-0.058264665,0.56277275,0.28673187,-0.0792052,0.5742726,0.18841991,-0.09370368,0.48209855,0.61152923,-0.056269743,0.49355847,0.47806013,-0.073777206,0.50404876,0.38481337,-0.08073533,0.51666117,0.2940237,-0.08600016,2
0.5242484,0.97688,3.1741286e-07,0.60424596,0.91410625,-0.028837632,0.6702733,0.79771453,-0.04545564,0.7215833,0.70649993,-0.064593785,0.7449019,0.6196794,-0.079703495,0.619283,0.58613044,-0.006027626,0.65963995,0.48958626,-0.053370453,0.68951946,0.548667,-0.09077411,0.7052114,0.6241412,-0.10788244,0.58135605,0.5617103,-0.015549542,0.6040152,0.39126074,-0.042095687,0.61405915,0.27740473,-0.06994373,0.6197199,0.179268,-0.09044707,0.53911823,0.57221717,-0.034096908,0.5549754,0.40137714,-0.059802417,0.56775945,0.29635325,-0.08077172,0.5788274,0.20490354,-0.09474202,0.4931502,0.6122075,-0.056555644,0.5048686,0.4844752,-0.07418076,0.5165531,0.39716542,-0.08091574,0.5311287,0.3145066,-0.08573168,2
0.5358825,0.9781657,3.0974672e-07,0.6140946,0.91519237,-0.02541761,0.6815909,0.7960363,-0.039995197,0.7330165,0.70649105,-0.057948396,0.75724924,0.62163305,-0.07254421,0.6325412,0.5877365,-0.00093247305,0.672984,0.4905383,-0.04778199,0.70393646,0.544313,-0.086864784,0.7215878,0.61402446,-0.10556861,0.5954863,0.5625932,-0.012071344,0.61779875,0.39534408,-0.038186956,0.62842613,0.2789308,-0.06671822,0.6343444,0.18063596,-0.08771518,0.5540863,0.5727048,-0.032101672,0.56826884,0.4057759,-0.05706134,0.58067864,0.30076912,-0.07771155,0.59172356,0.21114141,-0.09152662,0.5090169,0.61131096,-0.055944555,0.51591074,0.48516297,-0.07270997,0.5281197,0.39999402,-0.07849552,0.54445297,0.3230065,-0.08256395,2
0.55215555,0.97320765,3.3578314e-07,0.6292827,0.90948236,-0.023827735,0.696232,0.78833914,-0.03800915,0.7473276,0.6997944,-0.05577341,0.77422976,0.61820215,-0.07015141,0.6455516,0.58334357,-6.151205e-05,0.68449134,0.49103105,-0.04543932,0.71738356,0.5441129,-0.08223262,0.7357733,0.6150778,-0.09924872,0.60909694,0.55904484,-0.011962267,0.63087547,0.39480793,-0.036614962,0.6428158,0.27842465,-0.062574826,0.6497859,0.18104157,-0.081561945,0.5677353,0.5683621,-0.032703996,0.58176595,0.40272596,-0.057402465,0.5954766,0.2988879,-0.07609744,0.60759765,0.21416393,-0.08832811,0.5221713,0.60592407,-0.057178095,0.52728164,0.48065996,-0.07484151,0.5411975,0.39946723,-0.07997178,0.56018823,0.33023113,-0.08312473,2
0.5641756,0.96570307,3.6840146e-07,0.6417169,0.90322924,-0.024841273,0.7084791,0.78826547,-0.040800042,0.761236,0.70342493,-0.060396854,0.7855919,0.61519474,-0.076779135,0.6555934,0.5842019,-0.0009775939,0.69997513,0.4972375,-0.048166983,0.73489666,0.5504488,-0.086949944,0.7539712,0.6237834,-0.104379445,0.62094593,0.55719316,-0.012521253,0.64593816,0.3940945,-0.036211524,0.65795976,0.27836916,-0.060903344,0.6647241,0.17973131,-0.07837255,0.5809142,0.56510085,-0.033060107,0.60015196,0.39822805,-0.056263972,0.61531955,0.29123753,-0.07257158,0.6270017,0.2018983,-0.08273935,0.5373386,0.60224295,-0.057542797,0.5484155,0.47574335,-0.07307347,0.5619364,0.39684433,-0.07449773,0.5775704,0.331828,-0.07434076,2
0.58272994,0.961603,3.8128633e-07,0.6573968,0.9011637,-0.023258787,0.7227379,0.7833824,-0.039605234,0.776968,0.69888777,-0.059943467,0.800908,0.6146384,-0.0771814,0.6706297,0.58037424,-0.0006489336,0.71485895,0.49414673,-0.049156576,0.74950254,0.54947096,-0.089038834,0.7678091,0.62925106,-0.10675295,0.6350342,0.5554247,-0.013085677,0.6607487,0.39215577,-0.037199616,0.67412317,0.27749047,-0.061562125,0.68275553,0.18100604,-0.07848095,0.59395194,0.5640886,-0.03448674,0.6149277,0.3945066,-0.058000837,0.6339028,0.2860216,-0.073931485,0.6485152,0.1976664,-0.08371796,0.54908216,0.6036817,-0.05961633,0.56506974,0.4771624,-0.07529545,0.58145094,0.39700472,-0.07630338,0.59892505,0.330086,-0.07584687,2
0.5983751,0.96489996,4.1160075e-07,0.6739293,0.90142214,-0.02356058,0.7375528,0.7868326,-0.040335257,0.7892548,0.7034828,-0.061314106,0.81280017,0.6197787,-0.079279214,0.68362486,0.58528256,-0.0007546556,0.7295322,0.4940083,-0.05153219,0.7642579,0.55025584,-0.093239516,0.7824788,0.6300715,-0.11167386,0.64815354,0.5582846,-0.013571538,0.6746398,0.39221677,-0.0395255,0.6882716,0.27490944,-0.06563949,0.69726264,0.17541298,-0.08354337,0.6073923,0.56759524,-0.03556737,0.625213,0.39939532,-0.060424026,0.64371246,0.29370207,-0.07719701,0.65972394,0.21031716,-0.08686132,0.56309384,0.6064827,-0.061371848,0.5764459,0.47559282,-0.07732546,0.59507924,0.39730912,-0.07819627,0.61699367,0.3382488,-0.07713859,2
0.6103526,0.96607196,3.4999783e-07,0.68578637,0.902436,-0.02053866,0.7485809,0.78956145,-0.03585603,0.80187005,0.71025866,-0.05585786,0.82580745,0.6253067,-0.07292257,0.6951272,0.58778906,0.003229499,0.7444217,0.50575995,-0.046095055,0.7781245,0.5679045,-0.08816019,0.79385537,0.6488851,-0.10771037,0.6630027,0.5616269,-0.011065464,0.69230217,0.39985615,-0.037075944,0.70693123,0.28369182,-0.0660256,0.715475,0.18667778,-0.0868363,0.6245707,0.570986,-0.03414333,0.6470167,0.40310684,-0.059099138,0.6674988,0.29832175,-0.078733,0.68363976,0.2127012,-0.09131233,0.5823401,0.6104433,-0.060530134,0.6008028,0.48587218,-0.076577134,0.6200436,0.4048382,-0.07888304,0.64114285,0.33566195,-0.07986454,2
0.62149864,0.97366995,3.550284e-07,0.6957755,0.91973245,-0.023694048,0.75843036,0.80787265,-0.038739234,0.8120411,0.7273449,-0.05765115,0.8372145,0.64090484,-0.0735045,0.7115882,0.61014646,0.001994097,0.76100963,0.52421427,-0.046900824,0.7958498,0.57847506,-0.08826772,0.8133881,0.6539606,-0.10784471,0.68118906,0.577535,-0.010125658,0.7103776,0.41306275,-0.03669315,0.72508883,0.29698107,-0.06577232,0.7349954,0.1961667,-0.08670882,0.64359784,0.5823905,-0.031232843,0.670871,0.4130419,-0.05749859,0.6916233,0.30663002,-0.07758394,0.7077171,0.21506342,-0.090443164,0.6003124,0.61677283,-0.055838276,0.62236315,0.49651116,-0.07428305,0.64184284,0.4133311,-0.07826513,0.6626751,0.3357948,-0.08034874,2
0.6414178,0.9850914,3.6423643e-07,0.713296,0.9268557,-0.022594836,0.7761664,0.81610656,-0.03602791,0.83000124,0.7398369,-0.05335378,0.85173506,0.6520071,-0.06750347,0.72448105,0.61897904,0.005106048,0.7762166,0.539612,-0.04215084,0.8110531,0.5951855,-0.08180306,0.8277228,0.6695619,-0.09992969,0.6959951,0.58889496,-0.0077457787,0.72815776,0.42591202,-0.032650296,0.7430016,0.31055057,-0.05979695,0.7520523,0.20950687,-0.07890613,0.65942734,0.5944712,-0.029783782,0.68856966,0.43017054,-0.054752626,0.7076634,0.32108012,-0.07315219,0.7219179,0.22606364,-0.08441711,0.6166106,0.6284877,-0.055427272,0.6376405,0.5074437,-0.072838694,0.65362823,0.41959345,-0.07533262,0.67076063,0.3372948,-0.076106936,2
0.65014935,0.9974262,3.7030043e-07,0.72229284,0.9444698,-0.025771106,0.784838,0.83792245,-0.042365182,0.8386563,0.7633889,-0.06241451,0.8707791,0.6794408,-0.079501025,0.7355789,0.63628185,0.0003941301,0.7902315,0.5584229,-0.049532007,0.8234929,0.6169482,-0.09101599,0.8400884,0.6939061,-0.110033646,0.7079597,0.604305,-0.011891798,0.7428477,0.438607,-0.038783018,0.75997585,0.32266277,-0.06730075,0.77285683,0.22185951,-0.08694593,0.67243075,0.61060417,-0.03351995,0.70360786,0.44066754,-0.060593665,0.7262001,0.32712224,-0.081250384,0.7448496,0.22776935,-0.09364731,0.6305311,0.6462619,-0.05869856,0.6507131,0.52153915,-0.07790379,0.6682015,0.4311469,-0.08175255,0.68771875,0.34670693,-0.083129466,2
0.6610321,1.006808,3.9165485e-07,0.7344758,0.94828707,-0.024210066,0.79747427,0.8510492,-0.042508107,0.85351825,0.783434,-0.06489252,0.88959944,0.7017965,-0.084717646,0.746053,0.65028816,0.0009230298,0.80343354,0.57600105,-0.05056169,0.83689845,0.6356538,-0.09342421,0.85384786,0.71422803,-0.113296516,0.720307,0.6202354,-0.0132550355,0.7576467,0.453839,-0.041696556,0.7761439,0.33559647,-0.07184803,0.7905195,0.23349532,-0.09275961,0.68577707,0.6277017,-0.036647797,0.7181382,0.45583755,-0.064874895,0.7415723,0.34074157,-0.08698702,0.76149195,0.24085847,-0.10045402,0.6444023,0.6639282,-0.063355014,0.6633299,0.53839064,-0.08301938,0.6819698,0.44647533,-0.08734288,0.7032222,0.36159784,-0.089227736,2
0.6655095,1.0103751,4.0756746e-07,0.7407437,0.95819724,-0.026009953,0.8064477,0.8666237,-0.045935255,0.8654792,0.7995208,-0.0693541,0.9028596,0.7167853,-0.090586774,0.76142955,0.66272086,-0.00403956,0.81987655,0.5922267,-0.054991275,0.8507006,0.65183693,-0.09696342,0.8648753,0.7285478,-0.116663866,0.73526037,0.63011295,-0.017278258,0.7750827,0.46476674,-0.04596391,0.7943259,0.34856147,-0.07595833,0.80988413,0.242892,-0.09684989,0.69941026,0.63613933,-0.03929515,0.73392725,0.46567956,-0.0681931,0.7584896,0.35091498,-0.09062011,0.78000116,0.24748674,-0.10436693,0.65539545,0.6725098,-0.064483754,0.6748806,0.547799,-0.08481446,0.69456,0.45790794,-0.08930187,0.71729445,0.373312,-0.091425724,2
0.67244875,1.0170057,4.1540088e-07,0.7514669,0.95872486,-0.027184779,0.8160165,0.8738463,-0.04847314,0.87394,0.8089446,-0.07277567,0.91321343,0.7262085,-0.09486462,0.7681998,0.66865385,-0.007496281,0.8292716,0.6004192,-0.059044242,0.8594692,0.66192436,-0.10063626,0.87208235,0.73944926,-0.11994567,0.7426435,0.63917077,-0.020033788,0.78496194,0.4723965,-0.04926006,0.80530185,0.3555116,-0.07975664,0.8216394,0.24869177,-0.10141489,0.70763236,0.6475004,-0.041176427,0.74523866,0.47791466,-0.069970354,0.7707697,0.36151156,-0.0926025,0.79325277,0.2564016,-0.10672237,0.6644548,0.6838316,-0.06547813,0.6847396,0.5553573,-0.08565765,0.7057862,0.46333522,-0.09046391,0.73032093,0.37801886,-0.092935495,2
0.6779398,1.0173388,4.0056688e-07,0.75895697,0.95869505,-0.026364656,0.8266048,0.873561,-0.04773637,0.8856753,0.8097978,-0.07226226,0.9184311,0.7297137,-0.09419836,0.7788674,0.6707791,-0.008597619,0.838259,0.60240495,-0.059571538,0.865861,0.66783607,-0.09902235,0.8745298,0.74811995,-0.116383575,0.75092965,0.64409953,-0.021764696,0.7954135,0.477296,-0.050310016,0.8153682,0.36215073,-0.07846373,0.8307373,0.2535657,-0.09825954,0.7141385,0.6533401,-0.043536585,0.75543904,0.48121005,-0.071596146,0.7806383,0.36662725,-0.092175476,0.80163383,0.26247513,-0.10493788,0.6694367,0.6903957,-0.068488166,0.69396156,0.5608924,-0.08773689,0.7157967,0.47040376,-0.09150306,0.7400733,0.3857665,-0.0933743,2
0.6856244,1.013157,4.3294554e-07,0.76556164,0.9568254,-0.026923621,0.83470774,0.87389606,-0.049286008,0.89438045,0.81349576,-0.07464317,0.9259838,0.7333892,-0.09755369,0.78357786,0.6714441,-0.010686107,0.8447058,0.604634,-0.062024243,0.8725238,0.67370343,-0.10240453,0.8803747,0.7522586,-0.12062973,0.75535905,0.64369243,-0.023302874,0.80018455,0.4805153,-0.052646786,0.82183915,0.3643719,-0.08248016,0.83781135,0.25395972,-0.103918694,0.71788126,0.65216464,-0.04429191,0.7595228,0.4854282,-0.072948135,0.7870164,0.37240094,-0.0947347,0.8097762,0.26973596,-0.1084936,0.67358273,0.6871658,-0.06840949,0.6993628,0.55856717,-0.08795869,0.72342956,0.46991003,-0.09223313,0.7499789,0.3884174,-0.09471415,2
0.6907968,1.0076697,4.0550555e-07,0.76964575,0.956015,-0.026934525,0.8380552,0.8728365,-0.049027618,0.8969903,0.8106983,-0.0740272,0.92743266,0.7346974,-0.09629197,0.7906891,0.66924083,-0.009790435,0.8497767,0.604961,-0.06077737,0.8757752,0.6749399,-0.10103675,0.88219243,0.7530529,-0.11921665,0.7621256,0.6401533,-0.0220749,0.80670696,0.48099422,-0.05057331,0.82792497,0.36831436,-0.0796208,0.8444899,0.25967744,-0.10051401,0.7247215,0.6467449,-0.04279483,0.7669957,0.4836786,-0.07041522,0.7937435,0.37381727,-0.09150971,0.81626946,0.27315244,-0.10493924,0.6811588,0.6802582,-0.066731565,0.7085114,0.55524474,-0.08532995,0.73196805,0.46933928,-0.08926049,0.75734365,0.3903312,-0.09147054,2
0.6919188,1.0056145,4.1049415e-07,0.7680783,0.95833683,-0.027114222,0.8358035,0.87271035,-0.048613895,0.8938363,0.8106843,-0.072573036,0.93345565,0.73361534,-0.09387797,0.79221797,0.66588515,-0.011687328,0.852729,0.60505265,-0.062814236,0.8793313,0.6763004,-0.10352936,0.88662994,0.7527181,-0.122257195,0.7644748,0.63604844,-0.023609696,0.8096855,0.47859085,-0.052624032,0.8314938,0.36694783,-0.082057215,0.8481076,0.26168498,-0.103169866,0.7267399,0.6432932,-0.043740567,0.76887095,0.48191804,-0.0720806,0.7959502,0.37362003,-0.09326646,0.81864184,0.27397758,-0.10664835,0.6820781,0.6776051,-0.06693481,0.70993274,0.5538036,-0.08666288,0.7342766,0.46965492,-0.090791844,0.7608134,0.3909585,-0.09296634,2
0.6910955,0.9947789,3.9836297e-07,0.76228845,0.94955754,-0.025837697,0.8305551,0.8648334,-0.045585513,0.89022046,0.80420357,-0.067727454,0.93008167,0.72599375,-0.087165855,0.7917209,0.6584161,-0.0077186828,0.85057104,0.5997018,-0.0565397,0.8766238,0.6717285,-0.09656815,0.88350886,0.7484972,-0.11522597,0.76494074,0.62564164,-0.019509008,0.80870366,0.4710301,-0.045951556,0.8313069,0.3601093,-0.07410829,0.8481592,0.25708905,-0.09434526,0.7279443,0.6305992,-0.039479833,0.7679118,0.47186196,-0.06603762,0.7957564,0.36579388,-0.08593356,0.81966114,0.26861855,-0.09848733,0.68319327,0.6637845,-0.06253092,0.70897895,0.5457615,-0.08120232,0.7341522,0.46441582,-0.08400661,0.7619644,0.38798234,-0.08511671,2
0.6794209,0.9856825,3.8832488e-07,0.7548182,0.9383379,-0.021493483,0.82227236,0.8530182,-0.037730373,0.881725,0.78824997,-0.0577298,0.9239664,0.7168611,-0.07469914,0.7783174,0.6468144,0.00427123,0.8358974,0.58771133,-0.04087095,0.86789435,0.65743244,-0.079112574,0.8808269,0.7293389,-0.096755184,0.75418836,0.61747193,-0.008580453,0.79438174,0.46675116,-0.031163607,0.8185317,0.3537661,-0.055754602,0.83619523,0.25058317,-0.07302824,0.7201279,0.62170786,-0.030027533,0.75655246,0.46403882,-0.052063588,0.7844315,0.35815075,-0.06663672,0.8081495,0.2659053,-0.07505642,0.67869174,0.6509693,-0.055004533,0.70191115,0.5342444,-0.069633454,0.7257594,0.45131636,-0.069399655,0.7519436,0.37620276,-0.06768433,2
0.6650587,0.97212076,4.119485e-07,0.74395716,0.9156968,-0.016326364,0.8110481,0.82633114,-0.030032028,0.8675011,0.7652683,-0.04854106,0.9075363,0.69431525,-0.06416998,0.7608568,0.6267562,0.009626458,0.8162523,0.55871373,-0.034495216,0.85351115,0.62141746,-0.07254058,0.8731725,0.6913022,-0.09005944,0.7368127,0.59841037,-0.005030257,0.7762235,0.45391572,-0.026997667,0.80234087,0.34370494,-0.052310407,0.8219093,0.24738091,-0.07000463,0.7045845,0.60251325,-0.027885206,0.7410927,0.45010614,-0.04856418,0.7696107,0.34624612,-0.06325444,0.7936067,0.2599482,-0.07187711,0.66644627,0.63335454,-0.05398894,0.6894633,0.520375,-0.06741217,0.71313936,0.4400282,-0.06705735,0.73949397,0.37160367,-0.065073214,2
0.64884645,0.96587074,4.4719334e-07,0.72620887,0.90873444,-0.01638568,0.7948135,0.8068224,-0.02762724,0.85070616,0.739207,-0.044137876,0.88889265,0.6667771,-0.05786333,0.74267006,0.6120261,0.017120598,0.79847753,0.5344949,-0.028185045,0.8374288,0.5924553,-0.06966279,0.8603224,0.6637933,-0.08924241,0.7166958,0.5823528,0.0031105815,0.75687534,0.43640542,-0.019243317,0.78366345,0.32745552,-0.046802465,0.80483544,0.23574969,-0.06557651,0.6833997,0.58588403,-0.019856974,0.7211648,0.4341235,-0.041193217,0.7503609,0.3300595,-0.057372887,0.7756634,0.24539343,-0.066330805,0.64471877,0.6158292,-0.046326216,0.6714444,0.49975237,-0.059932314,0.6950258,0.4189198,-0.06018415,0.7216961,0.35143712,-0.05823469,2
0.62548894,0.9537679,4.3667993e-07,0.7027423,0.8991955,-0.016102178,0.7723204,0.7905381,-0.025927966,0.82894176,0.71974254,-0.041373495,0.861652,0.647739,-0.053733073,0.72273993,0.5930267,0.019481815,0.77942955,0.51414,-0.025177421,0.81878924,0.5716928,-0.06669202,0.84074324,0.6418113,-0.086319275,0.6967123,0.56218046,0.005332117,0.7366883,0.41639066,-0.015615844,0.7620209,0.30910543,-0.041524097,0.7807466,0.21699396,-0.05911746,0.6628521,0.5643655,-0.018170508,0.7013828,0.41473204,-0.0382901,0.72863835,0.31435606,-0.05227618,0.7503741,0.23079571,-0.05967288,0.62330294,0.5924293,-0.045531828,0.6530435,0.47696793,-0.058815412,0.675257,0.39739114,-0.058340248,0.69894683,0.32831535,-0.055686917,2
0.6070743,0.9454975,4.4042258e-07,0.68332183,0.8822342,-0.020243337,0.750719,0.7675192,-0.03150215,0.8049355,0.6903245,-0.047275215,0.8296871,0.61847717,-0.059686605,0.705548,0.57519156,0.01084393,0.75490916,0.48872566,-0.03382853,0.79075485,0.54111904,-0.0735549,0.8087401,0.6055206,-0.09249954,0.6756129,0.548427,-0.00093925744,0.7101441,0.4011894,-0.023734285,0.7324293,0.29799306,-0.048639927,0.7477607,0.20841295,-0.06574458,0.6389567,0.5536282,-0.022040935,0.6730213,0.40631568,-0.044453878,0.69554865,0.31624883,-0.058006763,0.7114534,0.24166575,-0.06520634,0.5979073,0.58333516,-0.04722667,0.62826,0.47241414,-0.06362778,0.65276724,0.39900243,-0.0658386,0.6776269,0.33520904,-0.06529765,2
0.58318794,0.9281781,5.895203e-07,0.6640969,0.86113846,-0.02731161,0.73193383,0.7533723,-0.03887521,0.7835,0.6722043,-0.052091844,0.81292766,0.6005393,-0.06322581,0.6869614,0.546255,-0.0018463533,0.71834016,0.41361386,-0.028443268,0.7325367,0.35688427,-0.05138594,0.7394714,0.30261666,-0.06613056,0.6504551,0.51746136,-0.009179792,0.6770502,0.36977234,-0.032200683,0.69764197,0.26905286,-0.052529257,0.7136931,0.18172601,-0.06564889,0.61018765,0.52335215,-0.023527728,0.6302878,0.38050738,-0.05061909,0.6525928,0.31311235,-0.06380565,0.66971076,0.26683256,-0.06891655,0.5677669,0.5542969,-0.04182145,0.5850059,0.43747953,-0.0673219,0.6086186,0.37359497,-0.076106384,0.63253367,0.33391342,-0.07838288,2
0.5671914,0.92324364,4.840919e-07,0.6480549,0.8428874,-0.020985423,0.7120557,0.7385206,-0.03640015,0.7640565,0.66272706,-0.056200564,0.79210466,0.58041036,-0.073410995,0.6596864,0.54626185,-0.0013199601,0.7063052,0.45931453,-0.04571954,0.74389434,0.5049179,-0.08219519,0.7653585,0.55852693,-0.099725746,0.6244816,0.519228,-0.014874225,0.6516342,0.36505198,-0.039994117,0.6772989,0.26273298,-0.06464185,0.69615746,0.18137541,-0.0823426,0.5834979,0.52752703,-0.03675652,0.6023948,0.37410307,-0.062357996,0.6290575,0.29483023,-0.07858943,0.65091467,0.24189642,-0.08786806,0.54161847,0.5637143,-0.062279534,0.55720186,0.43734688,-0.08237984,0.58723426,0.36991727,-0.08737449,0.61970675,0.32884204,-0.08893484,2
0.5438067,0.92144275,4.597993e-07,0.6223187,0.84500843,-0.026998566,0.6862399,0.7372513,-0.044081714,0.73648185,0.6550644,-0.06444375,0.7587587,0.56813055,-0.08179827,0.64076716,0.5407468,-0.0051966435,0.6828223,0.44478524,-0.053550597,0.71067995,0.486712,-0.093502186,0.7224586,0.5426326,-0.11236444,0.6009796,0.51037556,-0.015082831,0.6258334,0.3582272,-0.043557953,0.6479951,0.25602993,-0.07159223,0.66465396,0.17739466,-0.09086907,0.5575599,0.51798344,-0.03396233,0.57011896,0.36413273,-0.06312977,0.5931369,0.28181884,-0.08371428,0.6141235,0.22670707,-0.0951173,0.5131918,0.55490834,-0.05659133,0.5229156,0.431976,-0.07885334,0.5508602,0.36448097,-0.086831845,0.58340603,0.32285595,-0.09013037,2
0.5242541,0.91892076,4.384433e-07,0.5986223,0.84688056,-0.025910256,0.66156495,0.7383839,-0.041684948,0.7096327,0.6534629,-0.059778564,0.73358107,0.5680504,-0.07541495,0.6190995,0.5328241,-0.006294523,0.6523093,0.42785785,-0.04368843,0.6791765,0.44974968,-0.075679414,0.69680667,0.4726419,-0.09349217,0.5815572,0.50345665,-0.015685426,0.59886044,0.34314623,-0.04068747,0.6196605,0.24524045,-0.06643016,0.6387358,0.168998,-0.08569508,0.5403613,0.51117814,-0.032493796,0.54808223,0.35145634,-0.060684208,0.57080954,0.27668345,-0.08171752,0.5933433,0.22898561,-0.09458594,0.49824324,0.5466436,-0.052587826,0.50533634,0.4228922,-0.0773713,0.5360358,0.35998267,-0.08860361,0.5726331,0.32346588,-0.09481904,2
0.49257812,0.92401606,3.876989e-07,0.5706998,0.85916185,-0.02675983,0.6384792,0.7470163,-0.039465856,0.6896563,0.6543787,-0.054475732,0.7049381,0.5636384,-0.06679585,0.5948491,0.54113334,0.002202048,0.6247551,0.42652342,-0.03413803,0.6465329,0.44376108,-0.067291975,0.660343,0.47029376,-0.08557747,0.5586064,0.5094622,-0.0050860834,0.57866746,0.3438329,-0.028861199,0.5963023,0.24208373,-0.05580529,0.6122768,0.16454408,-0.07567703,0.5176385,0.5118984,-0.020601926,0.5328755,0.35535833,-0.046535283,0.5505999,0.28379935,-0.06713421,0.567753,0.23741174,-0.07963462,0.47428396,0.5403281,-0.039843068,0.49418637,0.42173913,-0.060667958,0.5173872,0.3499862,-0.07104111,0.5439401,0.2937257,-0.07736233,2
0.46768683,0.9254465,3.2916554e-07,0.5466631,0.8597125,-0.027572926,0.61672664,0.75204486,-0.040829092,0.6705145,0.6573121,-0.05663448,0.6833732,0.561031,-0.06946901,0.5762404,0.5463193,0.0052286847,0.61263645,0.4321627,-0.037626043,0.63292485,0.46541536,-0.07745469,0.64088255,0.5181958,-0.09772586,0.5387716,0.51017886,-0.0015962023,0.56248474,0.34671435,-0.024491254,0.57838565,0.23979688,-0.053400308,0.59248024,0.15468386,-0.075012386,0.4972272,0.5106044,-0.017626666,0.5192579,0.3554423,-0.040177114,0.537482,0.2674487,-0.060617805,0.5546274,0.20322874,-0.07413939,0.45199385,0.53996843,-0.037885476,0.47166085,0.4205764,-0.05365547,0.49195403,0.3493082,-0.060074154,0.51440436,0.29577345,-0.064093195,2
0.45242447,0.93282485,3.209945e-07,0.53091556,0.86994886,-0.02999638,0.6019761,0.73613316,-0.04237317,0.6526306,0.6310601,-0.056949064,0.6623886,0.5411062,-0.068064325,0.55422854,0.5368926,0.0018111832,0.59140503,0.40004164,-0.048948348,0.6141786,0.4460132,-0.09266636,0.6197382,0.52292055,-0.11204686,0.51570183,0.5038511,-0.0033988254,0.5436261,0.3414373,-0.029738065,0.56070703,0.24402303,-0.057701252,0.5709329,0.17187336,-0.07525903,0.4731017,0.50970954,-0.018849988,0.5009672,0.34901792,-0.04234395,0.5213187,0.24594131,-0.058713846,0.537305,0.1648714,-0.06742735,0.42484415,0.5461318,-0.038970444,0.4479411,0.42674345,-0.054617845,0.46446905,0.34824702,-0.05737746,0.4813603,0.28024134,-0.056859545,2
0.43655592,0.93814206,2.9785076e-07,0.51276046,0.8723403,-0.030280625,0.5822613,0.7408503,-0.044178717,0.6359369,0.63618493,-0.060748335,0.64610445,0.5430511,-0.07318983,0.53656,0.5309953,0.0032036724,0.5775788,0.38483766,-0.05043778,0.5986952,0.4382357,-0.09602426,0.6030808,0.5159128,-0.11640377,0.4965243,0.49919242,-0.0029679057,0.5241736,0.332585,-0.03144762,0.5374516,0.23721099,-0.061526757,0.5430986,0.16405594,-0.08077629,0.45269802,0.5075114,-0.019918514,0.47944346,0.34238407,-0.046287954,0.49709734,0.24392131,-0.064740635,0.5099916,0.16376474,-0.07450177,0.4034623,0.5454453,-0.041358642,0.42514175,0.42898145,-0.059820935,0.4415733,0.35250974,-0.065156184,0.4580306,0.28517628,-0.066155985,2
0.41133213,0.94850945,3.054392e-07,0.4925388,0.87386,-0.030928718,0.5628696,0.75171924,-0.044842813,0.61111486,0.64448696,-0.061530206,0.6216035,0.5441485,-0.07456221,0.51197004,0.5377161,0.0076019256,0.5490574,0.39468628,-0.041816235,0.5684157,0.43127018,-0.086324014,0.5757666,0.49997357,-0.10725351,0.47102055,0.50369453,0.0024764184,0.49644062,0.3359544,-0.02312177,0.51008546,0.23818195,-0.05320768,0.5204086,0.16884235,-0.07334888,0.4276572,0.5088715,-0.013307119,0.45196342,0.34743828,-0.03632323,0.47051913,0.24668592,-0.055131927,0.4873787,0.16993496,-0.06615364,0.37911427,0.54558814,-0.03386587,0.39830935,0.42449185,-0.048686177,0.4127599,0.34641573,-0.05277176,0.4282352,0.2802146,-0.053828206,2
0.39566052,0.94328916,3.4040787e-07,0.47856876,0.86373377,-0.033414483,0.5466395,0.74540955,-0.050324433,0.5942148,0.6410809,-0.06980887,0.60131055,0.5369581,-0.08599818,0.49530002,0.5290053,0.0036759388,0.5321942,0.40123534,-0.047534615,0.5510132,0.44005364,-0.09380466,0.55795074,0.51091033,-0.115887165,0.45255446,0.4966121,-0.001116083,0.47717115,0.33480537,-0.02728615,0.487839,0.2344706,-0.058540504,0.49606678,0.16242278,-0.08032981,0.40727752,0.5045105,-0.016609551,0.4307909,0.34781873,-0.039983675,0.44627133,0.24713594,-0.05981858,0.4606403,0.16994673,-0.072144695,0.35743296,0.5452788,-0.03699371,0.375061,0.4253202,-0.052186776,0.3882795,0.34737402,-0.05656614,0.4024673,0.2807478,-0.058261618,2
0.3758092,0.9402602,4.2738745e-07,0.45865166,0.8557811,-0.034105618,0.52349156,0.739674,-0.05275627,0.572646,0.6392309,-0.07410087,0.5913577,0.53284,-0.09252966,0.4733941,0.52364546,0.0056638746,0.5066398,0.39698753,-0.04142284,0.5294141,0.41711915,-0.08633145,0.5444247,0.46277648,-0.11053948,0.42960626,0.4943548,0.0009165544,0.4527646,0.3334222,-0.02583549,0.46131545,0.2373026,-0.059526674,0.47015658,0.16244471,-0.08394258,0.38427833,0.501332,-0.014114741,0.40547538,0.3456853,-0.03829498,0.41908893,0.24779919,-0.06028989,0.43291983,0.17121235,-0.074949145,0.33505696,0.53973055,-0.03396319,0.35283166,0.4221593,-0.050185535,0.366198,0.34693113,-0.056615926,0.3804381,0.2819611,-0.060605608,2
0.36231008,0.9261824,5.839475e-07,0.44841057,0.84016085,-0.03931158,0.50908136,0.7209656,-0.058363724,0.55072594,0.6162013,-0.07752081,0.5715777,0.5137216,-0.09564326,0.46037775,0.50296706,-0.002961203,0.4699847,0.35638565,-0.034012508,0.4714446,0.27023852,-0.064502984,0.47231865,0.2010059,-0.08512026,0.4141245,0.48547825,-0.0047114072,0.42784873,0.32136044,-0.032468803,0.4298938,0.21602014,-0.061224066,0.4342112,0.12746224,-0.081361786,0.36695495,0.49732426,-0.014915647,0.3805725,0.33754689,-0.042203147,0.39057565,0.24049503,-0.06245835,0.40224254,0.16417587,-0.07525491,0.31553742,0.5346427,-0.029898593,0.3305876,0.414055,-0.052102715,0.345833,0.34084564,-0.06276893,0.36273086,0.27971467,-0.06926587,2
0.34576434,0.92433,4.0520578e-07,0.4271971,0.8354668,-0.030281281,0.48356876,0.72228384,-0.04604374,0.51948786,0.61559397,-0.06483774,0.53836876,0.51091963,-0.08135203,0.43712255,0.51791,0.009377346,0.46388245,0.40314862,-0.033281967,0.4843984,0.42710263,-0.074894264,0.49794453,0.46821487,-0.097651295,0.393011,0.4862858,0.0032717614,0.41203284,0.3188793,-0.019219484,0.4184276,0.21474296,-0.04947229,0.4245402,0.12970468,-0.07208396,0.34631178,0.4913743,-0.012537343,0.361304,0.32627827,-0.03499047,0.37193978,0.22289762,-0.05628808,0.3837506,0.14008045,-0.07068257,0.29548165,0.5291091,-0.032496344,0.3103473,0.40487528,-0.047336813,0.32365778,0.32931387,-0.05172338,0.33782512,0.26492694,-0.054397568,2
0.33607277,0.9244461,4.046955e-07,0.41415557,0.83332455,-0.031274438,0.46673432,0.71828026,-0.048006263,0.49587741,0.6118115,-0.06818149,0.5095665,0.5092697,-0.08525312,0.41762275,0.5112342,0.008596058,0.44330388,0.39215505,-0.03879075,0.4618598,0.42901397,-0.082022525,0.4714432,0.48894438,-0.103253566,0.37441033,0.48333415,0.002079097,0.39355412,0.31268284,-0.021791814,0.3991558,0.2016195,-0.05116596,0.40469074,0.10868442,-0.07230576,0.32856297,0.49209872,-0.01502751,0.34471554,0.32693785,-0.038022663,0.3549189,0.2242825,-0.05801889,0.36564192,0.14158455,-0.07069138,0.27691606,0.5331336,-0.036694184,0.29135296,0.40626734,-0.050461076,0.30268157,0.3265102,-0.0533835,0.31445292,0.25648078,-0.054618046,2
0.31586042,0.927272,3.3193018e-07,0.39726424,0.8368491,-0.028994773,0.45463765,0.7109461,-0.0419636,0.4856392,0.59733635,-0.058241088,0.4956177,0.49335957,-0.07096251,0.40239123,0.5076695,0.011703376,0.4250415,0.3765325,-0.033492096,0.44188827,0.41884035,-0.075113304,0.4496551,0.4819489,-0.09503748,0.35813236,0.48107892,0.005277456,0.37314755,0.30466357,-0.017076295,0.37792745,0.19202396,-0.045644365,0.38143882,0.102119684,-0.06595674,0.3124947,0.49111345,-0.011633402,0.32454905,0.3290452,-0.033920158,0.33142644,0.23011601,-0.05355878,0.33833638,0.15269667,-0.06539849,0.26308393,0.5309216,-0.032903567,0.27371544,0.4016406,-0.04621334,0.28329614,0.32162368,-0.048916202,0.29320633,0.2521827,-0.049617253,2
0.30797726,0.9279742,3.368448e-07,0.3875807,0.8249488,-0.028118074,0.44209126,0.6974874,-0.040700667,0.47459257,0.5842987,-0.05640994,0.47585848,0.48142242,-0.0699393,0.38649446,0.5021219,0.011040856,0.40159154,0.3664488,-0.024990952,0.4124983,0.38816792,-0.061690856,0.41941878,0.42236042,-0.082466386,0.3417671,0.47781974,0.004510437,0.35267037,0.3025496,-0.014559212,0.3548451,0.19439057,-0.043003254,0.35940135,0.103155226,-0.06514782,0.29601613,0.4897958,-0.011193649,0.30762118,0.3228742,-0.03110404,0.31504682,0.2188181,-0.052173816,0.3236908,0.13499302,-0.067065775,0.24627455,0.53075814,-0.030976493,0.25754857,0.40031222,-0.044216655,0.26557106,0.31885797,-0.04903094,0.27374017,0.24761367,-0.052730232,2
0.29423574,0.9267451,3.0288177e-07,0.37150615,0.8318274,-0.031166177,0.42892927,0.70662683,-0.045223277,0.46006566,0.590868,-0.06214145,0.45661062,0.4871792,-0.0759995,0.37390283,0.50515366,0.009476507,0.3919927,0.3815549,-0.031769197,0.40295932,0.4219725,-0.07120627,0.4067401,0.47936165,-0.09154693,0.3285569,0.47897214,0.0037518407,0.34019285,0.30331716,-0.01621561,0.34243178,0.19361371,-0.044821244,0.34703174,0.09977758,-0.0668784,0.28249234,0.49098545,-0.01205337,0.29324278,0.3253827,-0.03274691,0.29976186,0.2200993,-0.05435164,0.307976,0.13413998,-0.06935512,0.23268378,0.53452724,-0.032339383,0.24172089,0.40392044,-0.045507237,0.24894786,0.32004684,-0.05024346,0.25702778,0.24489254,-0.053885598,2
0.27953637,0.932683,3.0084416e-07,0.35776427,0.839499,-0.02971812,0.41795418,0.7175392,-0.041893538,0.4513434,0.60148484,-0.056853604,0.4350863,0.5082129,-0.06895525,0.35791212,0.5109452,0.011023482,0.38017908,0.3869154,-0.028260715,0.39374956,0.42695034,-0.06690913,0.39992917,0.4867096,-0.08689619,0.31283963,0.48439497,0.0052186893,0.32528293,0.30896258,-0.012910795,0.32706586,0.19823873,-0.041902408,0.3308496,0.10277262,-0.06471574,0.26634854,0.4958784,-0.01022951,0.2777717,0.33051828,-0.028576508,0.2840818,0.22368851,-0.050994985,0.2918706,0.13711345,-0.06722726,0.21534507,0.5383804,-0.030116579,0.2248343,0.40806603,-0.04111189,0.231839,0.3244928,-0.045636036,0.24077024,0.25025034,-0.049663812,2
0.26706856,0.937985,3.626117e-07,0.34738946,0.8392602,-0.03394644,0.41023818,0.7206992,-0.04662989,0.44148758,0.5994047,-0.06011641,0.41978893,0.50335264,-0.07163896,0.34318608,0.5055194,0.009498297,0.35528913,0.37087497,-0.017416075,0.3563747,0.37148952,-0.04861567,0.35810715,0.38115248,-0.068471484,0.2968562,0.48506105,0.007539202,0.30348358,0.3128545,-0.008213563,0.30282074,0.20819929,-0.036151882,0.30728763,0.12021944,-0.059108973,0.25051686,0.49998674,-0.0030921707,0.259214,0.33684534,-0.02133555,0.26527995,0.2382139,-0.04484157,0.2735535,0.16512534,-0.062239185,0.20045473,0.54325813,-0.018078579,0.20714115,0.41195947,-0.03193949,0.21387264,0.330576,-0.04041827,0.2238813,0.26204538,-0.047397748,2
0.25767535,0.94457525,4.0457118e-07,0.33729947,0.84662676,-0.035357747,0.39868286,0.7240193,-0.048704036,0.43209848,0.5991379,-0.062464643,0.40783697,0.50950277,-0.07479525,0.32789847,0.51156056,0.0056596803,0.33727372,0.37187225,-0.020199565,0.33346578,0.35584003,-0.049866907,0.33070847,0.34932053,-0.06945859,0.28103197,0.4944017,0.003923281,0.2864036,0.3210767,-0.012113523,0.28558174,0.21319926,-0.03875649,0.28950632,0.119288325,-0.06088094,0.23478428,0.5123495,-0.006393065,0.24147537,0.35011292,-0.025337098,0.24731961,0.25227636,-0.04836837,0.2549007,0.17826778,-0.06554968,0.18474048,0.55805725,-0.021207327,0.18976705,0.42763835,-0.036460746,0.19589353,0.34320807,-0.046172615,0.20473003,0.269615,-0.054334693,2
0.2461202,0.95357394,4.3234803e-07,0.32334796,0.8615674,-0.03640105,0.38276845,0.7371724,-0.05095795,0.4170641,0.61391,-0.06567849,0.39424366,0.52260596,-0.07911208,0.31566894,0.52351725,-0.0005087182,0.3209318,0.36893132,-0.028671466,0.3130257,0.33010197,-0.058089897,0.30691448,0.30812374,-0.07721918,0.26765266,0.50702286,-0.0025898246,0.27142307,0.32760075,-0.021032127,0.26877883,0.2148003,-0.046953034,0.2712227,0.11580905,-0.067844994,0.22118077,0.52605766,-0.013088876,0.2269856,0.36034444,-0.03300712,0.231659,0.2556104,-0.054663893,0.23808634,0.1714758,-0.07090398,0.17148097,0.57343805,-0.028219638,0.17633937,0.44303504,-0.044099554,0.18182881,0.35701457,-0.053411473,0.18937306,0.27890557,-0.061226737,2
0.2359495,0.9585445,5.6853094e-07,0.31049073,0.87061447,-0.041950863,0.36878306,0.74830854,-0.060582936,0.39913753,0.62885416,-0.077627905,0.37842482,0.53149,-0.09382503,0.2999985,0.51592016,-0.012420929,0.2930804,0.35094023,-0.038519576,0.28325006,0.24694583,-0.064076886,0.27798998,0.15691814,-0.08225713,0.25365767,0.5115138,-0.012594854,0.25165743,0.33185738,-0.034584858,0.2487497,0.21694124,-0.058775302,0.25196123,0.11186707,-0.0770687,0.20959231,0.5353632,-0.020348115,0.21019281,0.37020624,-0.042401787,0.21502326,0.263637,-0.06104548,0.2230293,0.1741845,-0.074485146,0.16230786,0.5855849,-0.03322119,0.16334487,0.4568141,-0.05242295,0.16839431,0.36874795,-0.06288661,0.17577961,0.2888948,-0.07052942,2
0.22816584,0.9727126,4.764816e-07,0.30100197,0.88411,-0.03744864,0.355525,0.76523155,-0.05482952,0.3846599,0.6477692,-0.07212875,0.3642059,0.54657483,-0.088126116,0.2906574,0.54171336,-0.0058452548,0.28767836,0.3812532,-0.035151303,0.27591875,0.30584466,-0.06282355,0.26672328,0.24857438,-0.08117081,0.24358024,0.52762514,-0.008787077,0.24509895,0.34529614,-0.031214321,0.24135971,0.22761005,-0.05534027,0.24268135,0.121976495,-0.0736596,0.19858941,0.5474087,-0.020004679,0.2007668,0.37711653,-0.04306017,0.20577471,0.26683763,-0.0624678,0.21366249,0.17398992,-0.076424904,0.15048267,0.59682953,-0.03595838,0.15054365,0.46881658,-0.055354577,0.15608343,0.37939382,-0.065673515,0.16428673,0.29634124,-0.07347588,2
0.2237851,0.987748,2.4113146e-07,0.29656184,0.89640075,-0.03314764,0.34670195,0.78144205,-0.05124524,0.37517428,0.6688022,-0.07133427,0.35915905,0.562378,-0.08878081,0.2871702,0.56912214,-0.004281166,0.29585138,0.41892505,-0.04364528,0.29303622,0.44541562,-0.08022741,0.28715932,0.48987338,-0.100605614,0.23961827,0.5453239,-0.009929997,0.24451253,0.35869586,-0.02978745,0.24130607,0.2480726,-0.056656048,0.24186641,0.14994171,-0.07867795,0.19390789,0.5619871,-0.02473156,0.19550459,0.38634184,-0.044821076,0.19721875,0.27272603,-0.06737013,0.20188922,0.1774287,-0.084871836,0.14616725,0.6134341,-0.04383156,0.14221233,0.4819858,-0.058892608,0.145033,0.39250758,-0.06728694,0.15064731,0.3080508,-0.07489714,2
0.21699911,0.99964535,2.168914e-07,0.29181948,0.90700793,-0.032511953,0.34235418,0.7919844,-0.050705396,0.37033573,0.6776017,-0.07128656,0.3530882,0.5772434,-0.08780094,0.28297603,0.5805011,-0.0015612793,0.29520467,0.44973636,-0.04526408,0.30157652,0.5090401,-0.08259288,0.2997481,0.5901077,-0.1000988,0.2358026,0.55585474,-0.007840838,0.24076687,0.36424154,-0.027351215,0.23903966,0.2481043,-0.05233944,0.23808193,0.13967034,-0.07192351,0.19016258,0.5727812,-0.024080927,0.18876696,0.39288265,-0.043487247,0.18963446,0.27607483,-0.06462319,0.19296698,0.17564794,-0.080171205,0.14259258,0.62772757,-0.04481572,0.13618556,0.49339703,-0.057731804,0.13726005,0.40106624,-0.0635476,0.14223933,0.3140443,-0.06883074,2
0.21565065,1.0051122,2.3356257e-07,0.28969538,0.91151845,-0.03419274,0.34061223,0.7952937,-0.05369017,0.36779743,0.68299305,-0.07588763,0.3492616,0.58001554,-0.09370206,0.28035232,0.5829992,-6.251982e-05,0.2908849,0.45112276,-0.046884965,0.29772317,0.5136702,-0.0870609,0.29664305,0.5991493,-0.10559388,0.23182546,0.5604888,-0.005958143,0.23569456,0.36908564,-0.026574388,0.23330022,0.25041077,-0.05222078,0.23169282,0.14011121,-0.07181318,0.18544628,0.57829845,-0.02257203,0.18322814,0.39826623,-0.04228773,0.1833882,0.28072816,-0.06252903,0.18613091,0.18080747,-0.07693085,0.13813365,0.6319716,-0.044136308,0.13017121,0.49724168,-0.056171264,0.1298491,0.40314782,-0.06077652,0.13342842,0.31535563,-0.064818665,2
0.21535105,1.0065963,2.4099396e-07,0.29121342,0.9128554,-0.032837756,0.34251422,0.7950392,-0.051857334,0.36885983,0.6791734,-0.07374312,0.34411094,0.58059657,-0.09221429,0.28010193,0.58857137,-0.000881357,0.2925855,0.45462662,-0.049066436,0.29856312,0.5136513,-0.09130991,0.29605383,0.59492433,-0.11150459,0.23074742,0.56739503,-0.00745662,0.23563233,0.37402847,-0.02988637,0.23178403,0.25455457,-0.05846772,0.22725317,0.14049053,-0.08031074,0.18398836,0.58759034,-0.024199989,0.1824129,0.40859753,-0.0451396,0.1813426,0.2881778,-0.067624524,0.18231164,0.18362531,-0.08365837,0.13544795,0.6435958,-0.0455276,0.1288972,0.50861806,-0.05815763,0.12845898,0.41466913,-0.06331342,0.1317741,0.32614943,-0.067982525,2
0.21448825,1.0101569,2.5103438e-07,0.2910487,0.91483575,-0.031565465,0.34348002,0.7954095,-0.05005512,0.37145153,0.6775121,-0.07144723,0.34395844,0.5836919,-0.08959276,0.2803444,0.5916692,-0.0009621715,0.29393324,0.457142,-0.04892364,0.30043772,0.5158401,-0.090349175,0.29766193,0.6001194,-0.10935824,0.23060454,0.5707317,-0.007809014,0.2367164,0.37503937,-0.028948622,0.23201057,0.25409895,-0.056322105,0.22577651,0.13884154,-0.07694603,0.18365593,0.5911272,-0.024536047,0.1827425,0.40901887,-0.0438202,0.18073465,0.28644383,-0.06529352,0.18049245,0.18058395,-0.080587596,0.13413265,0.64798594,-0.045735005,0.12696743,0.5111724,-0.05667359,0.12631606,0.4171906,-0.06024329,0.1299946,0.32976067,-0.06363301,2
0.21790585,1.0064418,2.4967315e-07,0.29323837,0.91134727,-0.030095367,0.34514695,0.78782713,-0.04708669,0.37640372,0.671836,-0.06740186,0.3497639,0.5831723,-0.08493528,0.2794914,0.58899033,0.0017154971,0.29153752,0.45492333,-0.046149783,0.30179846,0.50984067,-0.08875461,0.30395684,0.5885708,-0.109206036,0.23053172,0.570472,-0.0060975384,0.23430896,0.3783714,-0.028316503,0.229583,0.25640434,-0.057683457,0.22361732,0.1418396,-0.08006349,0.18408807,0.5928211,-0.023827149,0.18298326,0.41139778,-0.044657633,0.1807974,0.28854644,-0.06788648,0.18037635,0.18216887,-0.08447254,0.13565093,0.6494787,-0.045892604,0.12804288,0.5146292,-0.058318116,0.12610403,0.41973162,-0.063630134,0.12836716,0.32974833,-0.06849574,2
0.22229359,0.99715734,2.7865713e-07,0.29742652,0.90211326,-0.030420922,0.35081652,0.77883315,-0.047494575,0.38337052,0.6660556,-0.067602955,0.358405,0.5772088,-0.085717216,0.28269246,0.5868541,-0.0017023945,0.29794452,0.461397,-0.04675489,0.3040908,0.50572467,-0.087860145,0.3031975,0.56888247,-0.10935721,0.2325913,0.56677413,-0.010200653,0.23700622,0.37827897,-0.033266652,0.23051047,0.26029763,-0.06432243,0.22453174,0.15217501,-0.08865026,0.18433344,0.58779156,-0.027907563,0.18376899,0.40891242,-0.05077361,0.18153958,0.2872269,-0.07700162,0.1821615,0.18118486,-0.0962346,0.13550688,0.6441784,-0.049574655,0.13047867,0.50961465,-0.06536011,0.12925574,0.4153489,-0.07376523,0.13133505,0.32370967,-0.08133582,2
0.22238518,0.9920137,3.552094e-07,0.29930204,0.89577675,-0.029446201,0.35520118,0.7697759,-0.045490578,0.38959414,0.6581784,-0.06442898,0.37074775,0.56713647,-0.081598535,0.284943,0.5814768,-0.00064617244,0.30362657,0.4634589,-0.044585995,0.31626746,0.50002825,-0.08478538,0.322007,0.558579,-0.10549739,0.23493233,0.5583778,-0.0092756245,0.24246618,0.37356967,-0.031464167,0.23666899,0.25414747,-0.06213621,0.23193024,0.14519233,-0.085807666,0.18627566,0.57679844,-0.026803765,0.18794526,0.39768553,-0.049343396,0.18584712,0.2759659,-0.07552018,0.18750253,0.17056832,-0.09444173,0.1363112,0.6325874,-0.048091456,0.133955,0.49966338,-0.063533835,0.1343877,0.4079506,-0.071114525,0.13922442,0.31881014,-0.07777561,2
0.22475447,0.9948051,3.643023e-07,0.30053848,0.89693034,-0.029912474,0.3589307,0.76807225,-0.0458433,0.3981878,0.6551561,-0.06418034,0.38402602,0.56267416,-0.07966806,0.28363612,0.5711927,0.00041192025,0.30675337,0.45863461,-0.041667067,0.32608548,0.49383602,-0.07984895,0.33898604,0.54985607,-0.099080265,0.23660448,0.5494387,-0.007411778,0.24472752,0.36994663,-0.027978051,0.23919988,0.25558674,-0.05505353,0.23531677,0.1559228,-0.07555505,0.18941665,0.5675379,-0.024208767,0.19262822,0.39161354,-0.04390938,0.19388139,0.2747235,-0.064272486,0.19783136,0.17691934,-0.07878811,0.14057326,0.6216655,-0.04531679,0.14133106,0.49045652,-0.058026124,0.14225371,0.39875305,-0.061863676,0.1467847,0.31247416,-0.06496607,2
0.23024127,0.99479544,3.7442172e-07,0.30737805,0.89672947,-0.026686357,0.36725527,0.7650825,-0.03990434,0.4083789,0.64763105,-0.05609877,0.3922118,0.5554891,-0.0693941,0.29181394,0.56660575,0.008477517,0.31218967,0.45800966,-0.0317194,0.33694202,0.48720005,-0.06938885,0.35765776,0.54147875,-0.0885482,0.24692887,0.5450934,0.00020400503,0.25286523,0.367462,-0.019326515,0.25128844,0.25305137,-0.04638624,0.25374886,0.15426719,-0.06715216,0.20080674,0.56143236,-0.017088834,0.20448199,0.38738018,-0.036789432,0.20928065,0.2750257,-0.057024453,0.21725732,0.18369833,-0.071413726,0.15382847,0.612604,-0.038557228,0.15838733,0.483271,-0.05117344,0.16007924,0.39350915,-0.05511263,0.16458154,0.31055316,-0.058401905,2
0.23851252,0.99124885,4.129334e-07,0.3169527,0.8938514,-0.025242452,0.37831193,0.75608593,-0.038266845,0.42282504,0.63834846,-0.055117186,0.4097042,0.5451098,-0.0692182,0.3005985,0.56887025,0.010856733,0.3271524,0.45501974,-0.032846052,0.35727718,0.4861706,-0.07244482,0.37953898,0.5496123,-0.09100188,0.25772184,0.5439348,0.0015698556,0.2696603,0.36856064,-0.017689977,0.27327636,0.2528562,-0.042967163,0.27795336,0.15055671,-0.061715655,0.21308208,0.5572086,-0.017459411,0.22124353,0.38270462,-0.03687391,0.22739902,0.2656554,-0.05436975,0.23541313,0.16867083,-0.06634544,0.16594201,0.6046642,-0.040914856,0.17285496,0.47257617,-0.052891254,0.17725009,0.3809036,-0.0544925,0.18475342,0.2962126,-0.055660993,2
0.24698901,0.9795207,4.0894645e-07,0.32487613,0.8841274,-0.02184889,0.38303038,0.7434035,-0.03205347,0.42772728,0.63268876,-0.046264295,0.42249006,0.54201657,-0.057716258,0.3084098,0.56860214,0.009680237,0.33879912,0.45168787,-0.03371874,0.37121075,0.48099583,-0.07200262,0.39282006,0.5444386,-0.08903366,0.2681897,0.5407511,-0.0003456803,0.28180888,0.36361146,-0.018934457,0.28634557,0.24488166,-0.042178772,0.28906986,0.14367658,-0.058986742,0.2254189,0.5513803,-0.01959579,0.23617557,0.37935007,-0.037563328,0.2437669,0.26426739,-0.05257518,0.25147524,0.16868305,-0.06245802,0.17939192,0.5944086,-0.04302881,0.18688184,0.4615246,-0.054187104,0.19183722,0.37120026,-0.05399139,0.19958062,0.28840664,-0.053326353,2
0.25504705,0.9674419,3.8030564e-07,0.33136573,0.86942506,-0.017318487,0.3858416,0.72895277,-0.025541838,0.4285339,0.6234637,-0.038734455,0.4272261,0.53310436,-0.049383856,0.31553525,0.5603557,0.014329982,0.3466247,0.4427522,-0.028631588,0.37935787,0.4735424,-0.06706296,0.40027186,0.53757644,-0.08432829,0.27740854,0.53456104,0.0021440708,0.29379183,0.35693657,-0.015811762,0.29837808,0.23943895,-0.03884908,0.30054402,0.1397571,-0.055573545,0.23598,0.5446638,-0.019168599,0.25201395,0.3722196,-0.036111765,0.26080063,0.2560102,-0.050757032,0.26868886,0.15975976,-0.06063134,0.19033004,0.58570474,-0.04439233,0.20216173,0.45258462,-0.055325065,0.20769873,0.3604582,-0.055211883,0.2145233,0.27574605,-0.054713007,2
0.25991234,0.959641,3.3971713e-07,0.3353727,0.85746276,-0.0142459655,0.38835636,0.71784025,-0.020234661,0.42951584,0.6165379,-0.031723067,0.4279206,0.5290232,-0.0399912,0.31466928,0.5528781,0.020356078,0.35014632,0.4381249,-0.022146441,0.385584,0.47458684,-0.060283426,0.40664852,0.5418113,-0.07719025,0.2811132,0.52775407,0.006897408,0.29988506,0.3542197,-0.01075024,0.30654627,0.23740104,-0.03442659,0.30960384,0.1382961,-0.051836513,0.24302337,0.536983,-0.015809081,0.2613834,0.36636347,-0.032496933,0.2707832,0.25369942,-0.047473304,0.278093,0.16089755,-0.057572126,0.20108381,0.57447773,-0.04228051,0.21470961,0.44282037,-0.05310679,0.2207858,0.3514047,-0.05355121,0.22726727,0.2681322,-0.05349733,2
0.26242346,0.95158374,3.280649e-07,0.33392838,0.8515517,-0.012991258,0.3874675,0.7116579,-0.019455513,0.43047658,0.6129788,-0.031628765,0.42902273,0.52536225,-0.040418144,0.31682655,0.54625326,0.023240678,0.35574,0.43402934,-0.020068932,0.38945526,0.47405055,-0.06049964,0.4073279,0.5425457,-0.07905567,0.2850428,0.52295035,0.008643927,0.3078357,0.35130483,-0.01019329,0.31590638,0.23418093,-0.036564305,0.31949744,0.13742417,-0.056129415,0.24790066,0.53321517,-0.015260465,0.27043185,0.3648329,-0.033006813,0.28213754,0.25429365,-0.050872855,0.2900328,0.1641239,-0.06323988,0.20790666,0.56969374,-0.042656,0.22745049,0.440327,-0.053437516,0.23631296,0.3500802,-0.055076126,0.24433726,0.26707405,-0.05658407,2
0.2652562,0.9457209,2.67478e-07,0.33799523,0.83534694,-0.0067915535,0.38889816,0.69942355,-0.012607164,0.4280898,0.6040836,-0.025455864,0.42379785,0.5157767,-0.034637604,0.3172031,0.53993434,0.029095115,0.35596707,0.4298511,-0.012987541,0.38871422,0.4749906,-0.051882703,0.40395766,0.55169106,-0.06862913,0.28939617,0.5187366,0.011455422,0.31100142,0.34622952,-0.004956249,0.32069746,0.22873393,-0.029758617,0.32535216,0.13224953,-0.04833159,0.25643328,0.5311847,-0.01514842,0.27934453,0.35961777,-0.03006493,0.2916505,0.24731919,-0.045886226,0.29905102,0.15798989,-0.057295848,0.22203429,0.5686203,-0.044797923,0.24219182,0.43652165,-0.05291959,0.2511233,0.34731442,-0.05199089,0.25808042,0.2676662,-0.051786475,2
0.27244362,0.94224596,2.2200489e-07,0.34232017,0.8244694,0.0045054965,0.38209838,0.6837429,0.003298041,0.41663668,0.591925,-0.008263826,0.42140865,0.5085251,-0.01671383,0.31139767,0.53841436,0.045964107,0.35112146,0.43355358,0.004182442,0.3877421,0.47455508,-0.03732364,0.40545538,0.54324335,-0.056276906,0.2889196,0.5200719,0.021676544,0.30749014,0.34984538,0.004978953,0.3208347,0.23048386,-0.0214785,0.32724732,0.13893732,-0.04097936,0.26185545,0.5319457,-0.011795572,0.2822546,0.36371985,-0.026505882,0.2981043,0.2473534,-0.04372323,0.30730945,0.15656105,-0.055762332,0.23670581,0.5638902,-0.04774604,0.25521255,0.4329481,-0.05405197,0.26602033,0.34190488,-0.05331495,0.2752818,0.26172048,-0.053543095,2
0.26976946,0.94139516,2.1142174e-07,0.3447409,0.8000922,0.035865583,0.37090623,0.66491807,0.044629686,0.40259323,0.5787973,0.03751315,0.4182804,0.50326705,0.033128876,0.27824026,0.5296869,0.06894006,0.33738965,0.41801804,0.03654097,0.3779129,0.45792782,0.002427131,0.396945,0.5286443,-0.013312145,0.26095507,0.5199178,0.029903663,0.30255845,0.34302205,0.016671704,0.32382026,0.22153229,-0.0069128266,0.33531606,0.1304841,-0.024660822,0.2504991,0.54196686,-0.014710707,0.2913831,0.3595603,-0.023157785,0.31073916,0.24453318,-0.033405457,0.31729543,0.15320411,-0.042096633,0.25067246,0.57605934,-0.059304718,0.27900243,0.4391508,-0.0632308,0.2889492,0.3437699,-0.060169145,0.29367423,0.2547154,-0.058727775,2
0.26431096,0.9257271,9.4821326e-07,0.3379273,0.77167976,0.034865186,0.3609534,0.6234535,0.039578203,0.38805068,0.53457624,0.028240535,0.399582,0.4775168,0.01879923,0.25777292,0.4941303,0.065529086,0.30346572,0.36233717,0.06455326,0.32842866,0.26457262,0.059234504,0.34198365,0.19950813,0.05257951,0.23534599,0.5052638,0.027110219,0.29169866,0.3309725,0.012829004,0.3206111,0.21863273,-2.984271e-06,0.3397909,0.1352179,-0.005032257,0.23585081,0.5359952,-0.011969226,0.29526,0.35675424,-0.018199755,0.32477814,0.25143582,-0.008518674,0.33003277,0.15531534,-0.0005254842,0.26697224,0.5755216,-0.051246576,0.3391889,0.4405503,-0.044164892,0.3644992,0.39907405,-0.022683846,0.36833277,0.3711723,-0.0065809553,2
0.2670431,0.89920235,1.6037501e-07,0.32493845,0.795604,0.024229772,0.35020804,0.63744617,0.023632396,0.37624648,0.5288889,0.010590529,0.3951981,0.4772033,-0.0010661868,0.24298768,0.4847678,0.024957571,0.29549238,0.3345735,0.014828643,0.32631037,0.2279926,0.0006792576,0.34254548,0.14354512,-0.013477326,0.22753519,0.5090235,-0.0038165501,0.3157154,0.38072324,-0.029872537,0.351325,0.41911098,-0.045655943,0.35328367,0.45085284,-0.052665714,0.24511635,0.5350441,-0.030433398,0.32146564,0.40156767,-0.046291944,0.35434324,0.4374269,-0.03421674,0.34689558,0.45791298,-0.023837749,0.2801846,0.5580044,-0.057213206,0.33480012,0.42471528,-0.058102038,0.35320145,0.39944303,-0.042277314,0.3483571,0.374754,-0.030874806,2
0.2533872,0.871568,6.9972646e-07,0.24371365,0.7254104,0.04702926,0.2520232,0.5637004,0.05897812,0.28546086,0.45764124,0.057904538,0.3263765,0.4225434,0.05789158,0.22804406,0.4696945,0.053736508,0.27721,0.33181345,0.042824883,0.30995324,0.22466242,0.026492678,0.33338904,0.15509492,0.011224371,0.24686965,0.49361068,0.019756809,0.28935394,0.31270367,-0.008754682,0.31867793,0.2097789,-0.026543137,0.34087867,0.13639417,-0.033106823,0.27395192,0.5279721,-0.011427014,0.30582625,0.33536175,-0.021314789,0.33182532,0.23304549,0.0033206684,0.34456578,0.13589406,0.025290761,0.31441313,0.58039993,-0.04101037,0.34037948,0.40425754,-0.035577945,0.35083327,0.31935936,-0.009304561,0.35377744,0.2389386,0.0132960435,2
0.24501665,0.8814264,4.1642178e-07,0.22640674,0.72020483,0.047930837,0.22295949,0.57705176,0.057811007,0.26016665,0.47319293,0.05619796,0.3004278,0.43307668,0.05437078,0.19770567,0.49593276,0.026781926,0.27448592,0.36602545,0.014168712,0.3218404,0.3208381,0.005360409,0.35614097,0.302956,-0.0003693337,0.23067157,0.49986336,-0.008286106,0.28537723,0.29343745,-0.0295088,0.3143615,0.17714757,-0.03987886,0.33291754,0.08714548,-0.0430742,0.2711986,0.5249895,-0.039404385,0.3146482,0.31397593,-0.055148955,0.33602884,0.20958301,-0.05195782,0.34646553,0.12294352,-0.045308433,0.32318902,0.5762698,-0.06632635,0.35174608,0.3999439,-0.07054489,0.3585956,0.31291163,-0.059191424,0.36326253,0.23050404,-0.04751064,2
0.24498214,0.8931076,2.8395687e-07,0.217815,0.71804035,0.053656776,0.2110485,0.5826059,0.06625476,0.2521835,0.4700764,0.06958302,0.29418337,0.42368034,0.07222383,0.18277487,0.49763277,0.01345555,0.26298854,0.35537088,0.012576357,0.31089848,0.3384335,0.01942076,0.34211773,0.34926075,0.023733221,0.2305458,0.50414175,-0.019645223,0.28125176,0.27409136,-0.029911187,0.30605698,0.160184,-0.030534495,0.31913,0.07305616,-0.029190913,0.28004137,0.53509086,-0.0455226,0.3159331,0.28870726,-0.052484155,0.33118004,0.1790818,-0.0465488,0.3343779,0.10106373,-0.041098982,0.33259466,0.5899718,-0.065543465,0.3566706,0.3936865,-0.06699026,0.36259684,0.30125624,-0.05524172,0.36688176,0.2167001,-0.04431638,2
0.24409276,0.906207,2.1743203e-07,0.21262267,0.72178817,0.057176296,0.20477197,0.5852113,0.07179519,0.24679475,0.47112146,0.077822976,0.28981522,0.42875937,0.08311854,0.17128909,0.49409217,0.009703919,0.24917804,0.34286118,0.01395065,0.29926333,0.32958454,0.026347263,0.33426917,0.3444472,0.032429762,0.22598498,0.49996835,-0.023869883,0.2712275,0.260921,-0.030981638,0.29606825,0.15286937,-0.029114177,0.3102921,0.06402081,-0.027881179,0.27967542,0.5326632,-0.048824176,0.3105453,0.27904576,-0.053627674,0.32399967,0.16853061,-0.04719277,0.32557186,0.09058535,-0.043206815,0.33562285,0.5901213,-0.06721462,0.35457036,0.38636974,-0.06977258,0.35839528,0.2944243,-0.05925429,0.3609894,0.20991746,-0.0501468,2
0.24799152,0.9181526,1.4980262e-07,0.20845959,0.7321626,0.061577603,0.19736427,0.5992607,0.07968483,0.23631692,0.4819881,0.089351766,0.27751508,0.43007836,0.0988821,0.16583589,0.5000541,0.012333768,0.23655751,0.33265957,0.019628683,0.28588286,0.314485,0.03478097,0.3214544,0.32483995,0.042978317,0.22349526,0.50548613,-0.020787446,0.26195878,0.2516472,-0.02322463,0.28296256,0.14064535,-0.01937681,0.2940895,0.05138439,-0.017899303,0.2803511,0.5353716,-0.04457011,0.30659276,0.26858926,-0.044978358,0.31657213,0.16007167,-0.03766964,0.31592605,0.08660829,-0.034264322,0.33876413,0.58782,-0.06138398,0.35462224,0.37886196,-0.06225574,0.35458,0.2862472,-0.051975213,0.3530838,0.20065284,-0.04322525,2
0.25030053,0.9220159,1.1809548e-07,0.20500611,0.73710877,0.05981554,0.19085473,0.6017835,0.076567814,0.22797069,0.48170316,0.085464865,0.2698884,0.42673668,0.0941936,0.16120547,0.5071978,0.0040333546,0.22958936,0.3340838,0.011809479,0.27684748,0.3180515,0.031439666,0.3103001,0.33302444,0.04380811,0.22260165,0.51405245,-0.028118156,0.25654027,0.2556752,-0.032032933,0.27510568,0.13739493,-0.026378559,0.28521878,0.04753378,-0.022660611,0.28344747,0.54368466,-0.050366934,0.30336115,0.26829514,-0.053672478,0.31121573,0.15385938,-0.047069952,0.30880678,0.07785967,-0.042879663,0.3441042,0.59523755,-0.06517867,0.3552243,0.3808046,-0.067679025,0.35221463,0.28477642,-0.057371862,0.34836024,0.19803795,-0.047848158,2
0.25284144,0.92854106,9.607302e-08,0.20357916,0.74930096,0.06276804,0.18688455,0.61365813,0.08115962,0.22257228,0.4883173,0.09210256,0.26528177,0.43163136,0.102964796,0.15775402,0.51773506,0.00027407217,0.22359447,0.33925503,0.01125522,0.2709278,0.32475558,0.035816036,0.30475813,0.34163207,0.051711813,0.22257783,0.5212623,-0.031845376,0.25145918,0.2571029,-0.03577713,0.26851287,0.13456026,-0.027897319,0.27811995,0.04185778,-0.022165753,0.28560466,0.5482582,-0.052835867,0.300335,0.26975632,-0.056638654,0.30693948,0.15136027,-0.04942928,0.30363968,0.07564068,-0.044297915,0.3476446,0.59860516,-0.06562928,0.35553873,0.380239,-0.06751008,0.35109308,0.2830355,-0.05643679,0.34584677,0.19708562,-0.046204172,2
0.2537331,0.937446,6.167895e-08,0.20282976,0.7583849,0.06388531,0.18689743,0.6196886,0.08401128,0.22441441,0.49280494,0.09748408,0.2670037,0.43379417,0.11137772,0.15719183,0.5158127,0.0009612691,0.22146672,0.3440773,0.012975017,0.26852888,0.3362593,0.03691212,0.3017986,0.35600168,0.051908158,0.22320648,0.52293015,-0.030275472,0.24768221,0.2593218,-0.033798385,0.26447,0.13544029,-0.027722351,0.27425966,0.039345026,-0.023892248,0.28666973,0.5518398,-0.049813963,0.29661345,0.2714357,-0.053338207,0.30287537,0.14982784,-0.047381856,0.30123568,0.072689,-0.043508627,0.3496133,0.6006203,-0.060790606,0.3546453,0.3833233,-0.06189242,0.35029283,0.28774753,-0.050551537,0.34697115,0.2027334,-0.04051808,2
0.25496757,0.9333455,6.8093684e-08,0.2031192,0.7545003,0.05856179,0.18662976,0.6147706,0.07534146,0.22457376,0.48892915,0.08613757,0.268724,0.43162608,0.0973567,0.15784405,0.521326,-0.008154095,0.22061759,0.34363383,0.0020612045,0.26562816,0.33569315,0.027958708,0.29748642,0.359425,0.045443192,0.22499081,0.5282931,-0.03768843,0.2478666,0.26208684,-0.042119622,0.26308787,0.13650927,-0.033891026,0.27325633,0.04281637,-0.02773129,0.28998265,0.55543506,-0.055861205,0.297779,0.2738276,-0.060329795,0.3030525,0.15179685,-0.053883784,0.30066165,0.073620796,-0.0491396,0.3534177,0.60355484,-0.06587732,0.35723656,0.38586676,-0.067851074,0.3516209,0.29027677,-0.056574512,0.34699315,0.20605871,-0.046120007,2
0.260032,0.9281391,4.3494396e-08,0.20637475,0.7575059,0.0603567,0.1875625,0.6198113,0.07840801,0.22027403,0.4913437,0.09013057,0.2616031,0.4307714,0.102428816,0.16118914,0.5220879,-0.0054391604,0.22235109,0.34591055,0.0052085193,0.2651466,0.33769727,0.031384584,0.2954858,0.36089873,0.049386766,0.22707142,0.5284346,-0.03555612,0.25007007,0.265211,-0.039841197,0.2641187,0.13762435,-0.032067157,0.27388448,0.043254673,-0.026195792,0.29180238,0.5540428,-0.054308075,0.3003734,0.2770312,-0.059242077,0.30429995,0.15477994,-0.054745346,0.3008342,0.075486094,-0.051227998,0.35546282,0.60170734,-0.06461063,0.36083508,0.38799033,-0.06644758,0.3546994,0.29264152,-0.05624109,0.3489991,0.20855096,-0.046724137,2
0.2612215,0.93247694,8.268058e-08,0.20598598,0.75690645,0.058778208,0.18807928,0.61934245,0.07622778,0.22380435,0.49105203,0.08792233,0.2656105,0.43453646,0.100166544,0.16232586,0.52318114,-0.007138102,0.22585115,0.34575546,0.0030130246,0.26916203,0.33488005,0.027570253,0.3007087,0.35517955,0.043975763,0.23124711,0.52899015,-0.036488403,0.2537348,0.26404938,-0.040811554,0.26684585,0.13793439,-0.033832483,0.27529323,0.042220145,-0.028836995,0.2966736,0.5544957,-0.054290745,0.30385867,0.2759198,-0.05808887,0.3068856,0.15533292,-0.052174404,0.3038825,0.078368604,-0.047991894,0.35987967,0.6011896,-0.063970454,0.3628049,0.38586918,-0.06486505,0.35633948,0.29175782,-0.0534226,0.35108846,0.20824906,-0.043063603,2
0.26162243,0.9253478,4.630223e-08,0.20731694,0.7500019,0.059334695,0.18913858,0.61562973,0.077967435,0.2238279,0.488316,0.091304496,0.2643375,0.43179744,0.10522508,0.16624513,0.5150537,-0.0077324295,0.22876987,0.3428534,0.0036106645,0.2711071,0.33147684,0.02849813,0.30239788,0.348894,0.044344112,0.23518763,0.52507406,-0.036388338,0.2570211,0.26120815,-0.039910678,0.27011365,0.13669607,-0.033464056,0.27817708,0.040513784,-0.029673504,0.29999423,0.55272675,-0.053109527,0.3066983,0.2745682,-0.05654575,0.30846965,0.15562809,-0.051547952,0.3048267,0.08017081,-0.04872473,0.36266494,0.5996736,-0.061503295,0.36536568,0.38677797,-0.063441426,0.35834548,0.2923274,-0.053566884,0.3534054,0.2069647,-0.04465336,2
0.26147002,0.9282938,3.848578e-08,0.20692411,0.75262046,0.058534905,0.18940777,0.6154288,0.0771808,0.22552772,0.48644707,0.09010628,0.26764855,0.4308659,0.104006775,0.16608855,0.51654696,-0.0034969496,0.22719222,0.34245944,0.007804814,0.2709749,0.33246273,0.032545008,0.30178988,0.35391095,0.04886821,0.2356737,0.5230584,-0.032008987,0.25794157,0.2619064,-0.033947576,0.27213013,0.13816923,-0.02637642,0.28016046,0.044272542,-0.021446075,0.30172318,0.54896575,-0.049329024,0.30825606,0.27582467,-0.05146473,0.31129164,0.15683666,-0.04532463,0.30712196,0.081058115,-0.04144389,0.36580315,0.5957636,-0.058738254,0.36955756,0.38414463,-0.059347935,0.36221963,0.29027963,-0.048268747,0.35515076,0.20667979,-0.038207427,2
0.26006925,0.92687464,5.2155265e-08,0.20632142,0.748006,0.05871712,0.19034156,0.6105179,0.077651024,0.22836436,0.4827535,0.09107855,0.2711375,0.42883974,0.10539428,0.16928491,0.5136969,-0.0034682767,0.22997478,0.33857527,0.008663421,0.27326557,0.3250476,0.03413109,0.3052156,0.34418064,0.05065483,0.23960271,0.52059686,-0.031508565,0.26042956,0.258067,-0.03425742,0.273915,0.1346744,-0.026625667,0.28149316,0.03939888,-0.021513293,0.30519342,0.54758745,-0.048056446,0.31132314,0.27335513,-0.05038615,0.31386003,0.15552351,-0.043002572,0.31014562,0.08117762,-0.038158208,0.36838084,0.5950657,-0.056677684,0.37154585,0.3824889,-0.057073116,0.36429513,0.28898764,-0.045153137,0.3580332,0.20597687,-0.034432422,2
0.26374123,0.926177,5.2674e-08,0.20934293,0.7461877,0.05885139,0.19272147,0.6021956,0.07692596,0.23185024,0.47546285,0.08853836,0.27625498,0.42122135,0.10066139,0.17092499,0.51361877,-0.0032627196,0.22968465,0.33193,0.009401955,0.27264136,0.3200006,0.036718156,0.30418164,0.34111017,0.055053342,0.24097341,0.518486,-0.031792287,0.25845134,0.25751555,-0.034296155,0.27122712,0.1333051,-0.024907278,0.27969155,0.04149285,-0.017532712,0.3081101,0.54436594,-0.049022004,0.31021586,0.27092397,-0.05142888,0.31299737,0.15146768,-0.043360103,0.30781153,0.07469383,-0.037271164,0.37198794,0.5902317,-0.058300037,0.37383395,0.37929654,-0.05808468,0.36607808,0.28548422,-0.045355316,0.35887313,0.20303935,-0.033530887,2
0.26387104,0.92436534,4.1107025e-08,0.21140385,0.7443953,0.059839536,0.19563049,0.60165375,0.078637354,0.23465537,0.4755421,0.0911371,0.27965713,0.42389148,0.10379378,0.17354763,0.5098577,-0.004019423,0.23249534,0.331393,0.0091624,0.27583608,0.31689143,0.036813322,0.30853328,0.33590823,0.054724786,0.243507,0.5152508,-0.03331293,0.2617377,0.25319198,-0.035680216,0.27490178,0.13018885,-0.026240045,0.28274986,0.038388968,-0.01931787,0.3096337,0.54300714,-0.051061362,0.31234327,0.26957026,-0.05381818,0.3144608,0.14906386,-0.04644752,0.3088224,0.07199299,-0.04134296,0.37337407,0.5923525,-0.06070705,0.37550738,0.38199043,-0.061826978,0.3680787,0.28698677,-0.05062912,0.36086145,0.2034058,-0.0402605,2
0.26844543,0.9227146,4.0960697e-09,0.21426904,0.74084336,0.061390277,0.19743274,0.5968563,0.0814867,0.23361114,0.4694994,0.09440268,0.27727368,0.414558,0.107690684,0.17585635,0.5066588,0.003607715,0.23301084,0.3273072,0.017578552,0.27609894,0.31085593,0.045787044,0.30840388,0.3294785,0.0644157,0.24567589,0.50847495,-0.026901979,0.26266894,0.25068808,-0.027724052,0.27640593,0.1294941,-0.017195849,0.2850517,0.04055634,-0.009312271,0.31234732,0.53369313,-0.046541214,0.31434938,0.26588482,-0.048386585,0.3169792,0.14678138,-0.039814103,0.31241482,0.067833364,-0.03380879,0.37763494,0.583839,-0.058241084,0.3780541,0.37610483,-0.058275376,0.37095428,0.2814494,-0.045778338,0.36459172,0.19727924,-0.034410316,2
0.27806348,0.9184644,2.2633259e-08,0.22115275,0.7408273,0.057685975,0.20197226,0.5961701,0.075378716,0.23410854,0.46966338,0.08500067,0.2755027,0.41285336,0.094784446,0.18313682,0.5059369,0.0058894595,0.23814663,0.32510337,0.01503593,0.28063184,0.30858266,0.03814752,0.31276345,0.3269108,0.05451227,0.25094563,0.5065741,-0.025176669,0.26857337,0.25492945,-0.027278028,0.28169778,0.12898093,-0.019461676,0.29146975,0.037737757,-0.0132235475,0.31786826,0.52924824,-0.046903796,0.32038188,0.26998663,-0.04965641,0.32263127,0.15032116,-0.044198997,0.3187604,0.066720665,-0.039885804,0.38439545,0.5787219,-0.06139349,0.384725,0.37368584,-0.061275844,0.3760319,0.27998903,-0.049636055,0.3681186,0.1978052,-0.038770624,2
0.28679162,0.91837573,2.5226443e-08,0.2289766,0.7443423,0.057413973,0.21136427,0.6037193,0.076427266,0.2464764,0.4763095,0.088816024,0.28763402,0.41794154,0.10241315,0.192115,0.5046197,0.0056057484,0.24601902,0.32800657,0.013503613,0.28860152,0.3149516,0.033044454,0.32187596,0.33344972,0.046521347,0.2606186,0.5086378,-0.023209227,0.2779285,0.25067517,-0.025829898,0.29172802,0.12675595,-0.020245627,0.30046412,0.031743497,-0.01640905,0.32540843,0.5330991,-0.04235582,0.33004844,0.26756388,-0.045313995,0.33181316,0.14998287,-0.040261075,0.32787117,0.072467804,-0.036558412,0.39122766,0.580919,-0.054166086,0.39407724,0.37614787,-0.053403825,0.38521796,0.28397304,-0.04170313,0.3769337,0.20246917,-0.031193737,2
0.29415366,0.9204446,5.993671e-08,0.2385469,0.74149954,0.05895962,0.22177616,0.6023493,0.07853161,0.2569608,0.47457457,0.091412425,0.2975504,0.4182104,0.104649685,0.2006264,0.50374085,0.004289958,0.26021227,0.32721853,0.010455324,0.30540234,0.30322552,0.027261833,0.34287187,0.31137657,0.037628427,0.2693041,0.50884026,-0.026138917,0.28758186,0.24381709,-0.030488418,0.30283535,0.121047586,-0.026446516,0.3130542,0.024509639,-0.0242772,0.3329971,0.5346279,-0.04653724,0.33894962,0.26236084,-0.05085251,0.3418388,0.14633629,-0.04572886,0.34045827,0.070163965,-0.042650644,0.39772794,0.585437,-0.0594593,0.3998725,0.37937057,-0.061771993,0.39348918,0.28636855,-0.0515375,0.38928682,0.2018283,-0.042317286,2
0.30481964,0.92129654,6.840621e-08,0.24882455,0.73837656,0.06070857,0.23256978,0.6020884,0.08116606,0.27130353,0.47834077,0.09464724,0.31265286,0.42526054,0.107952826,0.218281,0.50418806,0.0043678265,0.27367383,0.32188475,0.012373687,0.32037106,0.29183334,0.031329572,0.3605751,0.2979055,0.042881247,0.2882845,0.50658494,-0.025647556,0.2992173,0.23549303,-0.02978109,0.31492826,0.114331275,-0.022918174,0.32603937,0.021537274,-0.018159425,0.35054868,0.5332055,-0.045195393,0.35122678,0.25601593,-0.048741195,0.35496786,0.14044186,-0.039690662,0.35374364,0.06945893,-0.033310667,0.4116037,0.585066,-0.05716904,0.41230232,0.37439257,-0.05863636,0.40699807,0.27907652,-0.046234995,0.402947,0.195407,-0.035034,2
0.32418388,0.912756,1.8892527e-07,0.25913602,0.7342382,0.050176505,0.24168433,0.59279376,0.06498042,0.27763346,0.46977243,0.07179593,0.32130167,0.42117682,0.077283986,0.23666826,0.49964562,0.008757241,0.2893377,0.30787373,0.012067451,0.33295852,0.26753178,0.0248641,0.37391478,0.2630974,0.03383972,0.30548185,0.49963135,-0.018879976,0.31843066,0.23826075,-0.024154797,0.3321793,0.11142859,-0.021132167,0.34476355,0.019981503,-0.01748618,0.36908132,0.523429,-0.038552392,0.36959714,0.263314,-0.042873744,0.3716686,0.14529502,-0.038366362,0.36912653,0.06394166,-0.033546623,0.4287851,0.5739483,-0.052094255,0.42822173,0.37053347,-0.05120597,0.42258045,0.2747404,-0.039050348,0.41947323,0.19086435,-0.027397111,2
0.34211078,0.9090854,1.762217e-07,0.27473235,0.7387384,0.049798124,0.25375354,0.5953487,0.06560356,0.28669092,0.46858698,0.07382636,0.33028102,0.42146835,0.08116593,0.25443324,0.49487925,0.008497719,0.30431935,0.3052891,0.012898561,0.34637788,0.2676291,0.028089685,0.38531998,0.26459464,0.03963667,0.32315704,0.49519506,-0.017885204,0.3363951,0.23726204,-0.023388322,0.35020483,0.11220518,-0.017183928,0.36340156,0.02521795,-0.009691411,0.38652188,0.5182771,-0.036497906,0.386932,0.26602763,-0.041607074,0.38881153,0.14755818,-0.035843864,0.38698334,0.06741062,-0.028573526,0.44544816,0.56931305,-0.04885145,0.44407278,0.3677078,-0.046956662,0.43887284,0.27136326,-0.03378043,0.43634784,0.18893844,-0.020797139,2
0.35277393,0.900089,1.4356287e-07,0.28649184,0.7324903,0.04634945,0.2675291,0.5863323,0.060465958,0.29953453,0.4532995,0.068518214,0.34168303,0.40021446,0.07655696,0.27489787,0.48666817,0.0025851924,0.31904948,0.29062635,0.0058717444,0.35800225,0.2615427,0.021377688,0.39459825,0.26565328,0.034162436,0.3455447,0.49178195,-0.020770669,0.3552949,0.22616875,-0.02707208,0.36643723,0.1022253,-0.018777167,0.3776341,0.017294794,-0.00885324,0.4076435,0.5172699,-0.036350522,0.40665174,0.26221663,-0.04181494,0.4064232,0.14426553,-0.033009663,0.40384534,0.068418145,-0.022571035,0.46328247,0.56891537,-0.045760408,0.45793566,0.366396,-0.042106852,0.45210847,0.27080926,-0.02607111,0.45067906,0.19143713,-0.010529033,2
0.3603981,0.9018206,1.4410135e-07,0.30243552,0.72763705,0.054979,0.28590092,0.58428025,0.07120724,0.32250002,0.46059063,0.078739725,0.36595502,0.41066593,0.086181566,0.28763914,0.48837933,0.009916476,0.3419579,0.29816642,0.012695492,0.38646787,0.27858222,0.030328203,0.42390442,0.2925722,0.045824748,0.35531345,0.4877507,-0.01819534,0.36893332,0.2209746,-0.026569169,0.38133192,0.09207469,-0.016450718,0.3943626,0.0021861494,-0.0036959352,0.41761863,0.5122318,-0.038008634,0.41913375,0.25420246,-0.04253506,0.42143455,0.13957962,-0.028067902,0.41889152,0.062508255,-0.012695761,0.4727758,0.566261,-0.051447928,0.4704863,0.360605,-0.04403803,0.46556696,0.2683514,-0.022109216,0.46452063,0.19131202,-0.0017194259,2
0.38310063,0.9003176,2.0610436e-07,0.32024902,0.73010767,0.05325375,0.3022791,0.5861091,0.06949318,0.33774966,0.46496657,0.076733194,0.38135126,0.4173824,0.08300226,0.31260014,0.4839049,0.016858868,0.36505997,0.28921413,0.021703785,0.40545535,0.26416498,0.03595956,0.44054258,0.26359224,0.048807606,0.3756585,0.4849348,-0.009078217,0.3942815,0.22361141,-0.012637073,0.4047534,0.09416509,-0.004832751,0.41585144,0.0039442778,0.0054096854,0.43620276,0.51020944,-0.027495889,0.44233638,0.2654901,-0.027527288,0.44369486,0.15473431,-0.017385894,0.44146198,0.081918806,-0.0059563066,0.48846638,0.5607842,-0.03978387,0.48909974,0.37014678,-0.026758777,0.48263142,0.28258353,-0.0063428706,0.48081386,0.21113688,0.011757083,2
0.40451065,0.8835242,3.182784e-07,0.3314491,0.71979403,0.04077986,0.3123599,0.5720506,0.053169355,0.3496863,0.45448837,0.05878791,0.39751497,0.4129808,0.06370322,0.33720094,0.4626593,0.018273644,0.3787611,0.2568136,0.023842882,0.4086733,0.18638396,0.03380733,0.4325674,0.14639017,0.043669116,0.40300643,0.46757194,-0.0005213429,0.4213545,0.22112903,0.0028478021,0.43295813,0.09906182,0.010713941,0.44194913,0.016038954,0.019563066,0.4640121,0.492629,-0.013738078,0.47362807,0.2777579,-0.006310251,0.47722727,0.17979205,0.0037835266,0.4752787,0.11870891,0.013479168,0.5150309,0.53906584,-0.022641692,0.51678896,0.36821532,-0.004037164,0.5101856,0.2894512,0.016324757,0.5044117,0.23064777,0.033253558,2
0.41723996,0.87367964,3.908637e-07,0.34456772,0.71294796,0.0327274,0.3276819,0.55391675,0.04190288,0.36479384,0.42726964,0.04631583,0.41112944,0.38012758,0.05001867,0.36049855,0.4487281,0.008684957,0.4001455,0.23168486,0.010455058,0.42483822,0.1286436,0.01779064,0.44410485,0.060403377,0.02608645,0.42512253,0.46243802,-0.006793362,0.44561538,0.21703559,-0.006124935,0.45831585,0.09546104,0.0014264917,0.4677231,0.014660716,0.010565174,0.48485518,0.49228287,-0.017355043,0.49485612,0.27382267,-0.013782874,0.49825716,0.17030254,-0.0036950728,0.49815103,0.106146276,0.0065247095,0.53542143,0.54050046,-0.024146406,0.5372932,0.36256436,-0.010071802,0.53180987,0.28179973,0.008669449,0.52673435,0.22362748,0.024920842,2
0.4348464,0.8646307,3.046667e-07,0.3643825,0.7050533,0.038048595,0.34275073,0.5489003,0.050379895,0.3751219,0.41490644,0.05879282,0.41805425,0.35571748,0.067143664,0.38433057,0.44755375,0.0067716083,0.41880324,0.22032923,0.012503199,0.43882388,0.1141268,0.026009759,0.4543343,0.04427728,0.039260667,0.44762886,0.46249944,-0.00666423,0.46691528,0.20897865,-0.0056471406,0.47433916,0.08947131,0.0074836668,0.48160636,0.011850715,0.022534799,0.5064305,0.49421108,-0.0137180155,0.5217231,0.27181244,-0.008713989,0.52104366,0.1788612,0.007662079,0.51775855,0.124768674,0.024030427,0.5565169,0.55047095,-0.01604682,0.5694108,0.36861306,0.0005806058,0.56023574,0.2892598,0.022883764,0.54926115,0.2353669,0.04315929,2
0.45218852,0.85332644,3.027612e-07,0.37839207,0.6900474,0.024427349,0.35301167,0.5314283,0.029807772,0.3870433,0.3989618,0.032438632,0.43166158,0.3505238,0.03496919,0.41977265,0.4336593,-0.005205887,0.44828,0.21309063,-0.004194784,0.46430662,0.108162284,0.0029128375,0.47791263,0.037731767,0.010736164,0.4833093,0.4588676,-0.01594297,0.49749035,0.21176156,-0.01648288,0.5018114,0.092176735,-0.009436767,0.50759,0.018146366,-0.00097459427,0.53979874,0.4947013,-0.021452956,0.5492536,0.27811775,-0.01889201,0.5464214,0.18440276,-0.009716229,0.5417773,0.13576663,0.00021533146,0.58512044,0.5457116,-0.023654222,0.5939615,0.36621204,-0.013028077,0.5814601,0.28692913,0.0033223343,0.5680976,0.23825884,0.018688725,2
0.47729534,0.84007823,1.4779297e-07,0.39505512,0.6961061,0.02501042,0.35730937,0.5478507,0.03243149,0.3833814,0.40824014,0.038169064,0.4264448,0.35066378,0.045524515,0.42771515,0.4334861,-0.0015457508,0.46005875,0.23841937,0.007454065,0.4833291,0.18270531,0.02301509,0.50503415,0.15457559,0.036199003,0.4960127,0.44516593,-0.0095802415,0.5118056,0.21057865,-0.0049089305,0.52161264,0.10105643,0.007042784,0.5327066,0.032746464,0.018557642,0.55479676,0.47572073,-0.01215456,0.5640221,0.27937958,-0.003102959,0.5668425,0.18707767,0.007804206,0.5667879,0.13171747,0.017473552,0.59804726,0.5268431,-0.011206812,0.6002962,0.3679447,0.0068404786,0.5929711,0.28992605,0.025387127,0.58590084,0.23738524,0.041109473,2
0.4888702,0.8396218,-3.943564e-08,0.41334292,0.70686764,0.025963537,0.3672793,0.56069046,0.03456245,0.38573077,0.42085364,0.04157155,0.43295208,0.3709022,0.052964095,0.43522152,0.43483207,-0.0013596632,0.45837602,0.27553484,0.008879924,0.47709247,0.30071056,0.029521175,0.4925051,0.349805,0.04791841,0.5021156,0.43995553,-0.011750553,0.515731,0.21041782,-0.00502647,0.52689224,0.09803301,0.008794298,0.53761315,0.029623598,0.02064376,0.5594083,0.46968794,-0.017004216,0.5716374,0.27850664,-0.008760654,0.57862884,0.18593553,0.00076450146,0.57849675,0.13257861,0.009630376,0.6041764,0.5258459,-0.018435089,0.61006737,0.35895634,-0.0017288262,0.6046248,0.28092968,0.017843254,0.59828943,0.2283376,0.034131385,2
0.5053698,0.83802485,-6.176077e-08,0.4294424,0.703931,0.02005424,0.38627988,0.55661005,0.023888238,0.40175727,0.42034233,0.025352092,0.44719663,0.3646812,0.03175069,0.4567985,0.43228388,-2.4146018e-05,0.46163762,0.26793087,0.00023786123,0.47044298,0.30108806,0.011396285,0.48205212,0.36306882,0.024187926,0.51880145,0.42790866,-0.011398327,0.5244733,0.19971284,-0.01093008,0.53018963,0.0898695,-0.0029202104,0.53895885,0.021432996,0.0057951114,0.5730082,0.448607,-0.019577067,0.5716241,0.24215268,-0.016408255,0.5760245,0.1341623,-0.009716326,0.5782564,0.06089741,-0.0026623593,0.6175825,0.50057936,-0.025092697,0.62264854,0.33258694,-0.011964352,0.6215323,0.24878636,0.005778016,0.6211585,0.1864649,0.020917254,2
0.5260784,0.85923123,-7.566651e-07,0.44740775,0.7345078,0.0155292265,0.39922282,0.5759647,0.016632127,0.4104637,0.43538854,0.015565246,0.4542257,0.38301587,0.018252937,0.48787767,0.43809602,-0.0070923856,0.48353153,0.2782187,-0.008128062,0.4733751,0.33579436,-0.0029579957,0.47572327,0.40169525,0.0024082342,0.5523472,0.4424421,-0.015647946,0.5407355,0.2579614,-0.01160119,0.5281334,0.28763914,-0.0024762363,0.5270945,0.34576225,0.004183541,0.6047846,0.46657205,-0.020686502,0.5895274,0.28340885,-0.015089349,0.578286,0.2843996,-0.0024424328,0.5719045,0.3181874,0.005578207,0.6438651,0.5065705,-0.02348496,0.64596176,0.33380347,-0.019165283,0.63932085,0.25617388,-0.009351738,0.6325344,0.19968545,-0.00084294844,2
0.5459576,0.84119284,-3.078144e-07,0.46114635,0.7235057,0.007270552,0.41573876,0.5678372,0.0067595704,0.43211335,0.43217507,0.0068587055,0.47890377,0.3734076,0.012075519,0.5047014,0.43348774,-0.015693562,0.49226236,0.27395123,-0.015556759,0.4823347,0.31373912,-0.0069872714,0.48860317,0.37185726,0.0008217437,0.56966835,0.43082803,-0.022318557,0.5591056,0.21618775,-0.020212408,0.54688126,0.14501226,-0.01166494,0.54335,0.11493915,-0.0056493417,0.6218578,0.45247948,-0.026131075,0.61597097,0.25629187,-0.024155397,0.6092733,0.19004852,-0.014785604,0.60413986,0.16265857,-0.007642856,0.66232765,0.49812314,-0.02833722,0.66646373,0.32326064,-0.024787406,0.66018045,0.24736902,-0.012464585,0.6533429,0.20141688,-0.0010880175,2
0.5653901,0.8622676,-1.517551e-07,0.480791,0.74392056,0.0046929996,0.43166953,0.58312494,0.0038529625,0.44365633,0.44222525,0.0060893865,0.48504937,0.37611547,0.014615596,0.52702117,0.46178046,-0.031204782,0.5150601,0.29753566,-0.027903277,0.50063235,0.336922,-0.009898353,0.5027721,0.40311608,0.0058634756,0.5928665,0.45809287,-0.03505191,0.5896917,0.21987277,-0.03904654,0.5837908,0.104786396,-0.026840629,0.5851936,0.03758809,-0.015016361,0.6442658,0.47768286,-0.034624748,0.6354711,0.26712728,-0.03634281,0.6312067,0.16789871,-0.026177874,0.62667066,0.10938066,-0.015625011,0.6806398,0.527166,-0.03209975,0.68464327,0.35027477,-0.026175626,0.6803234,0.26352495,-0.010105217,0.67549324,0.2071453,0.0048778076,2
0.5807385,0.89244854,-5.621217e-07,0.49599636,0.7516429,0.017956713,0.45208856,0.59105223,0.024604047,0.46206406,0.45020258,0.03207481,0.49386153,0.38136768,0.044910055,0.55143315,0.46670124,-0.016465534,0.5310372,0.30913672,-0.001225178,0.50573415,0.35530066,0.023410881,0.5022394,0.42421976,0.041279987,0.61776644,0.4725677,-0.02307018,0.59990346,0.26332164,-0.010827199,0.5787325,0.21056983,0.007876196,0.57211393,0.19763678,0.019514635,0.66756773,0.5007865,-0.02375168,0.64725626,0.3101406,-0.014795384,0.62894684,0.26768154,0.0016579438,0.6178007,0.26206177,0.012388222,0.7011895,0.5481212,-0.021302408,0.7041449,0.36285278,-0.015464702,0.69516367,0.28623056,-0.00041024567,0.68647003,0.23739532,0.0126305,2
0.5882742,0.88833,-9.341531e-08,0.50388545,0.74613094,0.012310212,0.46607807,0.5869197,0.016286623,0.47495517,0.44326133,0.02365038,0.50797653,0.36365402,0.038079314,0.56426245,0.47047862,-0.027077068,0.54647017,0.30844325,-0.012635331,0.5229085,0.3536914,0.01880243,0.51731086,0.42809343,0.04315407,0.6295108,0.47361165,-0.03202264,0.6318645,0.2292814,-0.037585165,0.63209844,0.1076611,-0.022469925,0.6393298,0.026129216,-0.006756941,0.67969733,0.50366616,-0.030373445,0.6799144,0.27826864,-0.03603879,0.68039185,0.16426012,-0.02471481,0.68046737,0.085478544,-0.011429499,0.7136785,0.5659974,-0.0246835,0.72119856,0.37494227,-0.019142415,0.71719617,0.2857355,0.0012538695,0.71365845,0.22509995,0.020158473,2
0.6110784,0.9160235,-1.3118455e-07,0.5199085,0.7743557,0.0008163982,0.47895962,0.60951537,-0.0033573147,0.48429742,0.45872793,-0.0027280708,0.51610523,0.36904535,0.005088387,0.5899226,0.4936174,-0.040409938,0.5652645,0.3241384,-0.029984267,0.5398971,0.3699914,-0.0037092855,0.5373545,0.43945953,0.01721298,0.65848047,0.4931593,-0.039831813,0.65321845,0.24866949,-0.046196133,0.6498304,0.12510559,-0.034058444,0.6563363,0.04191798,-0.02284332,0.705778,0.5194268,-0.033221275,0.7044618,0.28734195,-0.040427815,0.69914216,0.16950351,-0.03275251,0.69521946,0.093797505,-0.023395875,0.7326448,0.5704167,-0.023153292,0.7339262,0.37887314,-0.017500034,0.72338176,0.29100984,0.0012385782,0.7155103,0.23697963,0.017521288,2
0.6180672,0.92407155,-6.852236e-08,0.528462,0.77813816,0.003080721,0.48500013,0.62076,-0.0007168469,0.48481485,0.4713504,0.0016155987,0.51210314,0.37814897,0.012743553,0.60806113,0.5026152,-0.045227677,0.58132005,0.3383597,-0.02665895,0.5576355,0.3930145,0.008594025,0.55445176,0.46076718,0.035170924,0.6757989,0.50363415,-0.04112704,0.6689368,0.25840878,-0.044899944,0.669972,0.13162988,-0.028842887,0.67946607,0.044802755,-0.014933175,0.7216034,0.53521466,-0.028638372,0.7245837,0.31912518,-0.028451506,0.7252779,0.20431355,-0.015182337,0.7240704,0.1310209,-0.0030638692,0.7461946,0.58913976,-0.012329771,0.7495813,0.4139158,-6.2768915e-05,0.7434653,0.3232799,0.022348821,0.73776615,0.26308164,0.04088045,2
0.6305313,0.93773496,-6.309669e-08,0.54061913,0.79147065,0.003127684,0.4947863,0.63318163,0.00080676324,0.49654657,0.48890308,0.0039385613,0.52499515,0.4006035,0.016103383,0.6149553,0.50692683,-0.039197527,0.5980244,0.33714193,-0.020553598,0.5772491,0.3886546,0.014990146,0.57349735,0.4517472,0.04183077,0.6827618,0.511777,-0.035439305,0.6814165,0.26996297,-0.03893566,0.68582904,0.14826006,-0.022319745,0.69727045,0.06159541,-0.00746784,0.73039764,0.54428744,-0.02437544,0.7310175,0.32917014,-0.02392679,0.73398226,0.20951307,-0.0125619,0.7357561,0.12612185,-0.0016653155,0.75793386,0.59978807,-0.009839873,0.76445496,0.4258018,0.003017514,0.762609,0.33680382,0.02389227,0.76160944,0.2742102,0.041141007,2
0.64262086,0.9403713,-4.4415284e-08,0.5542441,0.79417366,0.006089206,0.50555134,0.63830787,0.004730746,0.50634444,0.49696422,0.007823705,0.53243893,0.4128518,0.018913507,0.6270287,0.51894265,-0.036177747,0.6106528,0.35526586,-0.01659219,0.59258765,0.40074837,0.018463353,0.5902602,0.45754114,0.044376686,0.6945947,0.5222826,-0.03442488,0.693177,0.28146553,-0.03772996,0.6980821,0.15991297,-0.021776723,0.7105474,0.07357174,-0.007600714,0.7420232,0.5543598,-0.025155585,0.74450505,0.33714235,-0.024841573,0.748076,0.21838683,-0.014286244,0.7511223,0.13455674,-0.0041032336,0.76990926,0.6108562,-0.012192918,0.77745533,0.43655223,0.00088443886,0.775922,0.34857577,0.02175817,0.77594113,0.28620616,0.038638826,2
0.652358,0.93781245,-3.8035925e-08,0.5668034,0.7942994,0.0039412044,0.52071524,0.64689565,0.00075800525,0.5169052,0.5034728,0.002385803,0.53598934,0.40914187,0.012531892,0.6431829,0.52537185,-0.037231226,0.62167394,0.36446506,-0.016460361,0.6034967,0.40476602,0.021038052,0.60036594,0.455391,0.048792124,0.71144855,0.5270686,-0.034316316,0.7088419,0.29263365,-0.036293227,0.7122589,0.17406741,-0.017734347,0.72144145,0.09058526,-0.0015804619,0.7582162,0.5580057,-0.024221616,0.75889087,0.34577507,-0.023047497,0.76171106,0.22950777,-0.009647911,0.7627267,0.14798355,0.0026751757,0.78395087,0.6137632,-0.010736584,0.79119277,0.44080958,0.0024848785,0.7897251,0.35178554,0.024047237,0.78799564,0.28813303,0.0416801,2
0.66046315,0.9431875,-6.293018e-08,0.57479376,0.8007791,0.003730375,0.5337553,0.6506985,0.0018157092,0.5368013,0.50598997,0.004943898,0.561019,0.41088545,0.01627971,0.65247345,0.5312569,-0.03473034,0.63382053,0.37223917,-0.014476762,0.61712855,0.41606,0.021318955,0.61769325,0.46976572,0.047816075,0.72024626,0.535429,-0.031084748,0.71935487,0.30178434,-0.034422364,0.72402626,0.18336031,-0.018337373,0.7362941,0.09768814,-0.0037930624,0.7654298,0.5675864,-0.020348424,0.7682009,0.3498329,-0.020958,0.77124184,0.2312643,-0.010778988,0.773681,0.14688641,-0.00035398675,0.789244,0.62323195,-0.0059630913,0.795924,0.4482358,0.006988607,0.7941816,0.3587006,0.026923593,0.7933479,0.29473636,0.04329019,2
0.66676253,0.94923097,-5.6206286e-08,0.5808048,0.80149376,0.0044602705,0.5446049,0.65350425,0.0040309466,0.55480283,0.50843424,0.008814394,0.5828202,0.41622415,0.022627234,0.66346437,0.5325294,-0.027386285,0.6447188,0.37673676,-0.0046285107,0.63027376,0.42352718,0.0322705,0.63230926,0.4822753,0.059436094,0.7312229,0.53740823,-0.022129033,0.7294717,0.3083231,-0.023881746,0.73452586,0.19093174,-0.007723138,0.74672115,0.10515517,0.0069623655,0.7749096,0.57155013,-0.009829381,0.77535254,0.3565567,-0.008223219,0.77967787,0.2385068,0.0044075027,0.78393227,0.1546306,0.01647846,0.7987734,0.6298158,0.0059147333,0.8057233,0.4590757,0.02077259,0.80528885,0.36992094,0.04210488,0.8056119,0.30379385,0.059610553,2
0.6726736,0.9475837,-6.604441e-08,0.5890053,0.8004771,0.0069225393,0.55285645,0.65181804,0.0043974104,0.5587113,0.50617707,0.0074595567,0.5850106,0.41278803,0.019012399,0.6722523,0.53883845,-0.04088387,0.65253615,0.3800707,-0.020179523,0.6378833,0.4258632,0.017583206,0.6417988,0.481408,0.045513086,0.73926944,0.54635847,-0.03747213,0.7389139,0.30698493,-0.042356946,0.7443012,0.1893875,-0.025675043,0.7571098,0.101647496,-0.010630822,0.78402334,0.58131087,-0.025265096,0.7909613,0.3620122,-0.025985328,0.7952651,0.24485645,-0.012531777,0.7990378,0.16244426,0.0001593875,0.80877554,0.6375214,-0.008795554,0.8140431,0.4607868,0.005643624,0.81106687,0.37545535,0.029017374,0.8086128,0.3151832,0.047889467,2
0.6740693,0.9516753,-6.2736426e-08,0.5942371,0.8023844,0.003626376,0.5586457,0.65583724,-0.00019660959,0.5643171,0.51110005,0.0017167531,0.591822,0.41769275,0.012838232,0.68164873,0.5429929,-0.037579678,0.65984064,0.38362274,-0.018319115,0.64264643,0.42969382,0.017605646,0.64532924,0.48732805,0.044531368,0.74604446,0.5477366,-0.03229105,0.74340284,0.31151408,-0.039199427,0.7485421,0.1935924,-0.024039267,0.76222163,0.106013656,-0.009394669,0.78903335,0.58288056,-0.01903595,0.7929611,0.36145705,-0.021160757,0.79891825,0.24151978,-0.008214966,0.80549794,0.15633613,0.0046755504,0.81276506,0.64117676,-0.00195468,0.8210714,0.46742848,0.01151878,0.82172036,0.3797639,0.033784047,0.82303786,0.3160437,0.05228296,2
0.67843854,0.9516874,-2.8605237e-08,0.5998131,0.80215764,0.0028924127,0.56061983,0.6602708,-0.0015271863,0.5676076,0.5145501,0.0014224047,0.59821725,0.42245704,0.014693155,0.68760836,0.54645777,-0.04316488,0.6668644,0.38306898,-0.020232925,0.65015316,0.42722297,0.020715898,0.65283597,0.48027128,0.050950162,0.7520808,0.55204874,-0.03405888,0.7503181,0.31139594,-0.041923974,0.7566017,0.19425967,-0.025203817,0.7708163,0.10948959,-0.008795016,0.7951846,0.5871174,-0.015734855,0.79728144,0.36659914,-0.016813992,0.8036304,0.24434444,-0.003083522,0.8099952,0.15955141,0.010807383,0.81750107,0.6445015,0.006867442,0.8259332,0.47280148,0.02313441,0.82703525,0.3852337,0.045917034,0.8273269,0.32061595,0.06473249,2
0.6792594,0.95350784,-5.423146e-08,0.60088146,0.80199033,0.0052118762,0.562457,0.6578118,0.0020384039,0.57026523,0.5095781,0.0062314617,0.6047639,0.42387477,0.020847494,0.6904868,0.5485512,-0.04147166,0.6720372,0.38435727,-0.016821967,0.6531615,0.42747214,0.025568936,0.6537684,0.48154062,0.05676968,0.7554972,0.55553067,-0.03266792,0.75392216,0.310779,-0.037684638,0.7612242,0.19373208,-0.01832556,0.7760235,0.111171335,-0.0001318917,0.7992195,0.5930322,-0.014477826,0.8015452,0.36795348,-0.014367507,0.80905426,0.24454555,0.0005142941,0.8158053,0.16105583,0.015314996,0.8217845,0.6525759,0.008287977,0.82967246,0.4783274,0.024428552,0.8300076,0.3886277,0.047353987,0.829863,0.32350808,0.06655509,2
0.6809563,0.9578352,-3.9127745e-08,0.60249835,0.80363595,0.0010469432,0.5652705,0.6563063,-0.0037079786,0.57532,0.5079086,-0.0011617901,0.6085956,0.41846398,0.01169673,0.69386077,0.5497041,-0.042553358,0.6727974,0.37961295,-0.021449078,0.6534432,0.4202615,0.017380599,0.65361536,0.47638178,0.046251327,0.75739205,0.5575758,-0.03342864,0.75536805,0.3150609,-0.04175061,0.7621899,0.19647634,-0.026143925,0.7764553,0.11339319,-0.010879096,0.7992041,0.5925269,-0.015781356,0.80060935,0.36899447,-0.01830389,0.8082721,0.24461177,-0.006406922,0.81559485,0.15950128,0.0061211726,0.82069576,0.6471199,0.0058516427,0.83073616,0.47163692,0.019750211,0.83504665,0.38061458,0.040220186,0.8392538,0.31417552,0.057319634,2
0.6807995,0.96013504,1.7194803e-09,0.59987897,0.806929,-0.0022822176,0.56378657,0.6586543,-0.008332752,0.57531327,0.50960594,-0.006758479,0.61004645,0.41923773,0.005214362,0.6914024,0.54810554,-0.043281574,0.6714959,0.37793696,-0.024881244,0.65304327,0.42123416,0.01069455,0.65447545,0.4834149,0.037451394,0.75553554,0.55661184,-0.034068357,0.7526642,0.31325352,-0.043674197,0.7605583,0.19336367,-0.03012125,0.7769312,0.10945517,-0.016386725,0.79686093,0.59228843,-0.017045185,0.7981012,0.3651227,-0.021568622,0.8059965,0.24169946,-0.010398168,0.8140913,0.15784892,0.0019408661,0.81789756,0.6469383,0.0035191989,0.8287944,0.46859127,0.015904427,0.8342293,0.3770128,0.03639916,0.84054935,0.31158572,0.053660717,2
0.6761971,0.9558909,4.3770974e-08,0.5948433,0.7993911,-0.0021452054,0.55844533,0.6529178,-0.008389424,0.571641,0.5064881,-0.0072743082,0.6056653,0.41379216,0.0040312293,0.6819762,0.5500252,-0.045990266,0.66544414,0.3802847,-0.028075948,0.6499716,0.42287683,0.008352853,0.65120655,0.48284253,0.035729297,0.7463251,0.555694,-0.037698448,0.74854183,0.31404677,-0.050423943,0.7568984,0.19188133,-0.038371935,0.77159125,0.106069446,-0.02519879,0.7879969,0.58897966,-0.021180436,0.7917786,0.36465335,-0.027595934,0.8006581,0.23989877,-0.01729506,0.8090721,0.1549649,-0.0053102556,0.8103824,0.64239526,-0.0010221209,0.8234441,0.46756333,0.010679244,0.8301693,0.37734908,0.03105853,0.83702934,0.31223992,0.04819627,2
0.66703475,0.9409066,1.189299e-08,0.58831334,0.7781162,0.0074297795,0.55698854,0.6400486,0.0065464564,0.5679538,0.5051177,0.010145714,0.5927336,0.41502905,0.022570508,0.67352337,0.5363751,-0.029011851,0.658227,0.37062454,-0.011232035,0.6451556,0.41367716,0.022694025,0.64846593,0.47489366,0.049175527,0.7371359,0.5442342,-0.02550822,0.739189,0.3039089,-0.03465875,0.74809754,0.18462726,-0.021071782,0.7639382,0.101457626,-0.0061574318,0.7795211,0.5790604,-0.01457131,0.7823663,0.35175887,-0.018144462,0.79160506,0.23077613,-0.006884168,0.802029,0.14637005,0.006239647,0.8031924,0.6359379,0.0003391718,0.81571794,0.4578666,0.014645218,0.8222219,0.36827528,0.036831915,0.8297281,0.30379534,0.055673625,2
0.6584126,0.9269768,4.5543914e-08,0.5765561,0.7721138,-0.00054617843,0.54045975,0.6322947,-0.004625858,0.5553237,0.4936432,-0.002988855,0.5876472,0.4071847,0.007749415,0.6600327,0.52955323,-0.036819085,0.6499828,0.36745983,-0.020289168,0.63837063,0.40716648,0.013817568,0.6401148,0.4629785,0.039594047,0.7253888,0.53451556,-0.03189976,0.73149705,0.2965632,-0.043136373,0.7403331,0.17625552,-0.030634295,0.7532717,0.09193659,-0.01670174,0.7696482,0.5672577,-0.020248484,0.77567494,0.34222165,-0.027045695,0.784989,0.22386324,-0.016879188,0.7927377,0.14064142,-0.004384004,0.7941407,0.62382305,-0.005402062,0.808897,0.450385,0.004374347,0.8144215,0.36049807,0.023985274,0.8196815,0.296198,0.041219484,2
0.64744097,0.91926587,5.0516753e-08,0.5654044,0.7722752,-0.00081171864,0.52645063,0.6318433,-0.0056601493,0.5384597,0.4924652,-0.005338077,0.56589615,0.39893258,0.0036906346,0.64313716,0.519978,-0.035275903,0.63767076,0.36342007,-0.02110313,0.6293514,0.3997826,0.010040415,0.6314872,0.4512195,0.034005158,0.7072386,0.5216739,-0.031854633,0.7187392,0.28834248,-0.041917603,0.728232,0.1685392,-0.029961305,0.7406976,0.08526668,-0.016781647,0.75267947,0.55283666,-0.022420665,0.7626714,0.33091378,-0.027358636,0.7718452,0.21763244,-0.017661953,0.7798048,0.13672364,-0.0063424814,0.7801758,0.6091676,-0.010181931,0.7964982,0.43609667,-0.00069204194,0.8010227,0.34791076,0.017936349,0.80476487,0.28295764,0.034430053,2
0.63378894,0.91257405,9.326306e-08,0.55057174,0.77589536,-0.009388128,0.50422144,0.6313139,-0.019143913,0.5147017,0.49377605,-0.022523295,0.5479455,0.4057793,-0.017197207,0.626684,0.51992244,-0.047096554,0.622224,0.36698723,-0.038741972,0.6087204,0.40098938,-0.011730952,0.6068383,0.4570719,0.010108686,0.69006217,0.5182281,-0.04240041,0.70636046,0.28240675,-0.05372382,0.7151606,0.1600725,-0.04389829,0.7272348,0.07707217,-0.03280114,0.7357782,0.54571515,-0.032424707,0.7476511,0.3283983,-0.03828317,0.7575622,0.21516299,-0.030299354,0.7660572,0.13426873,-0.021073867,0.7647229,0.59913564,-0.020526523,0.78033483,0.42889136,-0.0148859,0.7849816,0.34216473,0.0017143018,0.7877777,0.27616996,0.016912244,2
0.6177299,0.9083904,2.5800412e-08,0.5358602,0.76239645,-0.0006479441,0.49692354,0.6154603,-0.005348716,0.5072123,0.48029077,-0.0053425003,0.5336449,0.39299574,0.0020282525,0.6089613,0.5113609,-0.043398492,0.60590774,0.3528847,-0.03484917,0.5911772,0.38643992,-0.0070751645,0.5888582,0.4417706,0.015392688,0.671696,0.5115037,-0.043132033,0.68800044,0.2741778,-0.054921933,0.6961132,0.15190646,-0.044901047,0.70837045,0.06675756,-0.033340402,0.7183961,0.5380554,-0.03678587,0.73100597,0.31804729,-0.044062868,0.7402239,0.20149171,-0.0372764,0.7482066,0.11647749,-0.028507158,0.74829763,0.5906322,-0.027611572,0.7633184,0.4160216,-0.022967847,0.7679095,0.32918823,-0.0067141624,0.7713994,0.26298937,0.008372753,2
0.5998602,0.9070467,4.2164823e-09,0.5192902,0.75668514,0.0022515235,0.48254395,0.5958087,0.0005666877,0.49635673,0.44604123,0.00387845,0.5335558,0.36707032,0.015299017,0.59058493,0.49755892,-0.0395785,0.5893026,0.3347627,-0.029066583,0.57635087,0.3772463,0.0017868149,0.5744011,0.4419232,0.026373211,0.6567358,0.49872404,-0.038600545,0.66946906,0.260875,-0.052020717,0.6770766,0.1370075,-0.040343817,0.6880801,0.04779944,-0.026481312,0.70553267,0.52537405,-0.031071482,0.7120249,0.30615133,-0.040159445,0.7194614,0.18836656,-0.030671537,0.7256346,0.10096121,-0.018469479,0.73474133,0.5792781,-0.020194838,0.7473478,0.40392476,-0.013705296,0.749725,0.31597215,0.0054477747,0.752246,0.25058156,0.022953209,2
0.57806987,0.9010142,-3.4432116e-08,0.50625986,0.74431616,0.0014359133,0.47094965,0.5834564,-0.0045056464,0.48329595,0.43958563,-0.0070472737,0.5186559,0.3537643,-0.0034521336,0.5637657,0.49282813,-0.04284844,0.55906135,0.33013785,-0.043866526,0.54254764,0.3673252,-0.024852695,0.5377799,0.43466163,-0.0074462197,0.6296614,0.49988133,-0.04721966,0.6475213,0.26099133,-0.06128397,0.65544707,0.12832186,-0.05590832,0.66600376,0.03867668,-0.04873746,0.6803206,0.5287321,-0.04631904,0.69260424,0.2998145,-0.057897545,0.69932544,0.17856431,-0.054529782,0.7023141,0.09483802,-0.04822592,0.7140526,0.5831952,-0.042466667,0.7301821,0.40539953,-0.04314411,0.7326983,0.31203768,-0.030056449,0.73313457,0.2430192,-0.017096307,2
0.56929916,0.8944523,-7.0252874e-08,0.48816234,0.7583858,0.0037230414,0.4504706,0.59964156,0.0017460509,0.46784425,0.46794188,0.0026555175,0.5049564,0.3901493,0.009448398,0.54366577,0.47576028,-0.03129771,0.5295587,0.31615794,-0.03046851,0.50775915,0.35949326,-0.014623967,0.50154674,0.43463588,-0.00015159142,0.60845053,0.47405374,-0.036095005,0.6209472,0.24460408,-0.046811607,0.630228,0.121634305,-0.040998157,0.64344317,0.04093674,-0.034215316,0.6582178,0.49898964,-0.036631223,0.66924405,0.28449184,-0.04498316,0.67487365,0.1691809,-0.04090552,0.6780211,0.093119174,-0.03506498,0.6930649,0.55346286,-0.034676448,0.7076686,0.3844417,-0.033918,0.71031594,0.29431388,-0.02065975,0.7105574,0.23147807,-0.008122404,2
0.5459496,0.87454545,-1.672939e-08,0.46406513,0.7366459,0.0014620839,0.42537892,0.5821003,-0.0027371142,0.45155466,0.46536398,-0.0060951505,0.49771938,0.4129064,-0.005291552,0.5159736,0.46215278,-0.024881693,0.51472867,0.30177325,-0.033375114,0.50239855,0.34202546,-0.030023005,0.5037645,0.41114697,-0.023599265,0.5815784,0.45578954,-0.03194523,0.59691143,0.2251347,-0.042846676,0.6032234,0.10710892,-0.040516265,0.6141047,0.035937786,-0.03572518,0.6337004,0.47782558,-0.036894143,0.6429082,0.26300275,-0.044323698,0.64993644,0.156773,-0.04049167,0.65569687,0.08757797,-0.034266233,0.6708445,0.5318308,-0.040445033,0.6825218,0.35979044,-0.03790788,0.6842788,0.27316433,-0.023006167,0.68639565,0.21586412,-0.008787193,2
0.52070594,0.8770387,-2.7993042e-07,0.4456306,0.7428708,0.012988301,0.40988415,0.5902802,0.015083846,0.43343502,0.46517977,0.015733622,0.47662643,0.410295,0.020514186,0.49313965,0.45189157,-0.0035357075,0.49013403,0.2908641,-0.0053568566,0.4912445,0.32513833,-0.0004294602,0.4997934,0.38065082,0.00517644,0.55507785,0.44245052,-0.014283138,0.55807793,0.22913906,-0.0142406775,0.5616237,0.13789892,-0.010125932,0.5667474,0.09075308,-0.007301531,0.60629225,0.46321943,-0.022957634,0.6126998,0.25853455,-0.022836795,0.62239355,0.1582796,-0.019685548,0.62853026,0.097525775,-0.017369345,0.64908737,0.5188384,-0.029628534,0.66074395,0.350311,-0.025375215,0.66366744,0.26392365,-0.01431358,0.6650498,0.20493883,-0.0045575695,2
0.499885,0.85290307,-5.0733117e-08,0.42306557,0.71803176,0.012351007,0.38563806,0.5728697,0.014838712,0.4131884,0.44728553,0.01665693,0.46060547,0.39528576,0.023315467,0.46472564,0.43848735,-0.0063927146,0.4750023,0.2792152,-0.005021181,0.48190203,0.31058457,0.006452161,0.48951453,0.36389637,0.016917147,0.5268061,0.4329529,-0.016503537,0.5403665,0.20753878,-0.02116972,0.5501414,0.09740317,-0.01662066,0.5574439,0.028581649,-0.010682415,0.5787418,0.45745417,-0.023854189,0.586151,0.24383967,-0.028246285,0.5953918,0.13387883,-0.025522696,0.59894216,0.06318185,-0.020577624,0.6244979,0.52001894,-0.028809024,0.6368548,0.34932727,-0.024890553,0.638752,0.26063657,-0.012449997,0.64014524,0.19814137,-0.00046946,2
0.47661716,0.8438262,2.052329e-07,0.40436873,0.70239615,0.02111631,0.37001094,0.57089293,0.025312321,0.39297685,0.45190957,0.027015347,0.42954597,0.3945282,0.030356638,0.437622,0.44010544,-0.0007865288,0.4755263,0.27580765,0.004366925,0.50409853,0.23973133,0.017657738,0.52998406,0.23292221,0.029079316,0.4984548,0.4348245,-0.012144772,0.52336824,0.21111208,-0.013904837,0.54096127,0.10121408,-0.006857467,0.55795556,0.036179334,0.002495516,0.5522435,0.45861784,-0.019500343,0.56512845,0.24487363,-0.018147923,0.57601357,0.13770369,-0.012910447,0.58346045,0.06541252,-0.005989082,0.59688085,0.5149499,-0.023698758,0.6116022,0.34392846,-0.0140113365,0.6134847,0.256746,9.7641314e-05,0.61460596,0.19151103,0.0136177875,2
0.46202803,0.8401258,3.2335967e-07,0.38433948,0.6963675,0.013285099,0.35762748,0.5519003,0.0152981635,0.38830248,0.4308039,0.016481306,0.42780995,0.37310296,0.017750133,0.43170655,0.41947106,-0.007563169,0.46306157,0.21151534,-0.009077457,0.4828842,0.109342396,-0.0053932113,0.4992736,0.039996,-0.00054315926,0.4931079,0.43232954,-0.014401064,0.51427656,0.20957595,-0.016225418,0.5252607,0.09860709,-0.0132878,0.5367092,0.025629997,-0.008331055,0.5462297,0.46411693,-0.017732777,0.56008834,0.2677638,-0.0155155035,0.56395364,0.16772914,-0.009618949,0.5651407,0.10300639,-0.0034286939,0.5867878,0.5169853,-0.019114237,0.59568363,0.35391754,-0.011138392,0.5917822,0.27000344,0.0014880822,0.58590645,0.20749035,0.013754726,2
0.44325936,0.8428974,2.5599041e-07,0.37300444,0.69417024,0.017820356,0.35723472,0.54134977,0.023541365,0.3896008,0.41801557,0.026924009,0.42551887,0.35700905,0.030867692,0.41488534,0.42502463,0.0018808997,0.44580606,0.21689063,0.0014745529,0.46350586,0.11557534,0.004725046,0.47754744,0.04314664,0.009177244,0.47325066,0.4396199,-0.0080060875,0.49739388,0.21801724,-0.0066476823,0.50765204,0.10450497,-0.0036285683,0.5182663,0.02763161,0.0002741493,0.5274689,0.47186315,-0.014784313,0.5453303,0.27686816,-0.012210888,0.5451269,0.1850915,-0.006686196,0.5445671,0.13179767,-0.0012060174,0.57254916,0.52105725,-0.019556498,0.5818855,0.36319792,-0.011965607,0.5699932,0.29126742,0.00038670152,0.55988014,0.24475807,0.0119677065,2
0.42027652,0.8433533,3.384042e-07,0.34738383,0.69082665,0.028591407,0.32997632,0.5413502,0.038987275,0.3655541,0.42400435,0.04529558,0.40843293,0.37808052,0.051622987,0.37208247,0.41590652,0.014941816,0.4108014,0.2152698,0.019653412,0.43324998,0.113099396,0.026561545,0.4500859,0.042370856,0.032944266,0.4331634,0.4281164,0.0010675528,0.46394098,0.21385372,0.004679107,0.48009765,0.1055572,0.0095937345,0.49454066,0.030625075,0.014832597,0.4893155,0.462342,-0.008985834,0.5162509,0.2793507,-0.003982233,0.52571315,0.20037982,0.003901586,0.5307509,0.1545138,0.010999483,0.5343855,0.51771843,-0.016076481,0.5525037,0.36471972,-0.003169542,0.5530686,0.3006518,0.01318605,0.55203605,0.2611397,0.026963243,2
0.39320335,0.8486203,3.7898874e-07,0.3306717,0.6784486,0.037156705,0.32048038,0.5387033,0.046731073,0.36143744,0.43216768,0.049315944,0.4088844,0.39536014,0.05085891,0.3374195,0.43490103,0.018901683,0.39288235,0.26575288,0.021230772,0.4274479,0.20791069,0.026224319,0.45715714,0.17431313,0.031100566,0.3957758,0.4356468,-0.0017306848,0.43062523,0.21545595,-0.002010573,0.4497537,0.10034609,0.0010055254,0.4661973,0.017202437,0.0055120317,0.45191914,0.46079746,-0.017808141,0.47457725,0.25237033,-0.015490783,0.48573795,0.1550323,-0.008618542,0.49239442,0.08647621,-0.0015805935,0.5003154,0.5098547,-0.030094706,0.5150409,0.33555937,-0.020081071,0.51964784,0.25441447,-0.004429435,0.52533543,0.18791601,0.009583428,2
0.3744125,0.8535472,3.789525e-07,0.316541,0.6829869,0.04050789,0.303781,0.5426593,0.05078095,0.34594932,0.43220326,0.05313573,0.3933155,0.39149427,0.05316325,0.31761527,0.44102913,0.015819803,0.37841207,0.27043247,0.015267316,0.41757864,0.22067928,0.018141992,0.4509038,0.19360977,0.021280354,0.37527594,0.43991765,-0.008534255,0.4070608,0.2115714,-0.011329667,0.4260961,0.09027487,-0.010512381,0.44254246,0.0052161217,-0.0075540855,0.43152273,0.46543255,-0.027801506,0.44772255,0.24085316,-0.030135952,0.45808184,0.13050348,-0.026449073,0.46350262,0.051862746,-0.021240935,0.48206493,0.51491815,-0.0425561,0.49152422,0.32969952,-0.039622538,0.4944862,0.24152638,-0.027441844,0.4996382,0.16486594,-0.015256114,2
0.35015267,0.8599806,3.134794e-07,0.29985768,0.6817031,0.048197836,0.29012927,0.5397816,0.061440352,0.3346778,0.4295767,0.065927364,0.38125277,0.39359152,0.068032175,0.28922775,0.44299972,0.011992155,0.36013603,0.27753347,0.012377939,0.4071445,0.24216616,0.02118471,0.44378462,0.23715073,0.02837378,0.3508877,0.44507432,-0.016396435,0.38311416,0.20540091,-0.021409372,0.4051927,0.08913717,-0.017422806,0.42300206,0.009930849,-0.011889363,0.4088786,0.47396272,-0.038137153,0.42473856,0.23231444,-0.04261706,0.43647432,0.121587634,-0.035865914,0.4407284,0.04330027,-0.02848586,0.46050328,0.52930045,-0.054350708,0.47006252,0.33397663,-0.05375881,0.4743519,0.24417673,-0.040166117,0.48028108,0.1638563,-0.026803393,2
0.33816117,0.8706712,3.0928544e-07,0.2847707,0.6880389,0.04912122,0.276165,0.5437589,0.06296779,0.3151506,0.43351868,0.06754349,0.35976532,0.39253706,0.06940014,0.27516007,0.44313002,0.01953831,0.33494836,0.26537687,0.019552749,0.373714,0.20945385,0.024376078,0.40482628,0.17864245,0.028816557,0.33531857,0.45002094,-0.009333002,0.3663607,0.21318662,-0.01514205,0.38670695,0.09196967,-0.01434009,0.4020111,0.0068288445,-0.010271288,0.39413455,0.48194513,-0.032060996,0.408559,0.24932036,-0.037760172,0.41737568,0.13263667,-0.033344395,0.41976053,0.047468185,-0.026471041,0.44847712,0.5385958,-0.049130846,0.4541061,0.3466031,-0.04771584,0.45569828,0.25172442,-0.03436494,0.45959127,0.16938153,-0.020826899,2
0.31795073,0.88751614,1.8972571e-07,0.26885965,0.7063004,0.060224563,0.2577307,0.5664949,0.08070146,0.29621184,0.45027214,0.09161803,0.34078765,0.41002554,0.100485116,0.25114885,0.46288458,0.020665912,0.31484595,0.30062622,0.029308654,0.36190173,0.2671132,0.046139713,0.39857882,0.26372564,0.058018133,0.31351435,0.46525997,-0.011248734,0.34171137,0.22315326,-0.014847007,0.3627438,0.09994611,-0.008494681,0.37790877,0.013986468,-0.001199881,0.372215,0.4958053,-0.034801032,0.38561854,0.25144008,-0.039999705,0.39483738,0.13386062,-0.033430323,0.396446,0.05222705,-0.02551356,0.42652074,0.55556375,-0.051130872,0.43467236,0.35290787,-0.05140982,0.4365003,0.25491518,-0.03839907,0.44017616,0.17010137,-0.025179178,2
0.30670023,0.8948558,1.7549766e-07,0.25350577,0.7196605,0.055750553,0.23783416,0.57531357,0.07329994,0.27093762,0.45326075,0.0812146,0.3151476,0.4082403,0.08730653,0.23087002,0.46983853,0.017975572,0.29114822,0.30301708,0.024250505,0.3383448,0.27200383,0.039107025,0.37437475,0.27144974,0.04943024,0.29090965,0.46888468,-0.014467944,0.32242933,0.23031285,-0.017675126,0.34352556,0.10931516,-0.013786763,0.3581319,0.025078654,-0.009496551,0.35025975,0.49576744,-0.039420936,0.36681587,0.2559031,-0.045043748,0.37651074,0.13787878,-0.042178687,0.37889975,0.0547162,-0.038130682,0.40914777,0.55389285,-0.05775408,0.4187181,0.35317189,-0.058909997,0.41935414,0.25673085,-0.048115768,0.4219181,0.17312297,-0.03742392,2
0.29169637,0.9063966,1.5855534e-07,0.23947068,0.7296,0.058461964,0.22406715,0.5878839,0.077947,0.25672984,0.460964,0.089266516,0.29922575,0.41207495,0.09974335,0.20632648,0.4858913,0.011839971,0.27090886,0.31932563,0.02236855,0.32111204,0.28515047,0.0445478,0.35906562,0.28858972,0.059404027,0.27218008,0.48463327,-0.019875914,0.30089343,0.23685667,-0.02300784,0.32158622,0.115439385,-0.015275306,0.33518985,0.029138982,-0.008425243,0.3345742,0.51015383,-0.042502735,0.34800124,0.25829047,-0.047779474,0.35666728,0.14134654,-0.041501693,0.35778138,0.06196034,-0.035417523,0.39556006,0.5670949,-0.057911787,0.4025858,0.36208203,-0.059453975,0.40084645,0.26661193,-0.047716074,0.40032175,0.1833618,-0.03628137,2
0.27630797,0.9337709,2.0936878e-07,0.2224814,0.7526465,0.050620086,0.21006,0.6027323,0.06808368,0.24602427,0.47485974,0.078320004,0.28670236,0.41655886,0.088863336,0.19030704,0.51053923,0.012943879,0.25450718,0.33514592,0.019670216,0.30242848,0.29159397,0.03781019,0.3422806,0.29060614,0.05053396,0.2554428,0.50874496,-0.014956112,0.28136006,0.25714368,-0.021773038,0.2984473,0.12990612,-0.018592698,0.31310192,0.04181853,-0.014081081,0.31992456,0.53171647,-0.035116676,0.33189994,0.2730067,-0.043007884,0.3366165,0.15315866,-0.040818837,0.33554986,0.069404215,-0.036855772,0.3842531,0.5818189,-0.04886273,0.39236158,0.37723634,-0.053071223,0.3864448,0.28088465,-0.044788357,0.38133815,0.1941855,-0.0351513,2
0.26716903,0.94400495,2.496028e-07,0.20760414,0.7653891,0.043833107,0.19104433,0.6091814,0.0575125,0.22307992,0.48091102,0.06285104,0.26335174,0.42070463,0.06850039,0.17900059,0.51462805,0.018542964,0.23704204,0.33256656,0.022250334,0.2825981,0.29253465,0.03397518,0.31734967,0.28851452,0.04278553,0.23874366,0.51179737,-0.008981931,0.26830697,0.2703663,-0.012539598,0.28372726,0.1412659,-0.013182742,0.29414338,0.052563965,-0.012210573,0.30254048,0.53357613,-0.031054908,0.31736562,0.291831,-0.03609131,0.32105273,0.16927597,-0.0385854,0.3173151,0.07959527,-0.038677856,0.36982572,0.58236325,-0.047916718,0.3787494,0.38431597,-0.049938276,0.37207022,0.28945634,-0.04308342,0.3647426,0.20519766,-0.035109606,2
0.26667547,0.9590287,3.1293771e-07,0.20916755,0.80390227,0.03698178,0.18691465,0.6489207,0.04603054,0.21130237,0.5101224,0.04967884,0.23953174,0.43410516,0.054536153,0.17331794,0.55202484,-0.0013048575,0.22517453,0.35467637,0.0003035128,0.26360425,0.3050354,0.013276392,0.2905101,0.2891072,0.024010835,0.22403663,0.54581463,-0.024261832,0.25171682,0.2912401,-0.032422043,0.26358634,0.15340495,-0.032979507,0.27171612,0.057269663,-0.0308216,0.2818333,0.56084925,-0.04085551,0.30010605,0.31284082,-0.048122898,0.3025118,0.18220374,-0.05257221,0.29892755,0.087331206,-0.053566348,0.34408116,0.60186183,-0.052160513,0.36088246,0.4041131,-0.05429346,0.35515577,0.30493397,-0.049060006,0.34848228,0.21993777,-0.042165816,2
0.25496542,0.966554,4.600852e-07,0.26169956,0.82374704,0.031836487,0.25190216,0.66946065,0.03902826,0.25852916,0.52162874,0.042952262,0.2581259,0.44058973,0.04841052,0.20817353,0.5784964,-0.014097193,0.2521815,0.36867985,-0.016046485,0.28016782,0.30990267,-0.007249808,0.29748106,0.28398192,0.0010280926,0.21181354,0.5762084,-0.03284097,0.2415635,0.30637068,-0.043329444,0.2501852,0.1613839,-0.043997493,0.25552073,0.061312914,-0.041957296,0.22751072,0.58589673,-0.044902638,0.2600349,0.32927793,-0.05070099,0.2678822,0.1924932,-0.055867188,0.26738885,0.096345514,-0.05857122,0.25573662,0.6142045,-0.05216576,0.29331174,0.4213106,-0.05170398,0.30026788,0.3214785,-0.047598064,0.30432093,0.23965883,-0.043009177,2
0.2532749,0.9745972,3.9922406e-07,0.24042243,0.8233709,0.04832943,0.22042064,0.67271495,0.061189845,0.22794572,0.52698255,0.06971539,0.23292549,0.45246124,0.07991756,0.1795263,0.592238,-0.016334267,0.2246939,0.38095567,-0.008366458,0.2576956,0.3437443,0.015287924,0.27897805,0.3445639,0.0337198,0.19721502,0.5949938,-0.039986253,0.22333838,0.3127952,-0.048873503,0.23230925,0.16829523,-0.043778956,0.23711231,0.067107975,-0.03726456,0.22344527,0.6093461,-0.05318586,0.25081164,0.33917022,-0.05734406,0.2574616,0.19810694,-0.0599915,0.2552875,0.10141039,-0.060958147,0.25967664,0.6427361,-0.059066758,0.29292375,0.4388585,-0.05469467,0.298303,0.3349218,-0.047538966,0.302664,0.24938607,-0.041411698,2
0.24893597,0.9766942,3.4596604e-07,0.17935154,0.8343067,0.047440268,0.14614877,0.69650126,0.06025468,0.16206191,0.5495313,0.06974314,0.19151685,0.47954452,0.08037897,0.12499287,0.59735966,-0.016756302,0.17780659,0.39339364,-0.00869131,0.22055613,0.3609792,0.014771494,0.2501714,0.36217952,0.031758044,0.1887716,0.5914548,-0.041576285,0.2061027,0.31293908,-0.049906902,0.21588354,0.1736894,-0.04544696,0.21912035,0.0701707,-0.040566076,0.25113955,0.60757923,-0.055860434,0.2579991,0.3367714,-0.064270236,0.2577513,0.20016673,-0.06444696,0.25249338,0.10725334,-0.06289602,0.3166815,0.64898753,-0.062567905,0.32171583,0.43773538,-0.063733585,0.3141423,0.33579722,-0.054696366,0.30774492,0.2475375,-0.04609416,2
0.2474046,0.9869865,3.1888774e-07,0.17437255,0.83906263,0.04778067,0.1405912,0.7016467,0.059279155,0.15996817,0.55369973,0.06716553,0.19387832,0.4857322,0.07622158,0.11112256,0.60267764,-0.020506598,0.1738183,0.3976661,-0.013886877,0.22044548,0.37881273,0.0112525085,0.25070247,0.39533874,0.029966747,0.18306442,0.59774125,-0.047500413,0.20401858,0.31361184,-0.056831945,0.2129869,0.17379051,-0.051794562,0.21522628,0.07063103,-0.04654646,0.25253662,0.61420554,-0.063747235,0.25732958,0.3356151,-0.07291299,0.2571141,0.20193318,-0.071394,0.2502634,0.11250907,-0.068593934,0.32105726,0.6572408,-0.07241871,0.3229016,0.43922788,-0.07537994,0.31450617,0.3395287,-0.065111265,0.3057707,0.25111592,-0.05514888,2
0.24960607,0.98018134,2.921907e-07,0.17354074,0.83648974,0.039378416,0.1380018,0.6945291,0.044201095,0.15832984,0.5480873,0.045836832,0.19325636,0.47755617,0.04904274,0.11116325,0.60447806,-0.029516922,0.17243506,0.39538983,-0.030492852,0.21512958,0.39365283,-0.0116557265,0.24108464,0.42581028,0.00401766,0.18264541,0.60178864,-0.054993678,0.20340218,0.31357288,-0.06488449,0.21023972,0.17551276,-0.061251912,0.21272622,0.07549012,-0.057926763,0.25244403,0.6167817,-0.0714078,0.25820255,0.3391624,-0.08034752,0.25596476,0.20416415,-0.08131224,0.24820405,0.11129838,-0.08154756,0.32206225,0.6561802,-0.08128272,0.32528877,0.44107044,-0.084360376,0.31623873,0.3432274,-0.075811945,0.30586666,0.2561882,-0.068322,2
0.25656706,0.97993994,2.1210893e-07,0.17900051,0.8394891,0.045797825,0.14052662,0.7012681,0.05418565,0.15770994,0.5548619,0.05931672,0.19085598,0.4827142,0.066176936,0.11361048,0.6035575,-0.02922952,0.16976017,0.3978296,-0.026384432,0.21110258,0.39905074,-0.002654847,0.23463432,0.4358645,0.015903573,0.18662,0.59871566,-0.056622826,0.20353347,0.31279692,-0.06662101,0.20988476,0.17444581,-0.06173616,0.21069957,0.07411009,-0.057558782,0.2570052,0.61314285,-0.073653705,0.2606101,0.33516833,-0.08366011,0.25790665,0.20042235,-0.0848588,0.24904388,0.109026045,-0.08498221,0.32743126,0.6531824,-0.083028674,0.328353,0.4354416,-0.08755873,0.31777334,0.3371228,-0.079753265,0.30531204,0.2505926,-0.07259503,2
0.25546464,0.97553927,1.4044329e-07,0.1816694,0.8267033,0.0552949,0.14946172,0.6968076,0.06740071,0.17004827,0.5526972,0.076188244,0.2019655,0.4819236,0.08696619,0.12140944,0.598648,-0.026768768,0.18028352,0.4001245,-0.019533282,0.21890377,0.4134065,0.007426454,0.24138716,0.4568884,0.027452083,0.19470273,0.60007536,-0.05494169,0.21105091,0.30525336,-0.06323504,0.21500868,0.17332676,-0.056483056,0.21646969,0.076615125,-0.051546734,0.26365343,0.61743104,-0.070628,0.26720807,0.32379684,-0.07718173,0.26304272,0.19339696,-0.07432516,0.25590447,0.10836685,-0.072456375,0.33115995,0.65330225,-0.07753903,0.33366913,0.43246123,-0.07756836,0.32202297,0.33739418,-0.065948024,0.31002212,0.25164685,-0.056683328,2
0.2629161,0.9773725,9.768158e-08,0.19657393,0.82472885,0.05441925,0.1677271,0.6858987,0.06732853,0.19027263,0.5411657,0.07665393,0.22025065,0.46740946,0.08774853,0.13761303,0.5892246,-0.026316725,0.19655336,0.3897097,-0.02108552,0.23606837,0.39320236,0.004486409,0.26073623,0.43310773,0.023812888,0.20626245,0.5930441,-0.05467254,0.2228687,0.30217135,-0.06287731,0.22743915,0.16618884,-0.05713412,0.22826524,0.06741941,-0.053238742,0.27294844,0.6108722,-0.07125189,0.27635723,0.31770617,-0.07876325,0.27200457,0.18620768,-0.079007365,0.26344422,0.0985786,-0.07985544,0.33969486,0.64877534,-0.079221465,0.3454075,0.430986,-0.082912736,0.33453923,0.33436367,-0.076096386,0.3223382,0.24716282,-0.070239976,2
0.26656342,0.9753049,1.5068174e-07,0.20357543,0.8144521,0.050331574,0.17852542,0.67183286,0.063678525,0.20439267,0.5299313,0.07246234,0.23694548,0.45862713,0.08317135,0.14894643,0.57446593,-0.01261836,0.20691684,0.37775183,-0.0105151,0.24855977,0.35835147,0.008879257,0.27861965,0.38111243,0.02407719,0.21673569,0.57753825,-0.040983923,0.23434459,0.29377475,-0.049437,0.24180965,0.15668032,-0.04626159,0.24533422,0.05728638,-0.043504093,0.28419375,0.59556335,-0.059805237,0.2889487,0.3079048,-0.06762276,0.28500646,0.17811418,-0.06757048,0.2767128,0.09001365,-0.06732684,0.35482496,0.6368124,-0.071414165,0.36022016,0.415457,-0.07557552,0.34881043,0.31771725,-0.068250276,0.33494228,0.23229629,-0.061014626,2
0.27714446,0.9692459,1.7696225e-07,0.21535003,0.7999983,0.048959125,0.19275445,0.65414155,0.061719667,0.22194237,0.51499224,0.06902653,0.25826365,0.44706813,0.07759877,0.16628307,0.55635726,-0.008193303,0.22404344,0.35850596,-0.005184003,0.2686411,0.32760936,0.013183419,0.30202493,0.33776683,0.0269536,0.23619477,0.558529,-0.036269773,0.25466806,0.28193334,-0.04286925,0.26393238,0.14541242,-0.03978044,0.26737297,0.04571134,-0.03730649,0.30516526,0.57699645,-0.055216916,0.30916396,0.29712644,-0.06114897,0.305522,0.16994792,-0.05988638,0.29679167,0.083352506,-0.05891314,0.37572503,0.6203544,-0.06742716,0.37738082,0.40218872,-0.07075519,0.36609614,0.30175996,-0.06299066,0.35326952,0.21282172,-0.055164177,2
0.28482464,0.953627,1.7593142e-07,0.2273605,0.77881783,0.048549745,0.20998426,0.6312326,0.061705228,0.24278162,0.4973802,0.06903053,0.28160262,0.43605086,0.07636547,0.18569669,0.5327928,-0.0053562215,0.2436935,0.33929813,-0.0020562543,0.2867109,0.3056622,0.014099216,0.32269347,0.31058782,0.025365336,0.25579825,0.53704256,-0.033605903,0.27546898,0.2622582,-0.03870455,0.2857313,0.12692803,-0.037095312,0.29177338,0.026409864,-0.036554426,0.3235801,0.56077325,-0.052924648,0.32996443,0.28260657,-0.05887116,0.3265722,0.1592384,-0.059443064,0.31871003,0.076723635,-0.060118888,0.3923899,0.60941124,-0.065491825,0.39463532,0.39306155,-0.070551075,0.38526613,0.29235902,-0.06470992,0.3755301,0.20231423,-0.058316108,2
0.3026849,0.93981427,8.234928e-08,0.24650386,0.75942725,0.06327687,0.22839373,0.6222416,0.08575795,0.26459545,0.4929137,0.10131588,0.30373982,0.43715087,0.117342055,0.20439078,0.51839375,0.009746225,0.2615591,0.33298063,0.01956405,0.30783212,0.30133948,0.040034827,0.34742913,0.3092264,0.05248292,0.27333513,0.5202095,-0.021161396,0.29013583,0.24099281,-0.025748244,0.30597815,0.115107685,-0.019878805,0.3145714,0.01727748,-0.015863724,0.33687443,0.5436646,-0.041662943,0.34257674,0.25978953,-0.045351595,0.34503233,0.14525995,-0.037948243,0.3419751,0.073192716,-0.032860935,0.40168667,0.5948696,-0.054220535,0.4037853,0.37746143,-0.05537649,0.39956656,0.28040984,-0.044350833,0.39694333,0.1950256,-0.034424502,2
0.3250441,0.9236772,1.6405066e-07,0.2664303,0.74174714,0.052386925,0.24908204,0.5935366,0.06751459,0.28500488,0.46417162,0.07404521,0.3269146,0.4132298,0.079312496,0.23623821,0.49439424,0.011195588,0.29003435,0.29010403,0.014128845,0.3314438,0.25187755,0.026625328,0.3655253,0.24919868,0.035535358,0.30344415,0.4954359,-0.018693851,0.32092685,0.22652891,-0.023350822,0.33380616,0.10217512,-0.019214045,0.34113267,0.01675582,-0.014553741,0.36804414,0.521533,-0.041038074,0.37089968,0.25726262,-0.045570172,0.37108877,0.1389221,-0.040281076,0.36611345,0.058731735,-0.034659903,0.43177864,0.576545,-0.05697955,0.42847073,0.36635745,-0.055353712,0.42218408,0.2657981,-0.042177226,0.41816384,0.17800817,-0.02993877,2
0.34513247,0.89349115,2.1405903e-07,0.28421754,0.71127266,0.0548293,0.26853505,0.57142925,0.070555486,0.30613995,0.4472824,0.077585645,0.34964445,0.39733154,0.08270459,0.25971448,0.47619587,0.0117296325,0.31464463,0.27306485,0.018736146,0.35498706,0.2260544,0.036060616,0.39094934,0.21275547,0.048237156,0.32636312,0.47863623,-0.017200433,0.3436821,0.2104142,-0.019831583,0.3585947,0.09246704,-0.010337572,0.37130767,0.013818026,-0.0009935306,0.39032915,0.50573295,-0.03793136,0.39228123,0.24086288,-0.039776154,0.3939006,0.1316255,-0.028756704,0.39199686,0.05910018,-0.018748296,0.4514323,0.5603184,-0.052066877,0.44725147,0.35038695,-0.04801494,0.44252503,0.25390434,-0.031533398,0.44164917,0.16950968,-0.016346268,2
0.35759035,0.8751219,1.9437526e-07,0.30425245,0.687276,0.060166605,0.29043317,0.5472858,0.0784325,0.3292874,0.42853957,0.086194195,0.37329608,0.37892014,0.09187479,0.27860284,0.4611777,0.021249833,0.3382179,0.2645995,0.031844318,0.38220558,0.21935707,0.053383525,0.4187017,0.21154511,0.06843189,0.3406644,0.45491406,-0.01057924,0.35704297,0.19096783,-0.010170654,0.37196448,0.07932666,0.0024402316,0.38494068,0.008127958,0.014132992,0.40308294,0.4788852,-0.034210026,0.4047323,0.21760648,-0.032371566,0.41132653,0.117765576,-0.017233223,0.41286469,0.05242443,-0.0050592734,0.46391726,0.53509784,-0.051331118,0.4634066,0.3311514,-0.04497644,0.4631018,0.23815277,-0.02673068,0.46501148,0.15656006,-0.010605943,2
0.39258495,0.8564054,3.6860195e-07,0.32337427,0.66703165,0.044650972,0.312511,0.51813036,0.058619607,0.35356012,0.40941206,0.06479337,0.39977425,0.36008596,0.069642454,0.3170899,0.4207965,0.0311007,0.35970068,0.2023212,0.04018637,0.38210428,0.099763334,0.05014589,0.3974327,0.032743663,0.05895554,0.37977985,0.42958617,0.010156038,0.4056094,0.19329816,0.021477625,0.4217432,0.08839324,0.03054062,0.43446368,0.018117458,0.038580798,0.44175938,0.4561393,-0.005688338,0.45330688,0.24121979,0.009799893,0.4614665,0.15169334,0.022830397,0.46697196,0.09179774,0.031639617,0.49718457,0.5014436,-0.017477335,0.4981387,0.33167434,0.0044696676,0.49838525,0.24892081,0.025230553,0.500208,0.18049067,0.04143798,2
0.4167084,0.8379239,3.4005262e-07,0.34672463,0.6566011,0.035836224,0.34137726,0.49982747,0.04659875,0.3829672,0.3898045,0.05019313,0.43063155,0.3386621,0.053569265,0.35041815,0.40734717,0.029320074,0.3909811,0.20081142,0.034349807,0.41445455,0.10237175,0.041605387,0.43043303,0.038349092,0.049057163,0.41049916,0.41670462,0.011555602,0.44288674,0.21033584,0.022168353,0.46502674,0.13079953,0.032126978,0.48015848,0.08368868,0.0413028,0.4714567,0.4436641,-0.0029163468,0.49136156,0.25270897,0.010266533,0.5026245,0.17414996,0.025679667,0.50809646,0.12706727,0.03682669,0.5273376,0.49055237,-0.014597862,0.5412162,0.34236562,0.0056729233,0.54850334,0.27848107,0.027791193,0.5520085,0.23449436,0.04568526,2
0.44552618,0.8180844,2.4790296e-07,0.37496513,0.642291,0.021444052,0.37117615,0.4736013,0.02407612,0.41731718,0.35731423,0.024149818,0.4638996,0.2967344,0.024594603,0.4012693,0.39664495,-0.008416664,0.43890312,0.18918669,-0.009601752,0.45734307,0.109464675,-0.003990437,0.4700854,0.06250495,0.002716403,0.46181917,0.4194914,-0.019137682,0.49188647,0.20911708,-0.015901094,0.5044358,0.13959083,-0.0075799422,0.51221174,0.11634892,0.00035727982,0.5209867,0.45500615,-0.02507547,0.54100406,0.2563998,-0.017521515,0.5402529,0.19310555,-0.0017182018,0.534638,0.1745489,0.010370813,0.5704328,0.50370306,-0.02856313,0.5847399,0.34606266,-0.013932396,0.57520396,0.2973292,0.007517816,0.56250876,0.28232086,0.025807567,2
0.46808663,0.79854566,2.5266937e-07,0.3940877,0.62834466,0.019946741,0.3821453,0.46781963,0.0239135,0.41843167,0.34496,0.02529602,0.45759946,0.2777838,0.027278,0.4247374,0.37429303,0.0020395308,0.45602363,0.1663377,0.0011932504,0.47058222,0.06184095,0.005098032,0.47834498,-0.007212043,0.010244407,0.48582712,0.39141563,-0.007764821,0.5088309,0.18765187,-0.003813839,0.5166709,0.09900144,0.0017961456,0.52174914,0.047096908,0.0076160547,0.543678,0.4244795,-0.013939175,0.5576259,0.23834583,-0.0052732043,0.5567395,0.16399455,0.0075309863,0.5536494,0.12449697,0.016817149,0.5915394,0.47402316,-0.01808329,0.5968802,0.32752705,-0.0025398287,0.59104735,0.2571356,0.016157333,0.58493036,0.20960326,0.031655334,2
0.49601418,0.8189386,2.5274394e-07,0.41995585,0.67120934,0.019289492,0.39702505,0.5224325,0.02329703,0.42266452,0.39927167,0.024600277,0.45740408,0.33643728,0.025867928,0.4484367,0.3791202,0.0047999322,0.47439513,0.16864291,0.0044332896,0.4887213,0.05478561,0.0067021586,0.4965498,-0.02486983,0.010330268,0.5091049,0.39240852,-0.0053351577,0.5307939,0.18452303,-0.00020084532,0.5392936,0.08057916,0.0032242981,0.54506224,0.010345578,0.0066846283,0.56478643,0.42558604,-0.012393606,0.57887924,0.24699673,-0.0031832906,0.5813403,0.15343457,0.0052978513,0.58050054,0.094584346,0.010806478,0.60927737,0.47534284,-0.017671198,0.61456513,0.32879966,-0.004459237,0.6125373,0.24754994,0.0100047635,0.60797256,0.18528782,0.022204747,2
0.51461214,0.8098663,1.9971404e-07,0.44427654,0.6665232,0.022323782,0.41052255,0.5179046,0.02692512,0.42955118,0.38234732,0.027573124,0.46298322,0.31552917,0.029208716,0.47992143,0.38312733,0.010290333,0.5068333,0.18934813,0.013076601,0.523681,0.10328582,0.017554408,0.53798616,0.04997936,0.022439823,0.53971887,0.39261493,-0.0011680846,0.5549559,0.17304051,0.0035288238,0.561714,0.06324515,0.008970429,0.566056,-0.0019563437,0.015165526,0.5942941,0.42045486,-0.009385173,0.59967643,0.22200717,-0.00020318806,0.60010475,0.13106945,0.009118825,0.59592927,0.07927254,0.016758973,0.63981795,0.46880773,-0.015570363,0.64654016,0.30754113,-0.0019429891,0.64302206,0.22737707,0.013358829,0.63610387,0.17199737,0.02705767,2
0.5457587,0.8309973,-1.6403574e-07,0.4684261,0.69454783,0.012304696,0.4283634,0.5356699,0.014103923,0.44429663,0.3974219,0.015342861,0.48836806,0.33421475,0.02150703,0.5071961,0.41782358,-0.014742821,0.5073418,0.2688672,-0.014360565,0.5031828,0.29880542,-0.001990685,0.50509894,0.35634714,0.010403408,0.5716955,0.4164197,-0.024096431,0.5821968,0.19599263,-0.027711561,0.5846532,0.08241111,-0.020657947,0.58727914,0.017552257,-0.013259953,0.62554014,0.43924475,-0.029795716,0.62779534,0.24224208,-0.031449914,0.6274016,0.14559564,-0.025786337,0.6213312,0.09016085,-0.018857129,0.6672422,0.492207,-0.033249408,0.6762481,0.31937477,-0.026064184,0.6695467,0.23796274,-0.010815151,0.6590277,0.18705408,0.0030232582,2
0.57165456,0.840821,-4.2772086e-07,0.48361942,0.6942663,0.0054419637,0.44483617,0.5302473,0.0022517745,0.46446717,0.3893453,0.00052680535,0.50752413,0.32023773,0.004068687,0.5318936,0.426771,-0.025304714,0.53264785,0.26894012,-0.024661774,0.5191026,0.31029046,-0.014198248,0.517403,0.36702812,-0.0049553136,0.6025463,0.4303693,-0.02905241,0.60367095,0.22678028,-0.020725967,0.59159464,0.17717966,-0.0072079855,0.5873492,0.16499567,0.0002700119,0.6578601,0.45390636,-0.02936469,0.66038346,0.264789,-0.020302616,0.653422,0.20576307,-0.0067327404,0.6465663,0.18221247,0.0005115036,0.6975534,0.49652728,-0.028185531,0.70417726,0.33335805,-0.019626735,0.69689995,0.257233,-0.0052256812,0.68638897,0.20485106,0.006142688,2
0.58651567,0.8442018,-7.755198e-08,0.5102782,0.70813376,0.0031868964,0.47550648,0.54570055,-0.0008209855,0.4904725,0.40580422,-0.0031383033,0.53929996,0.3437002,-2.6282316e-05,0.55786407,0.43975934,-0.021798585,0.5603745,0.28663263,-0.026816698,0.554235,0.32076037,-0.021764709,0.5525471,0.37918985,-0.014197025,0.62422234,0.4420363,-0.0265904,0.63777554,0.22240499,-0.02845487,0.6439727,0.11303392,-0.02308178,0.64982265,0.04641199,-0.018473906,0.67902124,0.4663759,-0.028776199,0.6867871,0.27590078,-0.029161513,0.6913509,0.18064538,-0.022779476,0.69119126,0.12691963,-0.016527003,0.71906126,0.5154215,-0.029512335,0.7274698,0.35476685,-0.022046091,0.72708535,0.27614564,-0.0062691327,0.724612,0.22552744,0.0072713112,2
0.6128959,0.86816823,-6.463955e-08,0.5300166,0.7342205,-0.0031264503,0.48188683,0.55280346,-0.0058150426,0.4948381,0.40435243,-0.005508133,0.54449856,0.36674806,0.0005385042,0.6000642,0.4522516,-0.021663835,0.58541596,0.30475074,-0.020530932,0.568156,0.33895937,-0.012011131,0.56668866,0.39201415,-0.0037697796,0.66598004,0.4611754,-0.022082642,0.67166305,0.24317417,-0.021362256,0.6731571,0.12680635,-0.015157312,0.6798974,0.052874297,-0.010455312,0.71521544,0.49014595,-0.020328619,0.7140809,0.29416308,-0.020311413,0.714675,0.18988395,-0.017041618,0.71428025,0.12415978,-0.013041436,0.7474977,0.542906,-0.017564185,0.7559391,0.381526,-0.011358079,0.7530894,0.29777074,0.0010160655,0.7492119,0.23912355,0.011865197,2
0.6328462,0.8870506,-1.7567283e-08,0.55641204,0.7451614,0.006834336,0.5108439,0.58520067,0.005399727,0.5183172,0.4408821,0.0054228357,0.5505324,0.37362435,0.011837998,0.610531,0.46807048,-0.022854263,0.63274616,0.31991333,-0.020087995,0.65008426,0.3468535,-0.0029209545,0.66569704,0.39608833,0.013060081,0.6761273,0.48411328,-0.027238512,0.69245034,0.25791836,-0.028325494,0.7050621,0.14311177,-0.018602021,0.71490115,0.071054965,-0.009174392,0.7293849,0.5186641,-0.02784323,0.7390036,0.31601125,-0.025537966,0.7472846,0.21505874,-0.018151015,0.74944496,0.1482209,-0.0112413475,0.7680268,0.5764901,-0.026444614,0.7802673,0.41242588,-0.0191135,0.7812594,0.3263166,-0.0054736156,0.78011763,0.25893578,0.0074161403,2
0.6531453,0.8965676,1.2437829e-07,0.5784685,0.75718904,0.010683545,0.5420055,0.59946823,0.011289749,0.55411375,0.45532808,0.012543577,0.58169734,0.378821,0.018059656,0.6418833,0.47756368,-0.012913242,0.66800356,0.311099,-0.0052360618,0.6910827,0.2924928,0.00960537,0.71586215,0.2863264,0.021807818,0.705049,0.49558648,-0.017183658,0.72167057,0.26634032,-0.016022986,0.73491335,0.15627119,-0.00675193,0.74798566,0.08593017,0.002802149,0.75577086,0.53297096,-0.017270586,0.77058446,0.32883722,-0.012499925,0.77905554,0.23259485,-0.0033405982,0.7832225,0.17179918,0.0053091045,0.792652,0.5906469,-0.015056616,0.80181205,0.42461985,-0.0036633462,0.80267346,0.342539,0.012500711,0.8028818,0.28387952,0.027172182,2
0.6672602,0.92900777,-1.1981963e-07,0.5873352,0.7838063,0.0010094472,0.55211735,0.62044066,-0.0009787539,0.56368804,0.48047897,0.0007206624,0.59173876,0.4013607,0.009252234,0.67256624,0.5079754,-0.028164038,0.66246504,0.348269,-0.015849553,0.64761007,0.39253747,0.0075985957,0.6482666,0.45050055,0.026039952,0.7390876,0.5229206,-0.028150497,0.7459488,0.2918025,-0.02473487,0.74989563,0.17800653,-0.012754177,0.7584104,0.10071641,-0.0040184446,0.78525734,0.5632279,-0.023614954,0.7966113,0.3527804,-0.021230046,0.800205,0.24684116,-0.014553697,0.80070156,0.18007377,-0.008720318,0.81220514,0.6255302,-0.016700855,0.82109797,0.4493006,-0.008539919,0.81699604,0.36164868,0.006927103,0.81115645,0.30127007,0.019947438,2
0.68014675,0.948354,-1.3038778e-07,0.5966062,0.7993989,0.006708803,0.56244147,0.6442312,0.0065723257,0.57324207,0.49954498,0.010062832,0.6014666,0.41477823,0.021385258,0.6880543,0.5241745,-0.02143828,0.6732809,0.36389285,-0.0022708543,0.65516937,0.41329834,0.028307814,0.6546275,0.47370267,0.05147031,0.7556814,0.5394834,-0.020800568,0.75971866,0.30525005,-0.019644381,0.76507246,0.1906901,-0.005183882,0.7764454,0.10662615,0.0073889988,0.8005872,0.58300716,-0.0143383825,0.81230694,0.36950356,-0.012621399,0.8189719,0.25075692,-0.0038716132,0.82304275,0.1648219,0.0049267323,0.8251472,0.6469158,-0.004345576,0.8373637,0.47369626,0.0089129545,0.8383564,0.38272795,0.028591817,0.8380137,0.31540394,0.044667672,2
0.6852418,0.96883047,-1.18248195e-07,0.6039474,0.8137039,0.0053922553,0.56885886,0.6529393,0.0036236004,0.57997024,0.5019225,0.0068926476,0.6189014,0.42187643,0.019756127,0.6976666,0.5386739,-0.026942551,0.68299913,0.38167122,-0.0038839288,0.66398895,0.43205744,0.03394221,0.6622629,0.49416432,0.06200803,0.76745737,0.5545453,-0.023704482,0.7715626,0.31930315,-0.023295334,0.7786551,0.20427889,-0.0051170886,0.7912358,0.120211005,0.010861333,0.81328446,0.59940755,-0.013600115,0.8235306,0.38112837,-0.011917353,0.8316558,0.26090693,0.0009585478,0.8365775,0.17509702,0.013259588,0.83844554,0.66592497,0.00029348634,0.85247713,0.49035773,0.015146165,0.85549355,0.39892134,0.03735113,0.85614973,0.33282536,0.055639945,2
0.68782717,0.97502327,-1.3450043e-07,0.6081843,0.81959665,0.004857546,0.5742143,0.6597836,0.0023780041,0.58563596,0.50746346,0.0053152777,0.6256216,0.42547178,0.01832351,0.70355964,0.5523618,-0.02891493,0.69156915,0.39959806,-0.007138963,0.6735188,0.44751155,0.030490857,0.6726284,0.5078572,0.058611825,0.77281994,0.56696683,-0.024435505,0.778361,0.33549285,-0.02516749,0.78873223,0.21894494,-0.005794438,0.80503815,0.13363484,0.010604915,0.81880116,0.6075155,-0.013153987,0.833306,0.39550394,-0.010713817,0.8447652,0.27698526,0.0033914333,0.8524652,0.19071022,0.01604255,0.84343094,0.6676942,0.0017300124,0.8605857,0.49586043,0.017557833,0.86579734,0.4047001,0.039610576,0.86793953,0.33752888,0.057311796,2
0.686718,0.97524846,-1.4894178e-07,0.6096444,0.82084,0.008396307,0.5762464,0.65916264,0.008879446,0.5850774,0.50602883,0.015371025,0.6220901,0.42621845,0.031841666,0.70697397,0.5546808,-0.031346362,0.69471335,0.39919806,-0.004694864,0.67710227,0.44587648,0.038448866,0.67587626,0.50400996,0.06951372,0.77735007,0.57201433,-0.02673426,0.78577924,0.33953118,-0.026933935,0.7971349,0.22490254,-0.0055997227,0.81193835,0.14093846,0.0123147555,0.8237085,0.61690485,-0.013949447,0.84115,0.40458614,-0.012019968,0.8533647,0.28729263,0.0026875823,0.859796,0.20242143,0.01606415,0.84783983,0.68200946,0.0033808746,0.86490285,0.50697666,0.018140187,0.8682455,0.41730624,0.04026964,0.8679935,0.353195,0.058230776,2
0.6826472,0.9699564,-1.384487e-07,0.609164,0.8115448,0.005088404,0.5798828,0.654025,0.0022995542,0.59562457,0.50259554,0.0054869726,0.6395571,0.42743295,0.0189325,0.7051155,0.55722064,-0.03555026,0.6975469,0.40383655,-0.0144045865,0.6821792,0.44677222,0.02573413,0.68073493,0.50724846,0.05559383,0.7754932,0.5737672,-0.031737104,0.78793824,0.34272355,-0.03456141,0.8009454,0.22562632,-0.014224231,0.8161253,0.14042267,0.0031167325,0.8221477,0.61381423,-0.020643793,0.83613217,0.40177733,-0.020961208,0.8484925,0.28410116,-0.0072556892,0.8548274,0.19871393,0.005422988,0.8474115,0.67529327,-0.0057726796,0.86561906,0.50295717,0.007261248,0.870361,0.41488338,0.027799606,0.87036866,0.35159662,0.044532616,2
0.6820451,0.97141945,-8.810827e-08,0.60670596,0.8146769,0.003189077,0.5772986,0.65653133,-0.00029370326,0.5965504,0.50584877,0.0029443854,0.6370438,0.4255854,0.01641627,0.7024552,0.55878985,-0.042130854,0.69617355,0.3942312,-0.022902133,0.67860365,0.4367324,0.015559832,0.67501915,0.5010955,0.044050265,0.7727951,0.5754818,-0.03805357,0.7850809,0.33619937,-0.04691193,0.8000965,0.21965131,-0.030282894,0.81851196,0.13535127,-0.014613823,0.81883115,0.61779267,-0.02602973,0.83525777,0.39728332,-0.032308783,0.8471803,0.27982837,-0.01937527,0.85452384,0.19692314,-0.005511361,0.84454066,0.6808825,-0.009971782,0.86498463,0.4957161,-0.0006429857,0.8708918,0.4078365,0.020709712,0.87403375,0.34756225,0.03897756,2
0.6784987,0.9716624,-8.1095365e-08,0.6040114,0.8098388,0.007177787,0.57557803,0.65118486,0.007465505,0.5949568,0.50371957,0.013045729,0.6349164,0.42925853,0.028345713,0.6966203,0.5527444,-0.031971466,0.6940614,0.38947767,-0.010446726,0.67686975,0.43216178,0.029131565,0.6722697,0.49562582,0.05847153,0.76579416,0.5690804,-0.029720256,0.7825227,0.33486572,-0.03671499,0.79683036,0.21787423,-0.019114524,0.81327045,0.13461778,-0.0021972428,0.8121251,0.612839,-0.019975042,0.83153224,0.39652157,-0.024661802,0.84424937,0.28079128,-0.011605905,0.8522032,0.19950992,0.0027149005,0.8374167,0.67840457,-0.0061039478,0.8599538,0.49950066,0.0047781854,0.8675476,0.41180912,0.026246881,0.872295,0.3519254,0.04467145,2
0.67481065,0.9598939,-7.766334e-08,0.6017579,0.7962557,0.011806293,0.57250005,0.63881046,0.015383825,0.592398,0.49328607,0.022700695,0.6317496,0.42059526,0.038805813,0.68471384,0.5436734,-0.02245873,0.68819255,0.3848737,0.00020624326,0.67433494,0.42269188,0.03935527,0.6706464,0.48232734,0.06804958,0.75394255,0.55907243,-0.02323623,0.77433157,0.32776278,-0.027956834,0.79041827,0.21332508,-0.011077679,0.80732155,0.13472843,0.0050962055,0.8019089,0.601658,-0.016936628,0.8221714,0.38252693,-0.020722762,0.8357533,0.26977846,-0.010149579,0.8445349,0.19097748,0.0019758693,0.8300929,0.66713053,-0.006219148,0.85251325,0.48860794,0.004074062,0.86042047,0.4008361,0.023418179,0.86565137,0.3409171,0.040065292,2
0.66696846,0.9494825,-8.745776e-08,0.5938403,0.78998864,0.016467612,0.56384975,0.6327648,0.024034439,0.5874241,0.4864325,0.03376332,0.62225324,0.409906,0.051486276,0.6734547,0.53281826,-0.009681883,0.68103087,0.3739481,0.013649608,0.670332,0.41294333,0.050147325,0.6682493,0.47173357,0.07703843,0.7411751,0.5463958,-0.012879582,0.7658806,0.31824356,-0.013649058,0.78151345,0.2056486,0.0032869813,0.7969308,0.12912378,0.019301869,0.78956807,0.5888094,-0.009843294,0.8115512,0.37522286,-0.009266737,0.8262222,0.2651879,0.0012988213,0.8361805,0.18603316,0.012436308,0.81989855,0.65800655,-0.002590991,0.8433802,0.48377436,0.01077338,0.8509485,0.39738047,0.030630145,0.85578644,0.33615518,0.04708255,2
0.6546834,0.93503857,-7.371851e-08,0.58489525,0.77474475,0.020682199,0.55609804,0.62057364,0.029491091,0.582283,0.48021367,0.03948129,0.6174883,0.40863937,0.056706846,0.6594385,0.521849,-0.0066317962,0.6741093,0.36870152,0.017363546,0.6683151,0.4118859,0.054199398,0.6675356,0.4740262,0.081544235,0.7267893,0.53673524,-0.01154402,0.7564907,0.3083888,-0.0083746435,0.77313787,0.1976586,0.010168317,0.7887498,0.12337431,0.026642859,0.775705,0.5796736,-0.010071724,0.80110776,0.3636162,-0.004729024,0.8156118,0.2563058,0.0065651154,0.82530457,0.17874998,0.0167928,0.8071516,0.6499624,-0.0042548785,0.83442676,0.47604692,0.012576692,0.8423588,0.39205134,0.033265498,0.84762174,0.33152947,0.04954632,2
0.6448756,0.9256609,-9.317617e-08,0.5747842,0.76676327,0.024530834,0.5467105,0.61116564,0.03565724,0.5777962,0.4654527,0.04708502,0.61217904,0.39236742,0.06475681,0.64712787,0.5155252,-0.0025724308,0.6673627,0.3702677,0.021608634,0.6667808,0.40976095,0.057420433,0.66941994,0.4674674,0.08364149,0.7138075,0.5322885,-0.009684271,0.74466795,0.3045547,-0.005560905,0.7623342,0.1927309,0.012308256,0.77743524,0.12183279,0.027726052,0.7630111,0.57470787,-0.01026355,0.7892487,0.3588436,-0.0048973616,0.80470645,0.25056908,0.0053175306,0.8134012,0.17482877,0.014207402,0.7950538,0.6419648,-0.006285525,0.8224279,0.47094747,0.008959178,0.83090806,0.3851831,0.027511075,0.8367021,0.32107204,0.041950446,2
0.6269887,0.9105737,-8.323933e-08,0.564115,0.7469126,0.031443868,0.54193425,0.59347486,0.044887625,0.5789012,0.4545284,0.057104286,0.61849296,0.38991445,0.07464945,0.62028366,0.5048331,0.0018220185,0.6572635,0.3617017,0.023922544,0.6688335,0.40159863,0.060070716,0.6742245,0.46326327,0.08774834,0.689252,0.5219542,-0.008299334,0.72881156,0.29705784,-0.0019131091,0.7497292,0.1893178,0.01740701,0.765336,0.12087184,0.03395027,0.74323267,0.56477374,-0.011748316,0.7736709,0.3462293,-0.0049742227,0.7899694,0.24285826,0.005844579,0.798174,0.17095599,0.015051739,0.7807857,0.6352654,-0.010160993,0.81084126,0.4628634,0.0055295993,0.81931347,0.3800837,0.024083098,0.8252005,0.3159497,0.038734026,2
0.6123123,0.91747594,-7.689684e-08,0.5475748,0.7524885,0.027958471,0.53080565,0.59171724,0.039629698,0.5757824,0.46423915,0.0495383,0.62650853,0.42218038,0.064198464,0.59711826,0.4945695,0.002586247,0.6387779,0.3505698,0.017145587,0.6494894,0.39467567,0.043829255,0.65227234,0.45712262,0.06455465,0.66847706,0.51227146,-0.009080957,0.71009326,0.2942227,-0.0049183494,0.73339033,0.18960401,0.010455344,0.75094855,0.11815041,0.023517763,0.72519046,0.5558925,-0.015558633,0.7565232,0.3422759,-0.012793376,0.7748012,0.24025628,-0.0037576198,0.78483033,0.16623512,0.0043065436,0.7669182,0.6266801,-0.017699096,0.7967837,0.45684707,-0.007582246,0.8060533,0.37694502,0.0092007015,0.8140751,0.31211293,0.023039961,2
0.5840485,0.90648365,-1.351718e-07,0.5379284,0.7313045,0.047246777,0.5361151,0.59061533,0.06676954,0.5822592,0.47071868,0.082974374,0.63086367,0.43054366,0.10292207,0.58031976,0.49146506,0.008258871,0.6347407,0.3613168,0.031650133,0.649351,0.399944,0.06962684,0.6513563,0.4601549,0.09774179,0.65034366,0.510801,-0.009920015,0.7001373,0.293961,-0.0056141755,0.72488874,0.18944857,0.013130326,0.74183303,0.11870012,0.029332584,0.70718247,0.5562317,-0.019402642,0.74776053,0.3399081,-0.016764557,0.7676719,0.23513019,-0.0064929468,0.7768842,0.16005975,0.0029551715,0.7499856,0.6302495,-0.021889636,0.78542244,0.45309016,-0.011901463,0.7970817,0.36937463,0.004957477,0.8058194,0.29958096,0.019140715,2
0.5566334,0.89609057,-1.5591674e-07,0.53671247,0.71738213,0.06515642,0.55040306,0.585367,0.08926063,0.6061912,0.48686388,0.10697641,0.6564904,0.4625254,0.12609936,0.56125957,0.48238128,0.010310709,0.64080894,0.36843562,0.033328842,0.6726831,0.4001661,0.07105692,0.6864333,0.453778,0.098115526,0.6259105,0.5163318,-0.017141318,0.6891334,0.29495418,-0.011294492,0.72161376,0.19645679,0.009252422,0.74300134,0.12930065,0.025667451,0.67969364,0.57079476,-0.03364499,0.7357013,0.3351003,-0.030479297,0.7610009,0.23420623,-0.01671467,0.7725687,0.1655758,-0.005968497,0.72449994,0.6498863,-0.041477125,0.7696328,0.46317893,-0.032744177,0.7866395,0.3789005,-0.015078735,0.8023466,0.3067587,-0.0005193672,2
0.5370848,0.8789787,8.1680504e-08,0.52665555,0.69203675,0.042943772,0.5448626,0.55601084,0.054274574,0.5988221,0.46224445,0.057763025,0.6456134,0.4444907,0.06318541,0.55676365,0.46799907,0.014561715,0.6494137,0.36734277,0.01799868,0.6843727,0.4009456,0.03245098,0.6978852,0.45633286,0.045787122,0.61003065,0.4996768,-0.011656367,0.6902094,0.30721492,-0.012248175,0.7239046,0.20502728,-0.0070033595,0.7439426,0.13393527,-0.0016059335,0.6589285,0.554268,-0.032589436,0.73039955,0.35506767,-0.03234546,0.7590875,0.26061577,-0.028072774,0.7715545,0.18647328,-0.023950377,0.7012556,0.6328498,-0.048845302,0.7585148,0.4674744,-0.04313536,0.7790189,0.38835943,-0.030285407,0.79477453,0.31561297,-0.019019887,2
0.5026662,0.888555,4.0598212e-07,0.50577337,0.7314215,0.048207145,0.5246704,0.5885984,0.059799805,0.56444293,0.48193514,0.06105193,0.5937526,0.43588158,0.06108178,0.53925353,0.46481705,0.02779366,0.6396029,0.34458226,0.02596604,0.69137263,0.29342678,0.023657916,0.72517276,0.25350225,0.021834938,0.56827044,0.48715132,-0.004490819,0.67059046,0.32112557,-0.0080897035,0.71976936,0.22444913,-0.010978044,0.7522139,0.14421177,-0.012952067,0.601786,0.53614855,-0.032723766,0.70034564,0.36986536,-0.032653242,0.7427393,0.2766325,-0.031797033,0.76908207,0.19861498,-0.03203102,0.64235234,0.6140521,-0.056904286,0.7175204,0.4693727,-0.05108123,0.7508346,0.39022088,-0.04276814,0.77629095,0.3173508,-0.036742564,2
0.47170717,0.8862191,7.4704445e-07,0.5189274,0.7277888,0.027459532,0.5604104,0.57326955,0.024792839,0.60638607,0.4675658,0.011975865,0.6498821,0.41019848,-0.0009225658,0.52562773,0.43731993,0.012715347,0.6263041,0.3260795,-0.0030831953,0.6836886,0.2473368,-0.015210588,0.7212914,0.18531433,-0.024172062,0.52317536,0.45612532,-0.017022813,0.6450563,0.35990182,-0.026412712,0.7014183,0.30804187,-0.032229636,0.7367031,0.24611935,-0.03936589,0.5327744,0.50593823,-0.045929838,0.652047,0.44205162,-0.052340116,0.68820846,0.44803172,-0.04644359,0.6999718,0.441062,-0.044984814,0.55285877,0.57699037,-0.07427596,0.63526565,0.5216684,-0.07496321,0.6591051,0.52229613,-0.06656038,0.6656506,0.5158919,-0.06162916,2
0.46019912,0.90597785,-8.0212413e-07,0.55545753,0.8008162,0.024685895,0.59164363,0.68792665,0.022256324,0.63042486,0.609568,0.008667617,0.65581214,0.5778905,-0.0020538494,0.52416384,0.42334053,0.011465061,0.64363855,0.40077496,-0.020048657,0.6562383,0.5039514,-0.044101276,0.6323815,0.5718586,-0.056620263,0.5102185,0.43022555,-0.01985727,0.6516664,0.44386613,-0.04889239,0.6570251,0.5609272,-0.06237746,0.63405275,0.6194174,-0.06914687,0.51227945,0.4699416,-0.05153952,0.6503946,0.4688727,-0.07573309,0.6432182,0.5762692,-0.06862051,0.6068215,0.6369257,-0.059333403,0.523188,0.5352732,-0.08223079,0.6036728,0.38525957,-0.0984984,0.6551239,0.2989407,-0.092812076,0.6966152,0.22045782,-0.086292095,2
0.44725487,0.9106017,-3.6277615e-07,0.5457026,0.8551271,0.009405618,0.60752887,0.7446041,0.0030884575,0.65334266,0.67308,-0.015538848,0.6871683,0.59013003,-0.03245029,0.55670136,0.51810807,0.026891854,0.6069694,0.40381026,-0.0054170135,0.61695904,0.42020094,-0.0325037,0.60498744,0.4409936,-0.04711642,0.53299665,0.50742227,-0.0012936505,0.6194441,0.42850435,-0.054122526,0.6496324,0.5289746,-0.08494124,0.6481997,0.6110354,-0.0942922,0.51311326,0.52337736,-0.03294852,0.61300385,0.44310042,-0.078760244,0.6363276,0.5613015,-0.082423665,0.6281549,0.6505291,-0.07181492,0.49444088,0.5612927,-0.064792715,0.54310125,0.44365045,-0.09301064,0.58780634,0.3609947,-0.09623351,0.62560177,0.28908247,-0.092786446,2
0.43574533,0.9126066,3.5432623e-07,0.5192372,0.8818629,-0.02059545,0.5931319,0.78534746,-0.032010395,0.6505149,0.7095824,-0.04751099,0.67388916,0.6164436,-0.05839497,0.57836217,0.5727429,0.010659971,0.6244712,0.48737198,-0.03226203,0.6345852,0.55434775,-0.07071789,0.62754536,0.62300915,-0.08835929,0.5503116,0.52621585,-0.00034698896,0.5979996,0.38054407,-0.020333512,0.63102716,0.27045372,-0.044175327,0.65556014,0.1774612,-0.06134568,0.51148677,0.5139122,-0.02063863,0.5522759,0.36759531,-0.040194392,0.57923394,0.28254113,-0.054737985,0.6000365,0.21639103,-0.06349002,0.46889356,0.5281808,-0.044854496,0.5024644,0.41495615,-0.058302365,0.5338121,0.3437526,-0.059757456,0.5653081,0.2883745,-0.05944846,2
0.42219272,0.9260423,3.0812407e-07,0.5077177,0.8853651,-0.02527405,0.5850527,0.7939765,-0.03608154,0.64574605,0.7161222,-0.050235964,0.6700623,0.6185892,-0.060892563,0.5665308,0.5740468,0.0129307555,0.61298853,0.49259827,-0.02643421,0.62546307,0.5397731,-0.06305728,0.6225666,0.5951582,-0.08120905,0.53622454,0.5241673,0.004054377,0.58333147,0.37573767,-0.014997653,0.61224824,0.2718701,-0.04015447,0.6353916,0.18395075,-0.058801427,0.49672157,0.5072187,-0.014487636,0.5426065,0.3591287,-0.034431018,0.5740824,0.26475084,-0.0525438,0.6001664,0.18670064,-0.06448102,0.4489963,0.5192721,-0.037242614,0.4841645,0.40530515,-0.051218912,0.5130769,0.33096492,-0.054952852,0.5420426,0.26651385,-0.057148997,2
0.40202814,0.938992,3.007068e-07,0.49084646,0.8951187,-0.026374513,0.5718607,0.80220914,-0.038083278,0.636256,0.71909106,-0.052708175,0.6542885,0.6184933,-0.06410469,0.54738986,0.57769233,0.011197704,0.5980874,0.4851348,-0.030056424,0.6109761,0.53085107,-0.069763035,0.6088835,0.58263797,-0.09036,0.51412356,0.52884907,0.0035660677,0.5618999,0.37532616,-0.01743397,0.59000367,0.27558964,-0.046047587,0.6131016,0.19177243,-0.06769363,0.4730061,0.5133037,-0.0135120135,0.5194806,0.3649514,-0.033773057,0.5511765,0.2744507,-0.05360685,0.57831836,0.20041442,-0.067313515,0.42427024,0.5261954,-0.034803532,0.46168584,0.41363117,-0.047956716,0.4901253,0.3438739,-0.05196946,0.5179077,0.28541073,-0.0547723,2
0.38761908,0.94192004,3.0874835e-07,0.4730226,0.9045382,-0.02887943,0.5547044,0.80485725,-0.04222755,0.6195227,0.71909654,-0.05847169,0.6377391,0.6153318,-0.0706891,0.53352696,0.5758407,0.008305043,0.59082055,0.4587962,-0.04026638,0.6004073,0.5138196,-0.08416192,0.5920235,0.5863586,-0.10428586,0.4984143,0.52251387,0.0024922872,0.55074674,0.36684692,-0.01907024,0.57701546,0.27150327,-0.044360984,0.59629935,0.19771466,-0.061420016,0.45527497,0.50771064,-0.014028953,0.5040652,0.35329944,-0.032915797,0.5356124,0.25376484,-0.0470272,0.56315225,0.17225182,-0.055521365,0.40300608,0.5245695,-0.035382543,0.43926322,0.4094519,-0.046907123,0.4643314,0.33302176,-0.046563383,0.48999023,0.26456508,-0.044705544,2
0.37494406,0.93831724,2.4805107e-07,0.4639101,0.90013903,-0.02996105,0.5456803,0.8023274,-0.043078817,0.6092629,0.71424085,-0.058845993,0.62599224,0.60811293,-0.07140566,0.52747643,0.5738313,0.007435642,0.577086,0.46162382,-0.037363417,0.58119255,0.50001997,-0.08015397,0.57049346,0.55620956,-0.10144759,0.48834231,0.51897377,0.002431164,0.53310966,0.36003622,-0.016645148,0.5531095,0.25847772,-0.04256386,0.5675869,0.1773957,-0.061955877,0.4423321,0.50600076,-0.0127088735,0.48486668,0.3551908,-0.02927314,0.5099133,0.25657755,-0.044411447,0.53128326,0.17217484,-0.05527352,0.38845533,0.52574545,-0.03284557,0.420116,0.40785277,-0.04379902,0.44100595,0.32980862,-0.04460801,0.46164444,0.2562206,-0.044724975,2
0.37210256,0.9489336,2.837758e-07,0.46037748,0.90203726,-0.029322095,0.54151154,0.80222344,-0.044228908,0.6038948,0.71536237,-0.06252104,0.61730224,0.60599804,-0.07761039,0.51895577,0.579171,0.008265628,0.5668313,0.47841263,-0.041440897,0.57593715,0.53009254,-0.08711763,0.5706629,0.6020414,-0.108616136,0.47980073,0.52480465,0.0014551268,0.5234785,0.36581266,-0.019253746,0.5442459,0.2592007,-0.045264978,0.55984473,0.169469,-0.06398789,0.4335091,0.5132469,-0.015997244,0.4754063,0.36114502,-0.034207862,0.50118893,0.2568297,-0.0484942,0.5230475,0.1657129,-0.057933647,0.3795475,0.5346593,-0.038551927,0.4102114,0.41548038,-0.050024882,0.43057358,0.33373433,-0.049478807,0.45095062,0.2557299,-0.04807199,2
0.3708883,0.9490656,2.9669818e-07,0.45920247,0.89754224,-0.029130634,0.5382911,0.7989549,-0.04439572,0.5990425,0.7121269,-0.06350231,0.60772574,0.6030695,-0.07958171,0.5132596,0.57901436,0.010632781,0.55745566,0.47713673,-0.039971836,0.5664316,0.5286194,-0.086951345,0.56282276,0.6033575,-0.109256625,0.47297668,0.5270205,0.0034470318,0.514174,0.36707762,-0.01790954,0.53346103,0.2605016,-0.04514261,0.5500112,0.17030305,-0.06493028,0.4265933,0.5172032,-0.014680149,0.4671076,0.36432675,-0.033489805,0.49235994,0.2603189,-0.04893305,0.5152408,0.17111412,-0.05927214,0.37323254,0.53983456,-0.037983686,0.40256685,0.41928667,-0.049228348,0.42283607,0.3358849,-0.049458034,0.44481432,0.25723556,-0.04902945,2
0.36971983,0.94999844,3.0982346e-07,0.45790607,0.9001099,-0.030845406,0.536983,0.8032281,-0.04712523,0.59754944,0.7143647,-0.066503555,0.6076971,0.6029014,-0.08289575,0.51538485,0.58405286,0.0066911723,0.5582419,0.47782364,-0.04204079,0.5660607,0.527089,-0.08788659,0.56283885,0.59659266,-0.110526405,0.4732616,0.5305694,0.00091764255,0.5124917,0.37039587,-0.020599766,0.5312202,0.2657084,-0.04925141,0.5494014,0.17157006,-0.07088675,0.4254333,0.5198754,-0.015250093,0.46324468,0.36779207,-0.03431745,0.48647678,0.2628486,-0.052316003,0.50864303,0.16952702,-0.06522275,0.37168905,0.54260224,-0.036419716,0.401422,0.42340696,-0.047804963,0.42071965,0.34076604,-0.04954727,0.44154885,0.2608794,-0.051005147,2
0.37024876,0.94901997,3.1810907e-07,0.45771497,0.8979088,-0.029568175,0.5360701,0.801496,-0.045632526,0.5963698,0.71413064,-0.065065,0.60440415,0.6028586,-0.081629954,0.5117594,0.5837902,0.007428073,0.55590373,0.4822189,-0.041631885,0.5645665,0.5323256,-0.0874413,0.5610231,0.60216224,-0.1098743,0.4709719,0.5309304,0.0007257925,0.5115457,0.3713646,-0.0212406,0.5307096,0.26665476,-0.049920607,0.5483968,0.1733334,-0.07138589,0.42404157,0.5203425,-0.01630839,0.4622248,0.36716568,-0.03577212,0.48566082,0.2626414,-0.053934935,0.50778866,0.16967905,-0.06685093,0.37125933,0.5430525,-0.03817816,0.4011029,0.42372936,-0.049650837,0.42064208,0.3418289,-0.05132394,0.44165725,0.26327318,-0.05275297,2
0.36976117,0.9483976,3.2026512e-07,0.45698372,0.895877,-0.029803012,0.5356754,0.799192,-0.04629736,0.59628856,0.71101075,-0.06616894,0.6032777,0.5990506,-0.08308352,0.5108372,0.5839511,0.0073639713,0.5544264,0.48239285,-0.04168556,0.563071,0.5339727,-0.08735268,0.55952466,0.60477626,-0.10956554,0.47007793,0.53193957,0.0008126853,0.5105045,0.3731697,-0.020658895,0.5294354,0.26823875,-0.048836946,0.54750395,0.17236516,-0.07000481,0.42339477,0.5221611,-0.016112993,0.4613915,0.36956015,-0.035010923,0.4841967,0.2649177,-0.05246796,0.5061125,0.17151049,-0.06495655,0.37064058,0.5455914,-0.03797671,0.39961445,0.4261603,-0.048804034,0.4189206,0.34364018,-0.04992777,0.44000697,0.26446068,-0.051005132,2
0.36923635,0.945909,3.4327795e-07,0.4551762,0.89641404,-0.029957537,0.5329943,0.7990232,-0.0465836,0.59228724,0.7107552,-0.06635377,0.6002358,0.5996061,-0.0829876,0.5076383,0.57807887,0.006299842,0.5503314,0.4785782,-0.041668124,0.56089354,0.5286143,-0.085869245,0.5600161,0.59764606,-0.107198745,0.46715218,0.52727497,-7.761828e-05,0.5077822,0.36769027,-0.020867793,0.5275148,0.26323584,-0.046912383,0.5462515,0.17138773,-0.0661532,0.4208934,0.5183691,-0.016751362,0.45847726,0.36541712,-0.034892872,0.48206007,0.26291898,-0.05019132,0.5046246,0.17299491,-0.060919337,0.36903444,0.5432298,-0.038446825,0.39817652,0.42424425,-0.04909625,0.4172626,0.34279394,-0.049331654,0.43790433,0.26502746,-0.049360964,2
0.36799142,0.9485904,3.4147334e-07,0.45388934,0.8966654,-0.030253183,0.53118634,0.79702115,-0.047201995,0.59037465,0.7090988,-0.06735639,0.6011128,0.5987027,-0.08410337,0.50447756,0.5744152,0.0053789876,0.5485539,0.4734074,-0.044197656,0.55982333,0.53187925,-0.08934796,0.5582168,0.6084463,-0.11075288,0.464016,0.5245077,-0.0012617721,0.504922,0.3654309,-0.022232233,0.52520776,0.25959614,-0.048728626,0.5442984,0.1632669,-0.06849568,0.41753262,0.5169128,-0.018433033,0.45517597,0.36255148,-0.036841754,0.47844896,0.25862116,-0.052762114,0.5007852,0.16638887,-0.06397324,0.36482918,0.54348487,-0.04067159,0.39340523,0.42247415,-0.051280383,0.41284472,0.3398114,-0.051551003,0.43386555,0.26110002,-0.051680632,2
0.36588243,0.9476708,3.389196e-07,0.4509201,0.8948955,-0.03118292,0.5283875,0.78903186,-0.04707547,0.5862053,0.6983456,-0.065844096,0.5962921,0.58958715,-0.0809412,0.5017103,0.5693398,0.0060723643,0.54407406,0.46817803,-0.042729586,0.5548798,0.525691,-0.08768536,0.5535251,0.5989173,-0.10911888,0.46083227,0.5198767,0.00026859256,0.5003789,0.36111894,-0.019875607,0.5209729,0.25470468,-0.045465004,0.54033524,0.15869746,-0.06450962,0.41431952,0.5123455,-0.016324235,0.4505896,0.35808334,-0.034428995,0.47307473,0.25303698,-0.04994927,0.49478272,0.16013533,-0.06068873,0.36171874,0.53943825,-0.038166076,0.3898351,0.41815597,-0.048723884,0.4083756,0.3354585,-0.048929673,0.42846623,0.25620475,-0.048857708,2
0.36633193,0.9427831,3.4147195e-07,0.4524966,0.88641375,-0.028863441,0.52935106,0.7853155,-0.04410735,0.58531916,0.6975006,-0.06277049,0.59424627,0.58897746,-0.07820345,0.49763465,0.56161904,0.007723552,0.5383489,0.4616267,-0.039016962,0.55057776,0.5129029,-0.08221254,0.5515114,0.58031017,-0.10329466,0.45771435,0.51552314,0.0003110677,0.49621052,0.3545368,-0.019962793,0.515575,0.2474775,-0.045437403,0.5339743,0.15328568,-0.06450548,0.4117445,0.50969243,-0.017544746,0.44693762,0.3525965,-0.036102008,0.4685581,0.24671385,-0.05214319,0.4901225,0.15392643,-0.06336019,0.35916698,0.53812593,-0.040358085,0.38596773,0.41599262,-0.051784422,0.4041612,0.33160976,-0.052925505,0.42416763,0.25094527,-0.053708777,2
0.3666628,0.9478804,3.2966702e-07,0.4538131,0.8872155,-0.02928922,0.5312034,0.7825044,-0.044625644,0.58742356,0.69238687,-0.06344026,0.5950984,0.5834169,-0.07865121,0.4957562,0.562933,0.008387721,0.53444654,0.4615249,-0.040940616,0.5482182,0.523409,-0.08630517,0.5515788,0.5989846,-0.108221255,0.4554816,0.51680684,0.0011798912,0.49222213,0.3565908,-0.020766582,0.5121522,0.248683,-0.048050627,0.5322426,0.14987046,-0.06827336,0.4096369,0.51165235,-0.016733808,0.44395095,0.35487637,-0.03679453,0.46624577,0.24806505,-0.053391103,0.48868564,0.15417975,-0.06447149,0.3576644,0.5405796,-0.03967656,0.3848273,0.41739365,-0.051272783,0.403132,0.33172685,-0.052089944,0.42335412,0.2501955,-0.05243021,2
0.36602473,0.94288874,3.35167e-07,0.45268887,0.8864581,-0.029419728,0.52979296,0.7817859,-0.04463635,0.58723146,0.69122934,-0.06323246,0.5963652,0.581439,-0.07845926,0.49647355,0.5637549,0.008992237,0.5352684,0.46129072,-0.040326454,0.5467641,0.52008307,-0.086636156,0.547222,0.5943604,-0.10925415,0.4559702,0.51584744,0.0022491629,0.49325442,0.35606796,-0.01925293,0.5127577,0.24777281,-0.047383077,0.53154254,0.15037379,-0.068549074,0.4097718,0.5091423,-0.015192741,0.44422412,0.35272422,-0.034571506,0.46647882,0.24644268,-0.052061934,0.48894116,0.15303105,-0.06421566,0.3577398,0.53583634,-0.037630327,0.38455346,0.41392434,-0.048670772,0.4031029,0.32937464,-0.049807455,0.4240781,0.24882528,-0.050746683,2
0.36668426,0.9447045,3.2706916e-07,0.45376825,0.8850709,-0.029556625,0.53161263,0.78101563,-0.044895876,0.587533,0.69087356,-0.06341358,0.5963604,0.5810017,-0.07823202,0.4958033,0.56379503,0.008128222,0.53397304,0.46166277,-0.041182056,0.54570824,0.52293074,-0.08683835,0.54672384,0.598977,-0.10893375,0.45538455,0.51673025,0.0015516271,0.4920075,0.3571779,-0.020253638,0.51204425,0.24980447,-0.04794339,0.53161407,0.15358028,-0.06862198,0.40961927,0.51036,-0.015673695,0.44324327,0.35388753,-0.035496823,0.46547222,0.24819165,-0.052417528,0.4877567,0.15591282,-0.06387768,0.3583869,0.5380284,-0.037880078,0.38528177,0.41603482,-0.049343698,0.40332165,0.33118773,-0.05034544,0.42312092,0.2500847,-0.05091127,2
0.367127,0.9409051,3.5132058e-07,0.45445627,0.883423,-0.030464105,0.5307703,0.7795275,-0.046636496,0.5863584,0.68857926,-0.06622269,0.59661394,0.57709086,-0.08216594,0.49518627,0.5625089,0.008118421,0.53538376,0.4592911,-0.043161962,0.5482983,0.5208701,-0.090261996,0.5493637,0.5987522,-0.11275539,0.4551087,0.5155851,0.0016253061,0.4935124,0.3561921,-0.020853037,0.51299405,0.24726945,-0.048988707,0.5313897,0.14852384,-0.06977406,0.40951627,0.5096151,-0.0158605,0.44421387,0.353596,-0.03602506,0.4658023,0.24760714,-0.053012844,0.48727006,0.15407676,-0.06439735,0.3579802,0.5370403,-0.038465712,0.3854537,0.41642332,-0.0500042,0.40390894,0.3324905,-0.05094974,0.42406836,0.25235745,-0.05134547,2
0.3675731,0.93740183,3.4539727e-07,0.45558694,0.8791644,-0.027017124,0.5318805,0.7783686,-0.041611664,0.5874726,0.68865395,-0.06017392,0.59585893,0.5791683,-0.075409,0.49799708,0.56093854,0.01092864,0.53873557,0.45619386,-0.036411982,0.5497087,0.50887454,-0.08032461,0.5479757,0.58041066,-0.101232424,0.45798373,0.5132696,0.003282007,0.49681488,0.3526784,-0.016839866,0.51474947,0.24521685,-0.043225612,0.5314663,0.1497465,-0.06282987,0.41213268,0.5063097,-0.014766183,0.4472207,0.3513491,-0.032536156,0.46922678,0.24633953,-0.048864868,0.4910878,0.1550121,-0.0603001,0.3594756,0.5319315,-0.037618335,0.38664323,0.41148812,-0.047772042,0.40530846,0.32813627,-0.04830792,0.42646262,0.24957177,-0.0487049,2
0.36958325,0.9382455,3.3442328e-07,0.45679298,0.8776203,-0.026682898,0.5320625,0.7765111,-0.041073065,0.5877673,0.68753076,-0.05926664,0.5989219,0.5786066,-0.07411749,0.49850363,0.5610675,0.0101458,0.53915364,0.45601308,-0.03700048,0.55013293,0.5105393,-0.080852136,0.5492115,0.58130485,-0.10210148,0.4586485,0.5136336,0.002311296,0.49762416,0.35298008,-0.018309887,0.516303,0.24633765,-0.045440435,0.53383654,0.15103224,-0.06588691,0.41255194,0.50663257,-0.015744777,0.44714493,0.35049376,-0.034119457,0.4687971,0.24559519,-0.05135836,0.49055034,0.15335241,-0.06363561,0.36000067,0.5326561,-0.03843988,0.38731486,0.41150987,-0.049024954,0.4057008,0.32780945,-0.05011623,0.42639336,0.2482037,-0.051182713,2
0.36986858,0.93651986,3.3820453e-07,0.4578197,0.876061,-0.026737101,0.5333468,0.7766792,-0.04107905,0.5889937,0.6875788,-0.059290774,0.5988246,0.5786535,-0.07416231,0.49958566,0.5597707,0.01116523,0.5398937,0.45473242,-0.036075328,0.5503832,0.5079149,-0.08012531,0.5487916,0.5798244,-0.1011672,0.46035406,0.51187646,0.003803913,0.499457,0.35124862,-0.016346946,0.51763904,0.24391916,-0.042675752,0.5350425,0.14957166,-0.06224418,0.4150756,0.5042466,-0.013882034,0.45041865,0.34918216,-0.03146868,0.47243252,0.24448198,-0.04734622,0.4947533,0.15422666,-0.05841862,0.36252058,0.52885216,-0.036339592,0.3891578,0.4078921,-0.045965053,0.40729374,0.32459402,-0.04577479,0.42815223,0.24666306,-0.045637578,2
0.3699414,0.93530464,3.3986325e-07,0.45702845,0.87629557,-0.027445797,0.5328012,0.77766913,-0.04248069,0.58942443,0.68909657,-0.061247863,0.6014377,0.57998174,-0.07663512,0.50066507,0.56035256,0.009615308,0.5423788,0.45428967,-0.038879573,0.5531563,0.51102924,-0.084182255,0.5517308,0.5849435,-0.10601143,0.46095678,0.512009,0.0023714472,0.5008514,0.35105914,-0.018627021,0.5198759,0.24309558,-0.04654485,0.5373534,0.14652994,-0.06747929,0.41517788,0.5044483,-0.015163158,0.45039064,0.34830466,-0.033459198,0.4719273,0.24309528,-0.05075356,0.49315777,0.15092,-0.062986076,0.36297432,0.52995324,-0.037417684,0.390283,0.4089301,-0.047471058,0.40869865,0.3258424,-0.047971,0.42915824,0.24730006,-0.048504338,2
0.3725704,0.9337733,3.4326575e-07,0.45847276,0.87546515,-0.027849518,0.533272,0.77512795,-0.043019183,0.5898061,0.68677837,-0.06171463,0.60202885,0.57796496,-0.07699067,0.50185716,0.55846936,0.007963679,0.5439368,0.45356607,-0.040472288,0.55352205,0.5095184,-0.08532829,0.55048615,0.58204526,-0.10681383,0.46232626,0.5101818,0.000938051,0.5027603,0.3496588,-0.020028649,0.52157736,0.2417177,-0.047031373,0.53839403,0.14638379,-0.067146264,0.41645145,0.5025536,-0.01635559,0.45200545,0.34669194,-0.034562744,0.47310162,0.24136841,-0.051046897,0.49389505,0.14920333,-0.06261698,0.36402142,0.5280843,-0.038421337,0.391686,0.40739363,-0.04854115,0.41008362,0.3243303,-0.04868344,0.430501,0.24564964,-0.04883633,2
0.3709868,0.9377355,3.322001e-07,0.45783895,0.8770716,-0.028004935,0.5338748,0.7791062,-0.0436164,0.5902396,0.6912385,-0.06295466,0.6026097,0.5817338,-0.078667395,0.5020678,0.5606368,0.01056854,0.5432539,0.45576063,-0.038852733,0.5528841,0.5144422,-0.08491206,0.551256,0.5893411,-0.10689826,0.4623457,0.5125892,0.0033287336,0.5020599,0.351126,-0.01791044,0.52001655,0.2427381,-0.045069996,0.5367777,0.14776975,-0.065019384,0.41647106,0.5044869,-0.014538667,0.45289722,0.35002625,-0.032801703,0.47425976,0.24457717,-0.048521057,0.49522227,0.15266982,-0.059206944,0.36431342,0.52907175,-0.037352845,0.39191058,0.40869159,-0.04707802,0.40990496,0.3243606,-0.04637651,0.429639,0.24431804,-0.045605976,2
0.3728795,0.9370375,3.3940336e-07,0.45880342,0.87679076,-0.02790043,0.53374785,0.77817684,-0.043481827,0.5899654,0.69056475,-0.06268092,0.60210806,0.5811387,-0.07871714,0.5022067,0.56099033,0.008454693,0.54395276,0.4575107,-0.040603615,0.5532171,0.51088893,-0.08644783,0.5500132,0.5803496,-0.108829096,0.46255097,0.51359266,0.0010345759,0.5022727,0.35236293,-0.020940725,0.5211923,0.24380532,-0.049127493,0.5382195,0.14813083,-0.07017058,0.41674167,0.5061273,-0.01671889,0.45245188,0.35009307,-0.03598058,0.473868,0.24383819,-0.053421378,0.49479157,0.1503413,-0.065625906,0.36468416,0.531318,-0.039221648,0.3922906,0.41019547,-0.05027938,0.4104558,0.3256835,-0.051194724,0.4304213,0.24466753,-0.051936824,2
0.3725732,0.93693376,3.304405e-07,0.4578377,0.8785205,-0.02827812,0.53333867,0.77850056,-0.043828674,0.58995456,0.69179314,-0.06297746,0.6013333,0.5834908,-0.07875902,0.50240886,0.5604628,0.008590733,0.54382086,0.45761368,-0.04075202,0.5538953,0.5156044,-0.08675789,0.5529368,0.5889705,-0.10909127,0.46287906,0.51358473,0.0011534372,0.5023375,0.35295612,-0.020742219,0.52026004,0.24416056,-0.048616555,0.5371921,0.14838472,-0.06929382,0.41694713,0.5070093,-0.016773317,0.4535628,0.3515027,-0.035895623,0.4750573,0.24519113,-0.052898638,0.49646816,0.15189403,-0.06466002,0.3645118,0.533071,-0.0395556,0.39201483,0.41244066,-0.050290532,0.4101051,0.3275548,-0.05084469,0.43035668,0.24621716,-0.05122471,2
0.37326044,0.9379474,3.4205837e-07,0.4581927,0.87958574,-0.028613739,0.53399193,0.7794295,-0.044427257,0.5915321,0.69193614,-0.063878015,0.6020188,0.5833821,-0.07995349,0.5036163,0.56264627,0.008601512,0.5455754,0.4572134,-0.0408422,0.5557343,0.5129306,-0.08679285,0.5548995,0.58595955,-0.10891799,0.46368352,0.5151655,0.0015670634,0.50339574,0.3539863,-0.020091658,0.5211677,0.2454941,-0.047639325,0.53817374,0.14918736,-0.06793885,0.41764563,0.5078167,-0.01601218,0.45400247,0.3534444,-0.034744713,0.475273,0.24719512,-0.051382672,0.4963035,0.15368623,-0.06283199,0.3652106,0.5327754,-0.038528964,0.39282238,0.41264775,-0.048849307,0.41039574,0.3282183,-0.049142007,0.42999506,0.24721286,-0.04928208,2
0.37305698,0.9405331,3.457801e-07,0.45765942,0.8822895,-0.029432505,0.5341397,0.78319174,-0.04565405,0.5919553,0.6959536,-0.06535272,0.60348386,0.58755606,-0.081526496,0.50322396,0.5639435,0.007869188,0.5465264,0.45969093,-0.042403758,0.5579522,0.5166227,-0.08839797,0.5576711,0.5909974,-0.11017839,0.46374688,0.51708955,0.0009321309,0.5045414,0.355074,-0.02138627,0.52199167,0.24635983,-0.048287272,0.53818375,0.15096849,-0.067566074,0.41817468,0.51012987,-0.016772017,0.4555519,0.35410595,-0.036197484,0.4768667,0.24741879,-0.051993385,0.4976152,0.15441874,-0.06232976,0.36562064,0.53573054,-0.039527744,0.39347157,0.4149155,-0.05049477,0.4111784,0.32952037,-0.05046909,0.43076128,0.24772629,-0.04989807,2
0.37523445,0.94271487,3.4198106e-07,0.4599495,0.8829608,-0.029277226,0.5346797,0.7837967,-0.04571006,0.5917959,0.6961634,-0.06590833,0.60400736,0.5867729,-0.082502715,0.5039576,0.56617874,0.008827613,0.5476967,0.45998865,-0.042422354,0.5599607,0.51874775,-0.088901244,0.5602865,0.59618175,-0.11055938,0.4647889,0.5192474,0.001692206,0.50570875,0.3570189,-0.020903401,0.5223389,0.24852374,-0.047753572,0.5375432,0.15371972,-0.06678223,0.41931903,0.5124082,-0.016398214,0.45721412,0.35682553,-0.03578957,0.47847077,0.25025573,-0.050903548,0.49902818,0.1576662,-0.06059798,0.36697167,0.5370948,-0.03962123,0.3945213,0.41607994,-0.05041422,0.41227642,0.33024934,-0.049880974,0.43202966,0.24836642,-0.048745807,2
0.37518853,0.9438149,3.5545943e-07,0.46059826,0.88379884,-0.0290033,0.53523576,0.78459847,-0.04565279,0.59213096,0.6975387,-0.06619956,0.6051305,0.58824587,-0.08305697,0.502397,0.56564647,0.008588635,0.5469824,0.4582582,-0.043215767,0.5617867,0.5188662,-0.08992312,0.56409824,0.5981845,-0.11146862,0.463951,0.51954824,0.0012400316,0.50516254,0.35713828,-0.021233113,0.52310795,0.24821097,-0.04780324,0.5392632,0.1524294,-0.06659927,0.41907784,0.5135678,-0.017093886,0.45688993,0.35753968,-0.036362283,0.47860014,0.25111222,-0.05111359,0.49928513,0.15863451,-0.060452193,0.3672726,0.5392138,-0.040552888,0.39441025,0.41773102,-0.051221408,0.41227922,0.33239487,-0.050418735,0.4319909,0.2514761,-0.048966657,2
0.37423444,0.9440845,3.4639197e-07,0.46000358,0.88432884,-0.02918191,0.53543705,0.7846117,-0.045315523,0.5927425,0.6968101,-0.06521096,0.604681,0.5875596,-0.08131705,0.503632,0.5662348,0.009582471,0.54778963,0.4590674,-0.0418409,0.5606754,0.52010936,-0.08875056,0.56142235,0.5991491,-0.11048848,0.46461672,0.5193794,0.00273361,0.5054574,0.35767934,-0.019563591,0.5230152,0.24889168,-0.046375595,0.5388891,0.15448406,-0.06527207,0.41915986,0.51282847,-0.0151330875,0.45701393,0.35715315,-0.034321602,0.4785154,0.25123134,-0.049206857,0.4992009,0.15973026,-0.058497906,0.36688277,0.53818816,-0.03813607,0.39438915,0.41739976,-0.04865256,0.41209924,0.33240497,-0.047821827,0.43171275,0.25193718,-0.046239067,2
0.37374383,0.9443947,3.334467e-07,0.45960855,0.8854592,-0.029654695,0.5346391,0.786019,-0.045883127,0.59143925,0.69643,-0.06563358,0.6035636,0.5852834,-0.08188915,0.50442344,0.56977487,0.007730266,0.54889274,0.46320266,-0.043025833,0.5607748,0.5211715,-0.08930875,0.56015736,0.5972851,-0.11118861,0.46515578,0.5220704,0.0009344521,0.50585854,0.3601816,-0.02179279,0.5232411,0.25125033,-0.04944701,0.5385364,0.15747297,-0.06940122,0.41929045,0.51473266,-0.016660908,0.45712477,0.35862148,-0.036621254,0.47872198,0.25151408,-0.053312402,0.49925083,0.15906402,-0.06432363,0.36639118,0.53933704,-0.0392112,0.39395463,0.4188478,-0.0508077,0.41203964,0.33349293,-0.05160716,0.43185365,0.25247014,-0.051649,2
0.37427315,0.94369304,3.653205e-07,0.45957917,0.88562703,-0.029119335,0.53489923,0.7854738,-0.045343954,0.59241843,0.6973904,-0.06520663,0.60492253,0.58877325,-0.08174391,0.5027903,0.5674224,0.007956957,0.5471989,0.4616664,-0.04238692,0.5610647,0.51666844,-0.08862713,0.5622051,0.58931684,-0.11069635,0.46349624,0.5211783,0.00081506325,0.50450367,0.35898972,-0.02172612,0.5235846,0.24951181,-0.04960451,0.5406881,0.1533077,-0.06981692,0.4180117,0.51441664,-0.016988724,0.45487997,0.35763335,-0.036719266,0.47678888,0.25047475,-0.053699397,0.49781406,0.15712997,-0.06503952,0.3658766,0.53965914,-0.039729983,0.39373225,0.41854376,-0.050972484,0.4120695,0.33353022,-0.05179457,0.43226233,0.25261354,-0.052052386,2
0.37401056,0.94452506,3.5784834e-07,0.45951346,0.886343,-0.029456995,0.5344586,0.78629243,-0.04587652,0.5917598,0.69740987,-0.06590048,0.6052638,0.58730906,-0.08238822,0.5020298,0.56868166,0.007314659,0.5461101,0.46236622,-0.04352384,0.5602694,0.5209694,-0.089589156,0.5616705,0.59742,-0.11106322,0.4632642,0.52180874,0.00039014424,0.5046387,0.35941967,-0.021665469,0.5232329,0.24920833,-0.048645474,0.5399272,0.15148884,-0.06811305,0.41826305,0.5153111,-0.017257133,0.4561965,0.35875487,-0.036340903,0.4784541,0.2514386,-0.05208065,0.49968907,0.1582574,-0.06242678,0.3662554,0.5403762,-0.039939746,0.3937859,0.41819936,-0.050579637,0.41211835,0.33278963,-0.05032891,0.4323372,0.25237837,-0.049558423,2
0.37480804,0.943954,3.602135e-07,0.46098402,0.885253,-0.029916743,0.5352762,0.7860108,-0.04667574,0.59221363,0.6967624,-0.067068875,0.6051391,0.58568215,-0.08394401,0.5032874,0.5692929,0.007084713,0.5470595,0.46205056,-0.04424068,0.56097394,0.52086943,-0.090543896,0.56256956,0.59837526,-0.112035625,0.46411288,0.5222216,0.0004489564,0.5052622,0.3594466,-0.021840012,0.5235121,0.24934885,-0.048849188,0.54037726,0.15140823,-0.0682833,0.41879812,0.51578766,-0.017005729,0.4565945,0.35964677,-0.036276914,0.47877878,0.25234014,-0.052018616,0.5001745,0.15920708,-0.06228208,0.36658698,0.5408797,-0.03954631,0.393822,0.4186998,-0.050266862,0.41192806,0.3330389,-0.05010187,0.43204916,0.2523868,-0.049359992,2
0.3747009,0.9465381,3.47458e-07,0.45992133,0.887907,-0.02981313,0.5348575,0.7857925,-0.046237126,0.5915875,0.6968989,-0.066198766,0.6057876,0.58659136,-0.08259828,0.50348866,0.5688391,0.007092105,0.54774666,0.46345574,-0.04440831,0.5613798,0.5224297,-0.09102014,0.56265944,0.59907067,-0.11291818,0.46415627,0.52190286,5.6293637e-05,0.5048605,0.36038724,-0.022867605,0.5227681,0.25034162,-0.05052439,0.53894025,0.15371048,-0.07037427,0.41851893,0.515769,-0.01779856,0.45635492,0.35949337,-0.03795699,0.47859138,0.25192782,-0.0542943,0.4998469,0.15839145,-0.06487634,0.36604944,0.54150236,-0.040662944,0.39370105,0.42011535,-0.052398466,0.4120778,0.33408755,-0.052877136,0.43230686,0.2523917,-0.05248678,2
0.37414056,0.94472957,3.6392422e-07,0.45978072,0.88695395,-0.029973019,0.53462815,0.7864843,-0.046854265,0.5920668,0.6977181,-0.06734461,0.60596013,0.5881231,-0.08419038,0.50283694,0.5682123,0.006848997,0.5466572,0.46071553,-0.044744942,0.5609671,0.5216397,-0.09138312,0.56262344,0.6002527,-0.113023125,0.46394843,0.5209054,0.00018004098,0.50528294,0.3581961,-0.022035887,0.52409595,0.24745938,-0.0490516,0.5407345,0.14836565,-0.06849675,0.41892788,0.51469094,-0.017307337,0.4566869,0.35822102,-0.03643495,0.47898093,0.2514027,-0.051792543,0.50016856,0.15818381,-0.061749518,0.36696357,0.5402937,-0.03990534,0.39394608,0.4174435,-0.050367527,0.41200516,0.33225602,-0.049706586,0.4320134,0.25208962,-0.048541676,2
0.37407818,0.94659734,3.5542743e-07,0.4598188,0.88843584,-0.030443491,0.53485787,0.7877026,-0.04752696,0.5915574,0.6989913,-0.0680425,0.6067574,0.5881488,-0.08504689,0.50376344,0.5679101,0.005797405,0.5482563,0.46180168,-0.04584962,0.5614606,0.5216687,-0.092755854,0.56217295,0.5989776,-0.114976674,0.4640915,0.52060455,-0.0010369469,0.505662,0.3586038,-0.024024297,0.52379423,0.24850956,-0.052177086,0.5401848,0.1515714,-0.07263332,0.41803405,0.51471955,-0.018627692,0.4556345,0.35748318,-0.038752593,0.47724298,0.24988225,-0.055678464,0.49817723,0.15626985,-0.06692395,0.36529195,0.5415368,-0.04122932,0.3931767,0.41923094,-0.05279019,0.41192377,0.33365998,-0.05344589,0.43263966,0.25246206,-0.05345134,2
0.37360615,0.94504434,3.6206922e-07,0.45970464,0.8863028,-0.029041668,0.5346355,0.787168,-0.04569459,0.5916801,0.69866455,-0.06625933,0.6061137,0.5882721,-0.08327751,0.50264114,0.5680939,0.008380248,0.5472907,0.46073723,-0.043022636,0.5618285,0.5206134,-0.08956891,0.56350935,0.5986831,-0.11113617,0.4637177,0.52101624,0.0010289781,0.50553703,0.35775194,-0.02105604,0.5242115,0.24700198,-0.047978062,0.54068613,0.14902961,-0.06729888,0.41838047,0.5146935,-0.017164387,0.4565397,0.35787585,-0.036120605,0.47878942,0.250976,-0.051298153,0.5000369,0.15799919,-0.061179236,0.36593434,0.5402798,-0.04042725,0.39290068,0.41773129,-0.05079947,0.41135046,0.332321,-0.049969908,0.43193698,0.2518431,-0.04871073,2
0.37507766,0.9459231,3.642493e-07,0.46030274,0.88679224,-0.029501632,0.5345482,0.7870414,-0.046634514,0.5910467,0.6991442,-0.067599595,0.60690063,0.5892021,-0.08505654,0.50343245,0.5671181,0.0067182393,0.54871094,0.46019158,-0.045496102,0.56389284,0.5207973,-0.09246388,0.5662505,0.59921813,-0.114394255,0.46433187,0.5206325,-0.0007514196,0.5061658,0.35743555,-0.023848958,0.5244494,0.24648008,-0.051436916,0.54084915,0.14730331,-0.07119586,0.41881484,0.51512223,-0.019033154,0.45670804,0.35821402,-0.039046858,0.47866005,0.25059462,-0.05498269,0.49966282,0.15628079,-0.06529579,0.36614794,0.5418191,-0.04233809,0.3930129,0.41937965,-0.05361935,0.41125458,0.3336437,-0.053455275,0.43157256,0.2522317,-0.052649945,2
0.3747195,0.9441086,3.5572046e-07,0.4597918,0.88725936,-0.02994158,0.53516996,0.78653365,-0.046616036,0.59119934,0.6979069,-0.0669241,0.6072073,0.5898726,-0.08352719,0.50450397,0.56629306,0.0071381982,0.54981,0.45748326,-0.044403832,0.5636361,0.5177142,-0.09107881,0.5648971,0.59615636,-0.11280603,0.46508056,0.5191454,0.00033011838,0.5069688,0.3564726,-0.022407195,0.5249319,0.24592412,-0.04956988,0.5406686,0.14944631,-0.0688274,0.41931272,0.5130415,-0.017339114,0.4574579,0.35755837,-0.036902007,0.47931737,0.25126275,-0.052354615,0.5002796,0.15865156,-0.06219362,0.36651328,0.539054,-0.04011381,0.39349723,0.4174297,-0.051041402,0.41147918,0.3325752,-0.05055215,0.4316185,0.2518997,-0.049371623,2
0.3752433,0.9443823,3.5516499e-07,0.4604109,0.88458,-0.02900013,0.53498596,0.78588915,-0.0462814,0.5915341,0.69957715,-0.06741065,0.6077699,0.5914242,-0.085018314,0.50431675,0.56530523,0.0057855556,0.54943806,0.45734826,-0.046830308,0.56338525,0.520457,-0.09418988,0.56446916,0.60025287,-0.11638552,0.46492544,0.51921254,-0.001990387,0.50684875,0.35545385,-0.025541484,0.5252543,0.2439881,-0.053741105,0.54139805,0.14409292,-0.07407051,0.41909114,0.5142517,-0.0203917,0.4569293,0.35717395,-0.040487822,0.47856942,0.24959269,-0.05682073,0.49924126,0.15471876,-0.0675743,0.3662321,0.5416732,-0.043730654,0.3934466,0.41947913,-0.054841325,0.41175005,0.33363792,-0.054665763,0.43189988,0.2517461,-0.053999584,2
0.37566644,0.94399756,3.5836328e-07,0.4608306,0.8840499,-0.029395346,0.53515553,0.785509,-0.046596427,0.5912088,0.6982186,-0.067581296,0.6082747,0.5898264,-0.0850489,0.50517094,0.5641458,0.0071652746,0.5499244,0.4576561,-0.044907734,0.5624546,0.5197092,-0.092331715,0.5624645,0.59880584,-0.11464519,0.46555263,0.5174794,-0.00019703386,0.5073359,0.3544754,-0.023161206,0.5255792,0.24361867,-0.051073153,0.54189265,0.14561585,-0.07118653,0.41937697,0.51204085,-0.018346319,0.45763382,0.35581103,-0.038019802,0.47956276,0.24882609,-0.054180373,0.5008631,0.1550211,-0.06482506,0.36606058,0.53928816,-0.041507564,0.39310625,0.41723013,-0.052346487,0.4117008,0.33185893,-0.051956303,0.43254772,0.25067762,-0.051120497,2
0.37704688,0.9433044,3.5163634e-07,0.46137077,0.8829807,-0.028330464,0.53557104,0.7838434,-0.044812445,0.5922247,0.6984158,-0.06524093,0.60857373,0.5922877,-0.08219837,0.5042694,0.56216407,0.007964979,0.5492286,0.45805883,-0.04294988,0.5617218,0.51841533,-0.08930228,0.5615185,0.59458464,-0.11129546,0.46520978,0.51635754,-9.122512e-05,0.5068764,0.35316047,-0.02296473,0.52500325,0.24297568,-0.05038566,0.54098433,0.14575467,-0.070151605,0.41926765,0.5111457,-0.018817212,0.45732245,0.3537844,-0.03880415,0.47879985,0.24793464,-0.054804076,0.4995315,0.15499008,-0.06529284,0.36631957,0.5385348,-0.042437542,0.3934454,0.41694605,-0.05374086,0.4118651,0.33184016,-0.053601198,0.43214485,0.25031367,-0.052978132,2
0.37738103,0.9416571,3.3882682e-07,0.46137172,0.8839803,-0.02913243,0.53588784,0.78368735,-0.045775287,0.5921055,0.6971606,-0.066064954,0.60884136,0.5909969,-0.082649596,0.50595677,0.5604329,0.0065001342,0.5521275,0.455834,-0.044576973,0.5628441,0.518083,-0.09105952,0.56034327,0.59624916,-0.11294446,0.46684408,0.5136629,-0.0009217502,0.5093295,0.35017124,-0.023404337,0.52631193,0.23969752,-0.05033068,0.5405289,0.14461368,-0.06959476,0.42090085,0.5084895,-0.018995479,0.45896757,0.35194543,-0.038378257,0.48013392,0.24628073,-0.053787377,0.50028276,0.15442774,-0.06378729,0.36784574,0.5366656,-0.042038325,0.39522114,0.41580498,-0.052950267,0.41303098,0.33086574,-0.052289415,0.43234873,0.24959546,-0.051108155,2
0.37903103,0.9439374,3.313678e-07,0.46419895,0.8807208,-0.028808992,0.53777647,0.7815578,-0.045683373,0.59281063,0.69494337,-0.06640573,0.60852987,0.58563465,-0.08319739,0.50507283,0.56058073,0.0077192737,0.5494909,0.45595837,-0.043942366,0.5625157,0.52177477,-0.090103,0.5629226,0.60247153,-0.111607954,0.4660474,0.514789,-0.00016359778,0.50683075,0.35218215,-0.023155816,0.5254703,0.24431145,-0.050013885,0.5425128,0.14896983,-0.06933274,0.4200705,0.51009977,-0.018937752,0.4578183,0.35405248,-0.039170533,0.4800492,0.24935377,-0.054647453,0.5014194,0.15757555,-0.064651,0.3674347,0.5386266,-0.042684067,0.39409304,0.41802776,-0.054292366,0.41217387,0.33250296,-0.05414714,0.43174708,0.25053957,-0.053353928,2
0.3771394,0.9403138,3.416161e-07,0.46200907,0.88254493,-0.030361932,0.53649884,0.78239644,-0.047381762,0.5918425,0.6931676,-0.06770639,0.60889053,0.58572996,-0.08418596,0.50606126,0.5630736,0.005296203,0.5527396,0.45786124,-0.04586668,0.5637528,0.5220079,-0.092200875,0.56121063,0.60097325,-0.113880455,0.46715456,0.5152162,-0.0014159539,0.5106103,0.35121053,-0.024042726,0.52780867,0.24033913,-0.05128064,0.5420508,0.14284372,-0.0708521,0.42143163,0.50908864,-0.018795816,0.45977294,0.35218692,-0.03840581,0.480682,0.2463572,-0.054429546,0.50049376,0.15340069,-0.06492512,0.36837494,0.53625596,-0.041154362,0.3957223,0.414254,-0.05176809,0.41356802,0.33053532,-0.050956402,0.43268958,0.25048503,-0.049861457,2
0.37811476,0.9425202,3.2836505e-07,0.46287528,0.8803928,-0.028836345,0.5361967,0.78247,-0.045720357,0.5915721,0.6953917,-0.06629002,0.6077106,0.58666366,-0.08299542,0.50507873,0.56179416,0.0065165604,0.54921144,0.45705578,-0.04473443,0.5625721,0.52345216,-0.09037797,0.562526,0.604225,-0.111567505,0.46643555,0.5158018,-0.0011468802,0.5071978,0.3521724,-0.023891816,0.5260945,0.24386555,-0.05067569,0.5427493,0.145679,-0.07006432,0.4208367,0.5112608,-0.019454638,0.458474,0.3544672,-0.039540187,0.48044485,0.2490296,-0.055051845,0.5011323,0.15569541,-0.06516805,0.36823967,0.5393921,-0.04263253,0.39461088,0.41740406,-0.054085195,0.41288427,0.33218554,-0.05376225,0.43268988,0.25057372,-0.052919082,2
0.37829667,0.9397166,3.3307816e-07,0.463164,0.8793992,-0.028609877,0.53710157,0.77979624,-0.04515178,0.59212315,0.6932344,-0.065380655,0.60796344,0.58707786,-0.08194831,0.5066554,0.5611121,0.0061719827,0.55209833,0.45534575,-0.045074366,0.5632577,0.5187866,-0.09130524,0.56139636,0.59841514,-0.11297585,0.46733078,0.5146906,-0.0015651528,0.50940543,0.35091534,-0.024472436,0.5265446,0.24122632,-0.051763583,0.54140645,0.14675575,-0.071403734,0.42109987,0.50935084,-0.019862017,0.4594574,0.35233563,-0.039717685,0.48099437,0.24686402,-0.05579933,0.5018059,0.15537855,-0.06637903,0.36766732,0.53706014,-0.042989485,0.39474058,0.4157781,-0.0541134,0.4128837,0.3308941,-0.05385704,0.43278775,0.24991325,-0.0531558,2
0.37843716,0.9394549,3.269061e-07,0.46424848,0.8769506,-0.028450519,0.53766274,0.779138,-0.044750847,0.5920563,0.69307363,-0.06479198,0.60871506,0.58558047,-0.08122532,0.5046669,0.5611087,0.0073680105,0.54786736,0.45785546,-0.043365054,0.560921,0.52099776,-0.0893733,0.5619328,0.5976514,-0.11139754,0.46597683,0.51530886,-0.0006989222,0.50601137,0.3526506,-0.024029827,0.5247058,0.2438657,-0.052098688,0.5417191,0.14777201,-0.0726712,0.4203333,0.5102935,-0.019346297,0.4576529,0.3535081,-0.040120598,0.4795836,0.24844354,-0.057154592,0.50094676,0.1562382,-0.06851014,0.36778083,0.53799707,-0.042772084,0.3941421,0.4171402,-0.0548067,0.4125788,0.33168933,-0.055641197,0.43267903,0.24961525,-0.055910405,2
0.37810197,0.93790054,3.472233e-07,0.46353078,0.87710047,-0.028551795,0.5375082,0.7770832,-0.044748805,0.5922963,0.6904851,-0.064655274,0.6071506,0.58513415,-0.08100052,0.50454664,0.560007,0.007504403,0.5484511,0.45572668,-0.042887133,0.56096345,0.51736647,-0.08911557,0.5608633,0.5939916,-0.111215845,0.4655323,0.5146278,-0.00013885509,0.50706095,0.35190025,-0.022873323,0.5251715,0.24216238,-0.05077802,0.5411818,0.14628467,-0.07112313,0.41996494,0.50944376,-0.018353956,0.45759967,0.35236445,-0.038203802,0.47907883,0.24706954,-0.05506383,0.499955,0.15571168,-0.06632971,0.3673879,0.5367821,-0.0414013,0.3946244,0.4156282,-0.052437823,0.41272277,0.3311387,-0.0527465,0.43245286,0.25063676,-0.0526895,2
0.3774972,0.937255,3.4262334e-07,0.46262196,0.8771831,-0.028831506,0.5362847,0.7781348,-0.04519131,0.5906147,0.691358,-0.06506981,0.6072691,0.585639,-0.08139742,0.504477,0.56047314,0.006368016,0.5489966,0.45634693,-0.04363844,0.5605167,0.5165219,-0.08955764,0.55937713,0.5909557,-0.11173415,0.4654937,0.51426905,-0.0011410923,0.5078397,0.35186344,-0.023917487,0.5259112,0.24202526,-0.05190961,0.541732,0.14599067,-0.07247117,0.4198953,0.50838774,-0.019059578,0.45783713,0.35156658,-0.039041843,0.4790582,0.2467165,-0.056067634,0.4995845,0.15549865,-0.0675786,0.3671549,0.53573924,-0.041757885,0.39475435,0.41511852,-0.053079452,0.41308963,0.33077776,-0.05355677,0.43276742,0.25017944,-0.053692672,2
0.3782969,0.9360297,3.3744055e-07,0.4632033,0.87438595,-0.02754148,0.536715,0.7746849,-0.043238726,0.5912062,0.6887732,-0.0626895,0.60623175,0.58378917,-0.07874063,0.5041229,0.5584153,0.0075223106,0.5483215,0.45544696,-0.041658476,0.55949515,0.5158369,-0.087122984,0.5579479,0.5898702,-0.10919024,0.46534714,0.51309085,-0.00066849944,0.5072602,0.3501462,-0.023246039,0.52556235,0.24052283,-0.05141841,0.54146445,0.14418876,-0.07219616,0.41985604,0.5077466,-0.019110365,0.45763114,0.35110733,-0.039038975,0.47909984,0.24628839,-0.05644625,0.49977133,0.15433362,-0.06831633,0.36743164,0.53515244,-0.042193096,0.3948325,0.4138583,-0.053444233,0.4129128,0.32941663,-0.053997476,0.4324555,0.24845645,-0.0543539,2
0.37757033,0.93825364,3.341987e-07,0.4638064,0.87456983,-0.027007012,0.5374809,0.77578205,-0.042745475,0.5912969,0.69006324,-0.062305145,0.6064079,0.5834737,-0.07820875,0.5025436,0.557832,0.008072518,0.54685616,0.45508498,-0.041200567,0.55853295,0.51907074,-0.08644828,0.55762243,0.59471786,-0.10825126,0.46399766,0.51270807,-0.0005432379,0.50587183,0.35080403,-0.022920735,0.52501,0.24159488,-0.05073915,0.54217505,0.14462978,-0.07134875,0.41849303,0.50740176,-0.019454146,0.45643792,0.35070276,-0.03929711,0.47849342,0.24622837,-0.056568578,0.4998486,0.15446669,-0.0683753,0.3662449,0.5350309,-0.0429683,0.39358476,0.41410387,-0.054142907,0.41213104,0.32958865,-0.054652266,0.43219736,0.24868211,-0.054969236,2
0.37758273,0.93566024,3.342712e-07,0.46303037,0.87480515,-0.028194327,0.53640085,0.7742883,-0.044232402,0.59024084,0.68724465,-0.063933894,0.6062479,0.58142173,-0.08004212,0.5039343,0.55666965,0.006806492,0.54800385,0.45167512,-0.042571016,0.56038904,0.51457006,-0.087711275,0.55988634,0.59115714,-0.109376594,0.46510193,0.5115695,-0.0012186811,0.50641924,0.34778383,-0.023711702,0.5239459,0.23777634,-0.051460676,0.5390134,0.14037803,-0.071867645,0.41947353,0.5069566,-0.019600386,0.45705158,0.3490088,-0.03954329,0.47824082,0.24289447,-0.05677597,0.49859533,0.14960662,-0.0684932,0.3666059,0.5354915,-0.042675078,0.39335585,0.4138868,-0.054024108,0.4116288,0.32920757,-0.054626524,0.43140197,0.24768618,-0.054956388,2
0.3771128,0.93950844,3.2788518e-07,0.46276626,0.87455297,-0.026701896,0.5366301,0.7744721,-0.0415245,0.5909982,0.6875885,-0.06014089,0.6068301,0.58149046,-0.07512546,0.50196314,0.5568042,0.009934136,0.5450596,0.45412138,-0.037684765,0.5565703,0.5151111,-0.0818631,0.5556945,0.5882763,-0.103382014,0.46326816,0.51189744,0.0015037853,0.50345075,0.3496073,-0.02032989,0.5228254,0.24105123,-0.04804229,0.54033446,0.14436114,-0.06876321,0.41776717,0.50706816,-0.017226908,0.454996,0.35130048,-0.03701586,0.47755477,0.24694541,-0.054712363,0.49932495,0.15471482,-0.06695835,0.36550835,0.5349571,-0.040522147,0.39253688,0.41468722,-0.052063607,0.41099995,0.33031514,-0.053250656,0.43099537,0.24863836,-0.054198217,2
0.37723714,0.9312253,3.3256464e-07,0.46230015,0.87307084,-0.028602052,0.53644335,0.7703593,-0.044054274,0.59130925,0.68299544,-0.06320828,0.6050413,0.5771864,-0.07881539,0.5044281,0.55325973,0.008206645,0.5484978,0.448386,-0.041195266,0.5589169,0.50983596,-0.08708588,0.5565679,0.58591044,-0.109227456,0.46535516,0.5081162,0.00070554175,0.5067225,0.3457353,-0.021442857,0.52393156,0.23602718,-0.049296815,0.5384404,0.13994277,-0.069718614,0.41967413,0.5033954,-0.01737878,0.45695153,0.34752804,-0.036827207,0.477422,0.24184921,-0.0538377,0.49704415,0.14868924,-0.06538698,0.36696434,0.5318791,-0.040323675,0.39401263,0.41160905,-0.051206514,0.41147754,0.32811844,-0.05146137,0.43029982,0.24735704,-0.051541384,2
0.37669945,0.93808204,3.285159e-07,0.46275753,0.87394893,-0.026857406,0.5368146,0.77264494,-0.041638758,0.59095,0.6859058,-0.06016279,0.6066615,0.5791643,-0.07494007,0.5008435,0.5548534,0.009543966,0.54440105,0.45231402,-0.039101265,0.55752224,0.5151398,-0.08366907,0.557488,0.5906529,-0.10502295,0.4626793,0.5106128,0.0011427532,0.5033265,0.34909636,-0.020936165,0.52282554,0.24042547,-0.04848013,0.5399016,0.14429367,-0.068892404,0.41746077,0.50598186,-0.017647944,0.4550104,0.35038626,-0.03731964,0.47695437,0.24599627,-0.05409684,0.4977668,0.1540665,-0.0655624,0.3649797,0.53362155,-0.041088738,0.39183816,0.41361833,-0.052336503,0.41042084,0.32950494,-0.052788723,0.4305824,0.24866903,-0.05301525,2
0.37664548,0.93005514,3.2455978e-07,0.462304,0.87262774,-0.027395315,0.53616863,0.76972353,-0.0413548,0.59035856,0.68096817,-0.05893711,0.6040767,0.5767226,-0.07333017,0.5043626,0.5530969,0.009350963,0.54723215,0.45073497,-0.036965616,0.5568018,0.5017169,-0.08055954,0.5539965,0.5696643,-0.10202354,0.46511278,0.507515,0.0018722008,0.50554097,0.34429517,-0.019154027,0.5227618,0.23533288,-0.04614862,0.5374614,0.14267832,-0.06612508,0.41988367,0.5019554,-0.01577722,0.4569326,0.3445726,-0.034744162,0.47827193,0.23985669,-0.051964104,0.49861094,0.149382,-0.063847154,0.3675088,0.5296451,-0.0380646,0.39445746,0.4093937,-0.049291294,0.41191027,0.32584038,-0.050334007,0.43078274,0.24582943,-0.05109016,2
0.37782687,0.9355737,3.1955082e-07,0.46249893,0.87388235,-0.0278932,0.53672683,0.7729156,-0.043088812,0.5912518,0.68614393,-0.06169885,0.6062425,0.5791153,-0.076700084,0.5032583,0.5536711,0.007220347,0.5460034,0.45172545,-0.04082889,0.5570312,0.51205677,-0.084844604,0.555436,0.58504564,-0.10624809,0.46453133,0.5090159,-0.000731583,0.5055487,0.34740144,-0.02297301,0.5240258,0.23951447,-0.050669566,0.5402866,0.14413643,-0.07134159,0.4186926,0.50451034,-0.018908527,0.4560023,0.3491606,-0.03885496,0.47749943,0.24566889,-0.056436848,0.49813533,0.15437523,-0.068657026,0.36570525,0.5327783,-0.0417003,0.39300576,0.4132614,-0.053436406,0.41145265,0.32963896,-0.054733053,0.43133855,0.2488648,-0.055776983,2
0.37515453,0.93158567,3.116105e-07,0.46061584,0.8746116,-0.028795332,0.5363994,0.7724198,-0.043801203,0.59131473,0.68407226,-0.06211719,0.60536003,0.5785414,-0.076802194,0.5049383,0.55518866,0.0074921874,0.5503607,0.44973356,-0.041075274,0.5582938,0.5085838,-0.08643303,0.55324346,0.5814224,-0.10860157,0.46538886,0.50845265,0.00042401685,0.5070798,0.34534708,-0.021844989,0.52393436,0.23599792,-0.050306335,0.53824747,0.14064097,-0.071421295,0.4192292,0.5028789,-0.016997134,0.45746517,0.34663233,-0.036616907,0.47800675,0.24152642,-0.0547549,0.49761984,0.14889145,-0.067383066,0.36619848,0.53076124,-0.03913546,0.39415064,0.41130912,-0.05042185,0.4118666,0.32757542,-0.051700573,0.4308909,0.24633235,-0.052769393,2
0.37675914,0.93391204,3.3390458e-07,0.46219558,0.8713882,-0.026807355,0.5360171,0.77319425,-0.041873854,0.59036577,0.6870233,-0.06083567,0.6059242,0.57994676,-0.07624574,0.50252867,0.55314726,0.010307707,0.5467138,0.4517595,-0.038125087,0.5589274,0.510732,-0.0828532,0.55831,0.5837067,-0.10440068,0.46428218,0.50803083,0.0020842666,0.5054919,0.34731543,-0.019695522,0.524788,0.24000245,-0.04685323,0.54191095,0.14530817,-0.066893466,0.41906255,0.50252056,-0.016567636,0.45648485,0.3486324,-0.03593016,0.4786362,0.24509373,-0.05244773,0.49989653,0.15367207,-0.063721776,0.36679125,0.52959734,-0.03989829,0.39327836,0.41066277,-0.051023196,0.41154763,0.32735977,-0.051388644,0.43167433,0.24695587,-0.051517908,2
0.37493202,0.9297289,3.1833932e-07,0.4598776,0.873911,-0.027859049,0.535399,0.77061576,-0.042201366,0.5905689,0.6812873,-0.059967794,0.6053072,0.5760498,-0.07427595,0.503819,0.5535811,0.007963252,0.54991245,0.44913584,-0.039498705,0.5596806,0.50493914,-0.08375904,0.5554043,0.57590973,-0.105263844,0.46501583,0.5069222,0.0006118426,0.50723976,0.34373584,-0.020985851,0.52501667,0.23427013,-0.04853024,0.5394207,0.1401904,-0.06883838,0.41967583,0.5009097,-0.016941665,0.45779234,0.34509495,-0.036099013,0.4789021,0.2405386,-0.053516135,0.49848488,0.14920688,-0.06555667,0.36730987,0.52801573,-0.03912637,0.3947561,0.40777534,-0.050173476,0.41241243,0.3246731,-0.050959934,0.43138468,0.24451086,-0.05159256,2
0.37710556,0.9350841,3.3328678e-07,0.46263298,0.87125486,-0.026631739,0.5361186,0.77129245,-0.041827466,0.5907842,0.68501484,-0.0609347,0.60587156,0.5772064,-0.07645319,0.5010807,0.55363035,0.009468435,0.54498947,0.45034242,-0.03970563,0.55874294,0.5107577,-0.08471422,0.55943525,0.58526105,-0.10632265,0.4632957,0.50906885,0.0010124925,0.50459695,0.34768406,-0.021436509,0.52492404,0.23959816,-0.049054,0.54284817,0.14409086,-0.0694398,0.41839746,0.5036517,-0.017852733,0.4562134,0.34892207,-0.037699465,0.4788625,0.2449846,-0.054497924,0.50024056,0.15333167,-0.06596055,0.3665244,0.53032684,-0.04135319,0.39343157,0.411102,-0.05274312,0.4116119,0.3273215,-0.053291436,0.43124643,0.24669397,-0.053587142,2
0.37662473,0.9281262,3.1996487e-07,0.46213824,0.8709372,-0.02751376,0.53659153,0.7685878,-0.042010345,0.59039783,0.68052167,-0.060130432,0.6046696,0.57578117,-0.0749899,0.50513977,0.5515051,0.0081503885,0.5496227,0.44964027,-0.03959034,0.55828875,0.5021017,-0.08428136,0.5534786,0.5707338,-0.10624743,0.46583465,0.5056708,0.00048044324,0.5067579,0.3429876,-0.02156477,0.52416486,0.23364812,-0.049377404,0.5384751,0.14058265,-0.06987206,0.42043537,0.5002584,-0.01736217,0.45828003,0.34360546,-0.037215196,0.47952348,0.23959184,-0.0548523,0.499174,0.14902088,-0.06693231,0.36827517,0.528572,-0.039772574,0.3956198,0.40934408,-0.051716454,0.41310906,0.3262152,-0.052994877,0.4315464,0.24593195,-0.053819995,2
0.37790468,0.9339864,3.2675044e-07,0.463314,0.86979485,-0.026267782,0.5375052,0.7709482,-0.041045435,0.59169614,0.68563324,-0.05966337,0.60632217,0.57917035,-0.074704625,0.5021488,0.553031,0.009922013,0.545177,0.45102644,-0.038332716,0.557652,0.5108625,-0.08297172,0.557656,0.5836744,-0.10466745,0.46412924,0.5088161,0.0012856738,0.5048228,0.34727204,-0.020998111,0.5246743,0.23852488,-0.048862226,0.5422783,0.14328933,-0.06953484,0.4190626,0.5036096,-0.017627554,0.45638275,0.3484404,-0.03747298,0.4787256,0.24457347,-0.054757107,0.5000833,0.15330577,-0.06662534,0.36707968,0.53064394,-0.041100767,0.39395714,0.41142547,-0.05255701,0.41213226,0.32741857,-0.053463418,0.43192878,0.24625212,-0.054118123,2
0.3768875,0.92886215,3.2146352e-07,0.46186572,0.8724265,-0.0280264,0.53653735,0.77034354,-0.042939067,0.59106034,0.6820626,-0.06144318,0.60544276,0.57598406,-0.0762904,0.5041428,0.55246824,0.008214788,0.549659,0.4478578,-0.040602304,0.56152546,0.50883675,-0.08569851,0.5599526,0.584017,-0.10734742,0.46608338,0.5067224,0.0005773778,0.5077545,0.34382257,-0.021558333,0.5249215,0.23440588,-0.0491217,0.53911704,0.13953695,-0.06921609,0.4210299,0.5012015,-0.017473796,0.45893323,0.34605783,-0.03700125,0.479927,0.2418899,-0.053812303,0.49968994,0.15038913,-0.065113075,0.36851722,0.5284648,-0.040265277,0.39540714,0.40845633,-0.051331263,0.41257405,0.32490405,-0.0515993,0.43117765,0.2443561,-0.0515918,2
0.3774488,0.93372774,3.291674e-07,0.4626684,0.87051564,-0.027103389,0.5373064,0.7716892,-0.042243738,0.59197927,0.68623513,-0.061288536,0.6068554,0.5790067,-0.07659978,0.5017389,0.5523902,0.010913755,0.5459644,0.4507087,-0.038705748,0.55877626,0.513653,-0.08447733,0.5584459,0.5899853,-0.106452025,0.46418843,0.5084105,0.0025629515,0.5054578,0.3466313,-0.020083997,0.52485555,0.23778298,-0.04818744,0.54182607,0.14182326,-0.06879071,0.41945663,0.5033866,-0.016445812,0.45726433,0.34880036,-0.036561694,0.47903442,0.24498585,-0.053649377,0.49957994,0.15341711,-0.06512034,0.36746255,0.53029805,-0.040167786,0.39417845,0.4113081,-0.0515543,0.4121834,0.32759604,-0.052132502,0.4317878,0.24662495,-0.052381136,2
0.37692252,0.9294728,3.2500722e-07,0.46274534,0.8701353,-0.027608687,0.53700197,0.7694232,-0.04278209,0.5911877,0.6822393,-0.06173655,0.6046945,0.57624763,-0.07708175,0.5038358,0.55227077,0.009333848,0.54819167,0.4493475,-0.039436642,0.5596963,0.51063126,-0.084879026,0.55799,0.58510107,-0.10692349,0.4655866,0.5066111,0.001314532,0.5069971,0.34442705,-0.020751383,0.52463055,0.2349025,-0.048779488,0.53947973,0.13806137,-0.069446705,0.420528,0.500782,-0.01713537,0.45793334,0.3454078,-0.0366271,0.47877342,0.24063745,-0.05394518,0.49845722,0.14794537,-0.0657985,0.36841816,0.5277847,-0.04031193,0.39523935,0.40771973,-0.051202264,0.4126734,0.32439336,-0.051642567,0.4315238,0.24404293,-0.05196941,2
0.37748408,0.9338453,3.239464e-07,0.46293375,0.86939305,-0.0259704,0.5366728,0.7699829,-0.04068781,0.5914015,0.6851085,-0.059484694,0.60694504,0.5789933,-0.074710906,0.5009867,0.5530344,0.011440384,0.54548085,0.451441,-0.037572224,0.5581561,0.51256436,-0.08286621,0.55720776,0.5874189,-0.104685314,0.46360072,0.5091062,0.002484682,0.5049077,0.34744203,-0.020132573,0.52443373,0.23869026,-0.048413888,0.54121006,0.14387786,-0.06922082,0.41898298,0.50375193,-0.016959941,0.4569965,0.34873223,-0.03710847,0.47924536,0.24459293,-0.054613415,0.50021446,0.15322733,-0.0664921,0.36705634,0.5302864,-0.040965628,0.3935235,0.41113013,-0.052461628,0.41176283,0.32712185,-0.053285025,0.43166518,0.24603888,-0.053827174,2
0.3783045,0.92780733,3.3880153e-07,0.46367684,0.8683693,-0.02768455,0.53729504,0.76763815,-0.04297877,0.591029,0.680697,-0.062035065,0.60518706,0.5748121,-0.07764291,0.50324804,0.55164695,0.008146617,0.54750025,0.44876847,-0.04044747,0.55985135,0.5080396,-0.08532076,0.5587449,0.5812565,-0.107021526,0.46505284,0.50695896,6.672456e-05,0.5065705,0.3435589,-0.022287568,0.5243627,0.23369446,-0.05011245,0.5391448,0.13745016,-0.07050675,0.4200741,0.50165325,-0.018358652,0.4577382,0.34511226,-0.038254127,0.47876364,0.23981386,-0.055648256,0.498432,0.14744505,-0.06743215,0.3678518,0.52909523,-0.041449104,0.39467385,0.4083727,-0.052854992,0.41218594,0.32461303,-0.053559102,0.43096286,0.2439205,-0.053992227,2
0.37810272,0.93187225,3.3225166e-07,0.46370003,0.8682521,-0.026353857,0.53709275,0.7690346,-0.041585904,0.5907633,0.6823602,-0.06079296,0.60686827,0.57461035,-0.07655121,0.50150263,0.5536211,0.009608466,0.5449214,0.44941235,-0.039715037,0.5570775,0.50929666,-0.08525383,0.5567904,0.58406144,-0.10732951,0.46320665,0.508698,0.0009019632,0.5043522,0.34724015,-0.021810494,0.52408576,0.23783082,-0.050470017,0.5420906,0.14149427,-0.071823075,0.41821095,0.5032484,-0.018144825,0.45559266,0.3480778,-0.038202524,0.47796485,0.24304995,-0.05632143,0.49966925,0.15058729,-0.06892211,0.3662949,0.53017616,-0.041720543,0.39327252,0.4105494,-0.05309743,0.41169935,0.32660788,-0.0542788,0.4318329,0.24579045,-0.055337347,2
0.37705973,0.92915475,3.3814445e-07,0.46200722,0.86951363,-0.027664687,0.53657067,0.76841784,-0.04243536,0.59075534,0.6801893,-0.06072057,0.60537577,0.5744992,-0.07560156,0.50177485,0.5529435,0.0083099995,0.5457312,0.4497742,-0.039131828,0.55815834,0.5043778,-0.08330804,0.5571323,0.573817,-0.10486404,0.4636753,0.5081998,0.00053759397,0.50509435,0.344706,-0.02153929,0.5233463,0.23440951,-0.04947731,0.53834015,0.13900983,-0.07000373,0.4192324,0.502541,-0.01740008,0.4571734,0.34615254,-0.037226964,0.47888687,0.24126336,-0.054925364,0.4988548,0.14976233,-0.0669322,0.36751258,0.5294182,-0.03993749,0.39488465,0.40911657,-0.051542986,0.41256508,0.3253429,-0.052612517,0.4311982,0.24456188,-0.053277455,2
0.3781856,0.93055844,3.344839e-07,0.4631217,0.86900187,-0.026848014,0.5363593,0.7695427,-0.04217027,0.5901793,0.68296325,-0.061211307,0.6063558,0.57578075,-0.076774314,0.5016114,0.5524878,0.007931276,0.54570127,0.450832,-0.04056878,0.5579584,0.51093554,-0.08517724,0.55711484,0.5841924,-0.106817275,0.4636805,0.50763226,-0.0006462238,0.5054421,0.34559524,-0.023135412,0.5245176,0.2355662,-0.051396187,0.54118574,0.13846576,-0.07238104,0.4188336,0.50213397,-0.01935794,0.45610794,0.34555534,-0.039416607,0.47815755,0.24022225,-0.05736463,0.49932173,0.14764294,-0.069753975,0.36688325,0.529158,-0.042571533,0.39381006,0.40867424,-0.054211006,0.41202825,0.3242296,-0.05531718,0.43182474,0.24308333,-0.05618318,2
0.3758629,0.92867553,3.2747238e-07,0.46115527,0.86978495,-0.02780505,0.53667396,0.7691971,-0.04245672,0.59124017,0.6810293,-0.060483012,0.60520315,0.57558274,-0.075185016,0.50307816,0.5538013,0.007870829,0.5475708,0.4495539,-0.03943863,0.5573976,0.5020602,-0.08386667,0.55403566,0.5697342,-0.10584847,0.46442732,0.50825506,0.00020420794,0.5066639,0.34494373,-0.022021135,0.5243774,0.23470229,-0.050607614,0.53876036,0.14013824,-0.07179494,0.41934508,0.5019369,-0.017536622,0.45753774,0.34531918,-0.037283942,0.47858348,0.23949853,-0.05580297,0.49817055,0.14731628,-0.0686727,0.36691958,0.5286733,-0.039830588,0.39439842,0.40895844,-0.051370744,0.41220343,0.32528394,-0.05291422,0.43108982,0.24436134,-0.054178614,2
0.37820345,0.9304124,3.3025015e-07,0.46311685,0.86803246,-0.027096026,0.53755367,0.767964,-0.041764542,0.59203404,0.6814907,-0.06009832,0.6056099,0.57455236,-0.0749231,0.5019289,0.5525025,0.009481311,0.54575104,0.45016146,-0.038860712,0.55780154,0.5095943,-0.08360312,0.5568957,0.582996,-0.10525418,0.46411854,0.5079465,0.001390276,0.5054246,0.34705132,-0.020903822,0.52441156,0.23795494,-0.04911335,0.5408219,0.1426678,-0.07005606,0.41911948,0.5022574,-0.01705582,0.4566903,0.3488937,-0.036878143,0.47819948,0.24451455,-0.054685667,0.49871162,0.15260467,-0.06697589,0.36678946,0.5282086,-0.04010787,0.39378506,0.40931487,-0.05141131,0.4115914,0.32590064,-0.05241565,0.43114275,0.24508888,-0.053280048,2
0.37651384,0.92852855,3.4064527e-07,0.46201128,0.86798394,-0.027674492,0.5376076,0.76769805,-0.042659927,0.5919786,0.68000174,-0.061224844,0.60545987,0.57384855,-0.07625416,0.50245035,0.5528717,0.009115364,0.5459074,0.44914323,-0.03920397,0.5575416,0.5074135,-0.084308065,0.55607027,0.57959306,-0.10628175,0.46404794,0.5077509,0.0013383116,0.50530905,0.34481832,-0.021082709,0.5237867,0.23430184,-0.049531594,0.5391939,0.1377849,-0.07042968,0.41917935,0.5016031,-0.016770525,0.45667195,0.34556988,-0.03676563,0.4777938,0.24023998,-0.054717764,0.4974184,0.14811757,-0.06687641,0.36713994,0.528019,-0.039505765,0.3943988,0.40784413,-0.050867837,0.41207618,0.32428285,-0.051868375,0.43086588,0.24372134,-0.052539945,2
0.3766998,0.9289018,3.294026e-07,0.46326217,0.8661126,-0.02696815,0.5382115,0.76752883,-0.04200948,0.59211993,0.6807066,-0.060805615,0.60512984,0.57308626,-0.076191776,0.50296265,0.55323523,0.009350074,0.54694825,0.4502638,-0.03920051,0.55761445,0.5089602,-0.08434186,0.55542445,0.58169496,-0.10640769,0.46448755,0.50810426,0.0010884412,0.5056606,0.34653598,-0.021536743,0.5245372,0.23692018,-0.050324,0.541116,0.14101061,-0.07177713,0.4190776,0.50197005,-0.017473202,0.4562832,0.34625915,-0.037647087,0.47760093,0.24099553,-0.056030955,0.49820516,0.14862382,-0.06880661,0.36661905,0.5281869,-0.0405718,0.3935475,0.40880656,-0.05230893,0.41153663,0.3248802,-0.053834043,0.43114442,0.24359071,-0.055129007,2
0.37615326,0.9267134,3.3805287e-07,0.4627319,0.86534774,-0.027323337,0.53816026,0.7668661,-0.04247162,0.5920261,0.6801875,-0.061415207,0.60413706,0.5729427,-0.07699123,0.5030625,0.5516401,0.010125519,0.54728544,0.44814533,-0.03882512,0.55790764,0.50506186,-0.08469646,0.5554732,0.57737744,-0.107140996,0.4642778,0.50688875,0.002241439,0.5057001,0.34602222,-0.020425495,0.5244078,0.23679847,-0.049288288,0.5408418,0.14166614,-0.07061612,0.4190331,0.50094247,-0.016095767,0.45662385,0.34596333,-0.036070704,0.47792912,0.24087062,-0.054174624,0.4984272,0.1490286,-0.066637546,0.36688682,0.5274194,-0.039078243,0.39422742,0.40871885,-0.05052096,0.41212294,0.3252021,-0.051803637,0.43165377,0.24435467,-0.052814096,2
0.37642148,0.92579156,3.3144303e-07,0.46279186,0.8647239,-0.02755369,0.5373746,0.7665132,-0.042410865,0.59066385,0.6793876,-0.06092607,0.6040038,0.5724255,-0.07622295,0.50333345,0.5526292,0.009183772,0.5465463,0.44937938,-0.038771044,0.5563597,0.5041466,-0.08357741,0.5533459,0.5740319,-0.105651386,0.46472377,0.5077374,0.0014015826,0.5053936,0.3461749,-0.021097856,0.5241225,0.23666409,-0.04977634,0.5402635,0.14163983,-0.07115475,0.41951135,0.50168943,-0.016712222,0.456913,0.34723547,-0.037100524,0.47799605,0.24207109,-0.05586175,0.49795818,0.15013316,-0.06883202,0.36705175,0.5279177,-0.039375357,0.39412308,0.4093637,-0.05169955,0.41196948,0.3253349,-0.053929515,0.43118092,0.2437259,-0.055687543,2
0.37875226,0.9254613,3.5196337e-07,0.4632311,0.86370206,-0.026766984,0.5365755,0.76528037,-0.04152178,0.58991754,0.6790467,-0.060055286,0.6039724,0.57288516,-0.07553554,0.50121963,0.551587,0.008691179,0.5441667,0.44816816,-0.039146997,0.55668485,0.5000536,-0.08340923,0.5562386,0.5681678,-0.10503121,0.46347228,0.5080243,0.00041159202,0.50461805,0.3462394,-0.022111623,0.5240613,0.23650846,-0.050291013,0.54059464,0.14075458,-0.071170725,0.4190016,0.50258857,-0.018050909,0.4563702,0.34735268,-0.03834645,0.47783425,0.24172041,-0.056533393,0.49800116,0.14948234,-0.06903276,0.36690572,0.5288172,-0.041010596,0.39391387,0.40931487,-0.053232793,0.4119972,0.32504404,-0.0550998,0.43161356,0.24349049,-0.05651825,2
0.3784674,0.9251911,3.332134e-07,0.46286947,0.8655022,-0.027380127,0.53636855,0.7642634,-0.042217854,0.5904858,0.67667323,-0.060684368,0.6069779,0.57186437,-0.07565028,0.50208646,0.552206,0.0086748665,0.54675937,0.44718775,-0.03987084,0.5576426,0.5058055,-0.08494926,0.5543474,0.578932,-0.10669022,0.46416354,0.506821,0.00074228784,0.506332,0.343839,-0.021396877,0.52438045,0.23309934,-0.049548652,0.5385314,0.1363863,-0.07022065,0.41959187,0.50089556,-0.017516097,0.45786512,0.34499228,-0.03730603,0.47930154,0.23938015,-0.055318534,0.49882582,0.14721814,-0.067538194,0.36748648,0.52741444,-0.04032452,0.39493817,0.40756512,-0.05172126,0.41328448,0.32393163,-0.052771088,0.43254903,0.24338013,-0.05346988,2
0.37734795,0.92628837,3.4266816e-07,0.46215743,0.8655177,-0.027722025,0.537401,0.76632345,-0.04292078,0.590951,0.6785693,-0.06163608,0.6056757,0.57248837,-0.07692876,0.5018297,0.5507508,0.008391535,0.54552126,0.44560358,-0.039917465,0.55653656,0.5015403,-0.08486685,0.5540081,0.5725897,-0.106748044,0.46348926,0.5060515,0.00046318048,0.50580215,0.34313098,-0.021984005,0.52472126,0.23268345,-0.0504531,0.54003173,0.13687232,-0.07143085,0.41860628,0.50065154,-0.017780643,0.45641866,0.34472978,-0.03781253,0.47798064,0.23847565,-0.056230105,0.4979424,0.145616,-0.06887167,0.36620098,0.52820903,-0.040601347,0.39356732,0.40820038,-0.05233363,0.41191846,0.32433456,-0.053865794,0.43132538,0.24300352,-0.05503368,2
0.37740162,0.92526937,3.281257e-07,0.4615831,0.86717004,-0.027796691,0.5370157,0.7677562,-0.042856365,0.5908983,0.6799696,-0.06130009,0.6055361,0.57397264,-0.07634817,0.50179267,0.55043614,0.007053183,0.54573953,0.44484568,-0.04071163,0.55781996,0.5014897,-0.0848661,0.5563399,0.5731564,-0.106361404,0.4638176,0.50611657,-0.0008832505,0.5057297,0.34180883,-0.023082126,0.52404267,0.2313689,-0.051377855,0.5388658,0.13511112,-0.072387055,0.41926858,0.50125736,-0.018960223,0.45695594,0.3444761,-0.038788926,0.47844702,0.23802328,-0.057284765,0.4984364,0.14450347,-0.070197396,0.36710685,0.5291475,-0.04157453,0.3941018,0.40880707,-0.05333042,0.41211653,0.32447314,-0.055073395,0.43128186,0.24230486,-0.056557927,2
0.378066,0.92803955,3.4539784e-07,0.46366388,0.8656821,-0.027256122,0.53690976,0.76764214,-0.042764135,0.5899008,0.6800888,-0.062021207,0.605144,0.5718037,-0.07791249,0.5015693,0.5507573,0.008014401,0.54408616,0.44574696,-0.040478263,0.5563924,0.50260466,-0.08495872,0.5562505,0.5754964,-0.10648233,0.46347472,0.50618863,-0.00020411852,0.5050629,0.34314114,-0.022516843,0.5242969,0.2338166,-0.050202515,0.5415943,0.1393547,-0.07077997,0.41850358,0.50083137,-0.018725483,0.4558265,0.3442468,-0.03846988,0.478007,0.23904434,-0.056101147,0.49951574,0.1484443,-0.068366244,0.36608416,0.5281162,-0.041855097,0.3932582,0.4080069,-0.05337065,0.41190058,0.32367626,-0.05475606,0.43209898,0.2431342,-0.055909522,2
0.37800893,0.9256238,3.3417496e-07,0.46344748,0.8650757,-0.027313601,0.53737634,0.7658357,-0.042019397,0.5902807,0.67804444,-0.060204484,0.60509187,0.57209796,-0.07532118,0.5024576,0.5502122,0.008049175,0.54530215,0.44645953,-0.038757734,0.55566275,0.49565703,-0.082722895,0.55366665,0.56189483,-0.1047224,0.4638828,0.5056244,8.4673215e-05,0.5053457,0.34158283,-0.02237124,0.52314496,0.23219106,-0.05117432,0.53821737,0.13940379,-0.07268918,0.41889775,0.5003853,-0.017900607,0.4569238,0.34269717,-0.038239904,0.4785001,0.23711738,-0.057708506,0.49891746,0.14576018,-0.07140471,0.36646584,0.5284048,-0.040283635,0.3941622,0.40911233,-0.05279516,0.41255176,0.3252568,-0.055654798,0.43202454,0.24388808,-0.05807306,2
0.37900323,0.9268284,3.3131462e-07,0.46385446,0.86402243,-0.026920952,0.53720945,0.765726,-0.041962907,0.5898554,0.67876905,-0.06067362,0.60532314,0.57292193,-0.07612939,0.50209135,0.5503406,0.008108124,0.54511845,0.4450466,-0.039203286,0.55590737,0.49927434,-0.08299869,0.5534973,0.5687319,-0.104512095,0.4640514,0.50643736,-0.00041930727,0.50600606,0.3413379,-0.022868618,0.5239301,0.23155198,-0.051284146,0.5386972,0.13714287,-0.07245561,0.41916737,0.5014802,-0.019037977,0.45761174,0.34364057,-0.03915343,0.4791216,0.23758006,-0.0581303,0.49922872,0.14551708,-0.071450874,0.36657944,0.52902377,-0.04207717,0.39402282,0.40886882,-0.05418994,0.41243082,0.3241877,-0.056506503,0.43190002,0.24213132,-0.058508854,2
0.38047972,0.92558837,3.273425e-07,0.46528783,0.86246836,-0.026178755,0.53720134,0.7631626,-0.040696103,0.5893653,0.6772065,-0.058982816,0.60534114,0.5720035,-0.07388296,0.5014955,0.5467692,0.0085079735,0.5442573,0.4433866,-0.037594337,0.55565846,0.49753186,-0.07990429,0.5541793,0.56700355,-0.1008039,0.46376827,0.50401235,-0.00045526776,0.505194,0.33915183,-0.022824405,0.5230249,0.23074606,-0.05073389,0.5380964,0.13920975,-0.07166012,0.41877633,0.5001764,-0.019428495,0.45708197,0.3406536,-0.03988715,0.47893384,0.236197,-0.059026163,0.49954647,0.14637464,-0.07257459,0.3662982,0.52918166,-0.042694397,0.3941058,0.4106182,-0.05565536,0.41291982,0.32604522,-0.058928166,0.43282652,0.24388534,-0.061713498,2
0.37929147,0.9242667,3.1844627e-07,0.4649212,0.86112106,-0.02706806,0.5379323,0.7622174,-0.042327672,0.59058106,0.6753713,-0.06142573,0.60614336,0.5679023,-0.07708638,0.5031897,0.5468941,0.009169722,0.5447507,0.44336557,-0.038471885,0.5536186,0.5025666,-0.082371555,0.5502261,0.5778785,-0.10369457,0.4647882,0.50338113,0.00079789275,0.5064114,0.33924726,-0.021294063,0.52392733,0.23093045,-0.049045492,0.5394336,0.13760236,-0.06972227,0.41949028,0.4990903,-0.017957631,0.45764765,0.341927,-0.037999768,0.47861478,0.23777694,-0.056432534,0.49860337,0.14705423,-0.06933872,0.36687243,0.5279243,-0.041221913,0.3946729,0.4091597,-0.05330683,0.41285625,0.32516772,-0.05545822,0.43192518,0.24326104,-0.057325933,2
0.378243,0.92578185,3.3485577e-07,0.4634166,0.8626245,-0.027898448,0.5362464,0.76407045,-0.043409865,0.5897052,0.6767837,-0.06256975,0.6060184,0.5688626,-0.07827328,0.5015823,0.5477643,0.008538024,0.5437549,0.44190663,-0.03932581,0.55456966,0.49885207,-0.08365271,0.5530421,0.57119447,-0.1053534,0.4636577,0.5037811,0.00059005676,0.505427,0.340101,-0.021761464,0.523033,0.23055989,-0.050098877,0.5384332,0.13493249,-0.07126856,0.4188082,0.4989652,-0.017708683,0.45735106,0.34233487,-0.03762273,0.4782384,0.23685858,-0.05592701,0.4982407,0.14487216,-0.06876893,0.3663925,0.5263301,-0.040619258,0.3941007,0.4072984,-0.052403588,0.4122824,0.322785,-0.054224815,0.43167603,0.24108937,-0.0557955,2
0.37899634,0.92466104,3.372088e-07,0.46464682,0.8601831,-0.026539667,0.5377684,0.76327026,-0.04185722,0.59042645,0.67695034,-0.061028235,0.60565585,0.5704201,-0.07669352,0.5001793,0.5466403,0.008814638,0.54126567,0.44085675,-0.03869297,0.553595,0.5000799,-0.08233585,0.5538239,0.5744597,-0.10344027,0.46256244,0.5039276,0.0002709086,0.5034255,0.33908203,-0.021629153,0.5221424,0.22969413,-0.04920809,0.5386376,0.1339311,-0.06981125,0.41823268,0.49929377,-0.018440673,0.45561412,0.34060323,-0.038018964,0.47718382,0.2354765,-0.055666164,0.49773753,0.14416218,-0.067966275,0.36632413,0.5271677,-0.041659586,0.39310032,0.4066136,-0.053045336,0.4112267,0.32182583,-0.054390837,0.43053368,0.24014664,-0.055555552,2
0.3787079,0.9240303,3.3231828e-07,0.46438447,0.8603376,-0.02618551,0.5376257,0.76191497,-0.04094876,0.59029764,0.67451537,-0.05959371,0.6067835,0.56830156,-0.07465191,0.49938658,0.54687434,0.0098537365,0.54050016,0.44181502,-0.037124906,0.55309093,0.5022573,-0.080488585,0.5528714,0.57764393,-0.101328656,0.46190774,0.50313526,0.0013362681,0.5027771,0.33926722,-0.019671824,0.52223265,0.22997239,-0.04691893,0.5391588,0.13379288,-0.06736539,0.41797447,0.49784654,-0.017345373,0.4545448,0.3396666,-0.036319528,0.47590086,0.23497713,-0.053788338,0.49617425,0.1440647,-0.06600566,0.36679298,0.52520275,-0.040525515,0.39330134,0.40406734,-0.051267583,0.41160667,0.32058552,-0.052095562,0.4309315,0.240857,-0.052925456,2
0.37863684,0.92125857,3.357454e-07,0.4646889,0.8575171,-0.026243607,0.53764,0.7590245,-0.04079001,0.5898843,0.6713772,-0.059232336,0.6056735,0.56563646,-0.07421308,0.499676,0.54554576,0.010606924,0.5403007,0.43990818,-0.03582249,0.55250305,0.4971609,-0.07919282,0.5522135,0.5702808,-0.100250885,0.46213928,0.50212437,0.0023544417,0.50255954,0.3387456,-0.018451815,0.5216211,0.229709,-0.04573786,0.53817564,0.13426128,-0.06623436,0.41831684,0.49685544,-0.01606026,0.45487407,0.33968544,-0.03489445,0.4759287,0.23531955,-0.052285254,0.49595365,0.14507094,-0.06439602,0.36712503,0.5238055,-0.038992114,0.3936494,0.40306607,-0.049647372,0.41177914,0.31973624,-0.0504747,0.43093598,0.24044064,-0.051284947,2
0.3773849,0.91976583,3.2634995e-07,0.463489,0.8583151,-0.026329113,0.5382003,0.7595446,-0.04045404,0.5901834,0.67188907,-0.058339633,0.6048609,0.5675478,-0.072605066,0.4994752,0.54477316,0.0104031535,0.54094756,0.4382634,-0.03634236,0.55277264,0.49827275,-0.07994645,0.5517617,0.5739507,-0.100970946,0.46192414,0.5011952,0.002337451,0.50276846,0.3383128,-0.018648056,0.5219947,0.22888371,-0.046188567,0.5383115,0.13410318,-0.06679216,0.417995,0.49596417,-0.015921881,0.45478636,0.33900464,-0.034837905,0.47599116,0.2345736,-0.052529436,0.4960517,0.1447461,-0.064804986,0.36648685,0.5230267,-0.038683288,0.39314446,0.4024992,-0.04936119,0.41136432,0.31904274,-0.050364867,0.43080613,0.23963183,-0.05129949,2
0.3781651,0.92198175,3.3997262e-07,0.46445292,0.85828304,-0.025852956,0.53908,0.75984496,-0.040322393,0.5909208,0.67283916,-0.058702536,0.6041457,0.5687901,-0.07340045,0.4997013,0.5453529,0.010276896,0.5407758,0.43936443,-0.03748118,0.5530115,0.5014751,-0.08154649,0.55219597,0.5788139,-0.10253076,0.4616503,0.50226235,0.0018656125,0.5020431,0.33968115,-0.019733362,0.5222363,0.22903141,-0.047529563,0.5396668,0.13149649,-0.068196125,0.41727185,0.4971068,-0.0167355,0.45343438,0.33965045,-0.036103047,0.47483203,0.23414588,-0.053831644,0.49507055,0.14266339,-0.0659811,0.36555582,0.5242702,-0.039801084,0.3924277,0.40337506,-0.05055733,0.41094083,0.31925577,-0.05144184,0.43078968,0.23900166,-0.05219341,2
0.37870046,0.91660583,3.268028e-07,0.4651069,0.8566278,-0.026067408,0.5397613,0.75764257,-0.040072285,0.59145474,0.66884565,-0.05803019,0.6027675,0.56354976,-0.07242121,0.5011474,0.54338217,0.011435372,0.5438633,0.4349163,-0.036079716,0.5559162,0.49457994,-0.080424465,0.5544753,0.57350916,-0.10153709,0.46343023,0.5001645,0.003519146,0.5044567,0.3373456,-0.017492821,0.52252513,0.22768378,-0.045121368,0.5374413,0.13344705,-0.065635026,0.41948885,0.49509367,-0.014750082,0.45648798,0.33844167,-0.033379678,0.47755814,0.23349118,-0.050992165,0.49711537,0.14361086,-0.06318385,0.36770666,0.52182287,-0.0375486,0.3940666,0.4017486,-0.04789217,0.411617,0.3182484,-0.04882053,0.43042195,0.23856771,-0.04969746,2
0.37734818,0.922788,3.4569905e-07,0.46286187,0.85795534,-0.026317665,0.53755265,0.75750864,-0.040378787,0.59020686,0.66857576,-0.058248285,0.60399836,0.5622198,-0.07224559,0.49722868,0.5451616,0.011754558,0.5387821,0.43807417,-0.036382463,0.55174947,0.5000797,-0.080901414,0.5517814,0.5771582,-0.1021225,0.46025732,0.5014835,0.0037940608,0.5015787,0.33966494,-0.018062854,0.5225526,0.22984847,-0.045735713,0.54051876,0.13442525,-0.06615392,0.41665152,0.4955802,-0.014701215,0.45305815,0.33952272,-0.034252454,0.4750238,0.23473641,-0.05162245,0.49570104,0.14453599,-0.06335388,0.36540645,0.521646,-0.037789617,0.3925078,0.40189806,-0.048643302,0.41116178,0.31826046,-0.04953182,0.43124127,0.23872596,-0.0502013,2
0.37914664,0.91582334,3.3285494e-07,0.46503305,0.8570805,-0.026066266,0.53908134,0.7572151,-0.0394306,0.5903114,0.6687095,-0.056707174,0.60288304,0.5659585,-0.07058673,0.5005791,0.5416522,0.011661092,0.5424246,0.4339918,-0.034684785,0.5557158,0.4889909,-0.07819993,0.55629265,0.5637511,-0.09924148,0.4629529,0.49924463,0.0037315139,0.5030574,0.33505753,-0.017446473,0.5212173,0.22628611,-0.045067538,0.53641784,0.13462484,-0.065474324,0.4192231,0.49436468,-0.014456529,0.45631504,0.33821797,-0.033489935,0.47791055,0.2348569,-0.051465016,0.49782154,0.1465174,-0.06378045,0.3679113,0.5207172,-0.0371546,0.39534584,0.40102872,-0.04813344,0.41318175,0.3178519,-0.049726855,0.4322303,0.2381584,-0.05100952,2
0.37884486,0.92103416,3.309344e-07,0.46374106,0.857898,-0.02593969,0.5379094,0.7570375,-0.039885934,0.59058017,0.6684414,-0.057665095,0.60400486,0.562923,-0.0716776,0.4979373,0.54452676,0.011195875,0.53950083,0.43700808,-0.035856597,0.5518421,0.49758604,-0.07908038,0.55057216,0.5736844,-0.099606834,0.4610217,0.5015454,0.0027092088,0.50232565,0.33734,-0.01880272,0.5223576,0.22735098,-0.046114963,0.53896296,0.13107982,-0.06634537,0.4174443,0.4961927,-0.016162602,0.45444417,0.33867052,-0.035824552,0.47620013,0.23406556,-0.05370004,0.49594945,0.14347556,-0.06591477,0.36607468,0.52226907,-0.039493937,0.3930446,0.4018849,-0.050833065,0.41154125,0.31766254,-0.052408967,0.43099988,0.2369847,-0.053751685,2
0.37967163,0.9170526,3.2741792e-07,0.4648463,0.8563267,-0.025481489,0.53844994,0.75466555,-0.03885526,0.59029466,0.6663631,-0.056394253,0.60278994,0.5620815,-0.07013529,0.49931997,0.53879154,0.013760065,0.541775,0.43484014,-0.033627093,0.5558733,0.49703515,-0.077955,0.55690163,0.5766649,-0.09911419,0.46290827,0.49682406,0.005275752,0.50366086,0.33438104,-0.015750237,0.52190584,0.22397318,-0.04323476,0.5371445,0.12708974,-0.06354072,0.4200335,0.49238974,-0.013736517,0.45641693,0.33575377,-0.03259367,0.4770907,0.23186287,-0.049747065,0.49588236,0.14154011,-0.061406087,0.36959752,0.51932454,-0.037342813,0.3964297,0.39992392,-0.04763525,0.4140895,0.31662798,-0.04817442,0.43278223,0.23652443,-0.048659522,2
0.37925333,0.9195373,3.1969802e-07,0.46551046,0.85513055,-0.026413642,0.5400933,0.7554698,-0.040687706,0.5918143,0.6662694,-0.058666464,0.6031409,0.5599985,-0.07309416,0.4993504,0.5448452,0.010097397,0.5394456,0.43833494,-0.036971554,0.5501293,0.4971098,-0.08041233,0.5478929,0.57177055,-0.10140194,0.46204922,0.50177866,0.0017890034,0.5026287,0.3369656,-0.02016673,0.5218036,0.22663593,-0.048193917,0.53794545,0.13008448,-0.06917309,0.41837916,0.49623516,-0.016791133,0.45599526,0.33725905,-0.037083358,0.47728392,0.23161966,-0.0557647,0.49658465,0.14014575,-0.06867439,0.36687583,0.5226013,-0.039758448,0.39420968,0.40201414,-0.051763713,0.4126537,0.3171236,-0.053984933,0.431726,0.2352956,-0.05589932,2
0.38043812,0.91788256,3.272561e-07,0.46622857,0.8556793,-0.02553419,0.53904605,0.755502,-0.03935413,0.59054387,0.6671834,-0.057157677,0.6048864,0.56280065,-0.07135146,0.49875313,0.54213,0.011088315,0.5400988,0.43671364,-0.03595869,0.55361813,0.49715424,-0.07937028,0.5535102,0.5742893,-0.10018923,0.46237022,0.49931878,0.0023135403,0.50336134,0.33531377,-0.018998126,0.5223619,0.22502121,-0.046796154,0.5380403,0.12853193,-0.06762353,0.4195769,0.4941597,-0.016690359,0.45614943,0.33514565,-0.036174975,0.47725374,0.22982201,-0.05450428,0.49655694,0.13866788,-0.06722655,0.36889535,0.52066445,-0.0400892,0.3954172,0.39977396,-0.051407892,0.41351825,0.31559002,-0.053118974,0.43242833,0.23471731,-0.05463248,2
0.37981045,0.91700876,3.3068628e-07,0.46535525,0.85466933,-0.02614193,0.53829896,0.7552433,-0.040050026,0.5903373,0.66654736,-0.05783799,0.60432065,0.56183785,-0.07207739,0.49830237,0.542764,0.011829232,0.5393793,0.43673617,-0.034638714,0.55118984,0.49362963,-0.077962905,0.5497563,0.5678959,-0.09903867,0.4617038,0.50032914,0.003612476,0.5024239,0.33577415,-0.018142661,0.52168196,0.22599909,-0.046302557,0.5378385,0.13057002,-0.06734586,0.41864648,0.49486548,-0.014947308,0.45606238,0.3366273,-0.03521073,0.4772098,0.23168737,-0.054228425,0.49611259,0.14110687,-0.067293376,0.3679283,0.52087,-0.03787666,0.39568055,0.40091515,-0.049931638,0.4138146,0.31642437,-0.052418683,0.43226957,0.23524326,-0.054492105,2
0.37985817,0.91440225,3.2617314e-07,0.46472567,0.85519516,-0.026099913,0.53865576,0.75650716,-0.039998062,0.5910047,0.6688867,-0.057778396,0.6046261,0.5643662,-0.07183872,0.4985575,0.5412246,0.011902238,0.5407839,0.43577832,-0.035403654,0.55277467,0.49738276,-0.07952916,0.5514794,0.57591546,-0.10076751,0.46202493,0.49894568,0.00365925,0.50356627,0.33518335,-0.018141108,0.52287024,0.22508326,-0.046602167,0.5391305,0.12955189,-0.067773186,0.41896114,0.49377695,-0.014980279,0.456181,0.33691347,-0.03497581,0.47754988,0.23257726,-0.054026876,0.4967181,0.14251634,-0.06710341,0.36858037,0.5200469,-0.038029198,0.39608574,0.40072614,-0.04942929,0.41396895,0.31688914,-0.051466502,0.43256912,0.23628914,-0.05326724,2
0.38043582,0.9158852,3.2504326e-07,0.46622163,0.8541787,-0.026181908,0.53993416,0.7556796,-0.039822057,0.5919542,0.6681745,-0.057194367,0.6042452,0.56400514,-0.07082473,0.49957407,0.54117674,0.011856783,0.54038584,0.43655646,-0.03352335,0.55166537,0.49380064,-0.0756699,0.54990834,0.5671625,-0.096089005,0.46275255,0.49922663,0.0037162497,0.5034609,0.33478957,-0.017514044,0.52200216,0.22574827,-0.04497439,0.5376491,0.13142624,-0.06546789,0.41945207,0.49389905,-0.014699701,0.45691687,0.33612365,-0.034584403,0.47779638,0.23205626,-0.053321335,0.49652067,0.14236638,-0.06618055,0.3685959,0.5199252,-0.037490238,0.39635554,0.4005431,-0.049449854,0.41437998,0.31613472,-0.052083552,0.43282443,0.23466524,-0.05425803,2
0.3815044,0.91624093,3.286569e-07,0.46675518,0.8534529,-0.025489522,0.54002386,0.75356174,-0.03958199,0.59262633,0.66592306,-0.057723615,0.6034976,0.5608657,-0.072307214,0.50027966,0.540022,0.011865986,0.54049116,0.43538412,-0.03406403,0.5508584,0.49257767,-0.07659883,0.5481725,0.566847,-0.0971357,0.46312973,0.4977196,0.0032050177,0.50390244,0.33342767,-0.01775359,0.5227166,0.2251747,-0.044495888,0.53885007,0.13120401,-0.064445935,0.41968098,0.49246082,-0.015779477,0.45648795,0.33407596,-0.035118755,0.47734326,0.2293325,-0.052910075,0.4962965,0.13937038,-0.06526702,0.3689126,0.5194913,-0.039181743,0.39579946,0.39959037,-0.050622668,0.413758,0.31514236,-0.052535426,0.43228838,0.23386037,-0.054262105,2
0.3798207,0.9175291,3.2814452e-07,0.46586916,0.85403126,-0.025681779,0.53998244,0.7536937,-0.04021891,0.5932737,0.66474855,-0.05903876,0.6033801,0.5568773,-0.074251145,0.50019175,0.54267174,0.013266201,0.54306304,0.43384725,-0.035875823,0.5538938,0.49238294,-0.08130842,0.55164367,0.57094353,-0.102899365,0.46299338,0.49946797,0.0046371813,0.5045632,0.3349889,-0.017638132,0.52298796,0.22566536,-0.04546059,0.53888446,0.13196996,-0.06583623,0.4192288,0.49383304,-0.014770504,0.45734787,0.33628392,-0.034590583,0.4784559,0.23117599,-0.052051313,0.49763,0.1410118,-0.063908115,0.3681824,0.5198681,-0.038760018,0.3961143,0.40103537,-0.04990176,0.4142451,0.31657836,-0.051146626,0.43321484,0.23541442,-0.052187964,2
0.38088152,0.9180654,3.3477846e-07,0.46663257,0.8515681,-0.026920065,0.5404878,0.75553155,-0.04234657,0.593173,0.66716564,-0.061666105,0.6034927,0.5589186,-0.0773544,0.49954817,0.54383296,0.010264745,0.5396327,0.43518335,-0.038234778,0.5511528,0.4966846,-0.08262666,0.5494822,0.5749409,-0.103778936,0.46271625,0.5012314,0.0020346998,0.50366414,0.33575127,-0.02016734,0.52325726,0.2267136,-0.048181616,0.5401925,0.12951028,-0.06903175,0.41952792,0.49569333,-0.016732382,0.4567522,0.33664626,-0.03708308,0.4777895,0.23092729,-0.055370778,0.49711314,0.13895103,-0.0678463,0.36845288,0.5219463,-0.040010095,0.3955121,0.40089798,-0.05160885,0.41370115,0.3162354,-0.053301737,0.43242702,0.23484316,-0.054718625,2
0.38142556,0.9148574,3.2002868e-07,0.4678724,0.8488885,-0.025106285,0.54099226,0.74958384,-0.03900876,0.5932791,0.6621397,-0.05717821,0.6026361,0.5570487,-0.07162898,0.49901563,0.54039735,0.013318956,0.5391109,0.43309498,-0.034111135,0.5505662,0.49507886,-0.077953376,0.5487163,0.57361704,-0.09883051,0.46279854,0.49834013,0.0044398615,0.5033482,0.33389202,-0.017055387,0.5225218,0.22550923,-0.04451424,0.5388068,0.13088694,-0.06490585,0.41997087,0.49275717,-0.014981783,0.45755613,0.33510453,-0.034539714,0.47871736,0.23118106,-0.052166432,0.4979342,0.14137045,-0.06420165,0.3693633,0.51829505,-0.03887811,0.3961469,0.39806986,-0.049786925,0.41382504,0.31394792,-0.051000267,0.43218547,0.23338965,-0.052143216,2
0.38170835,0.91361076,3.1301718e-07,0.46785942,0.8491554,-0.025924398,0.5407858,0.74876213,-0.040526148,0.5921802,0.6607935,-0.05910511,0.6042484,0.5552295,-0.07350333,0.49776077,0.5393114,0.010939393,0.53925633,0.4327502,-0.03787344,0.5527482,0.50159985,-0.0817474,0.55204463,0.58555573,-0.102126494,0.4618513,0.49761546,0.0021760445,0.5026246,0.33258048,-0.01997166,0.52219534,0.22311124,-0.047231056,0.5384931,0.12641844,-0.067309275,0.41938704,0.49284518,-0.017190106,0.4565394,0.33266526,-0.03733887,0.47791785,0.227673,-0.054745276,0.4969652,0.13636196,-0.06643204,0.3695443,0.51942027,-0.041032646,0.3965435,0.39842206,-0.052353244,0.41454983,0.3138679,-0.053507555,0.43298247,0.2327556,-0.05440372,2
0.3817106,0.91070855,3.3038285e-07,0.46741635,0.8472197,-0.025980243,0.5399521,0.74659956,-0.04046077,0.59209204,0.6586211,-0.05917193,0.6049548,0.5519211,-0.0738326,0.4985931,0.537525,0.013381042,0.5409484,0.42760682,-0.037017953,0.55354756,0.49363655,-0.08299642,0.55300045,0.57758707,-0.10455204,0.46253783,0.4959044,0.0049448684,0.5040323,0.3314694,-0.018260611,0.5234877,0.22231853,-0.046493784,0.5400367,0.12674084,-0.06695772,0.41976815,0.4911997,-0.014492543,0.45662284,0.33340335,-0.035165273,0.47798464,0.22889185,-0.0526713,0.49733484,0.13809657,-0.064161465,0.3697965,0.5175422,-0.038529973,0.39768678,0.3985599,-0.049713474,0.41592818,0.31485194,-0.05069402,0.43467122,0.23443305,-0.051374625,2
0.3823843,0.9140496,3.329166e-07,0.4683766,0.8473611,-0.025589593,0.54018897,0.7468043,-0.040583007,0.5917494,0.6602352,-0.059828587,0.605434,0.5539723,-0.07511009,0.49820715,0.53746104,0.012038379,0.5404722,0.43122807,-0.038565703,0.55428153,0.4986322,-0.0841901,0.5545232,0.58272594,-0.105494685,0.4617555,0.49653488,0.0028278204,0.503162,0.33257705,-0.02061217,0.52278113,0.22262806,-0.04881392,0.53953564,0.12580481,-0.06931987,0.41858763,0.49260414,-0.017205657,0.45642534,0.33372784,-0.038232993,0.478081,0.22840792,-0.055830274,0.49750164,0.13658673,-0.06742987,0.36828583,0.5201916,-0.04173467,0.39620718,0.4006068,-0.053435035,0.41485435,0.31616363,-0.05450337,0.43390965,0.23470947,-0.055206973,2
0.38291717,0.911793,3.248972e-07,0.4689624,0.8463845,-0.02435247,0.5402519,0.7460429,-0.03806999,0.5912423,0.65948385,-0.05621255,0.6041036,0.5552639,-0.07049315,0.49825957,0.53530467,0.013902766,0.54009074,0.42835367,-0.03386518,0.5546031,0.4907735,-0.07762622,0.5557639,0.57045346,-0.0982671,0.4625237,0.4952308,0.004751511,0.5025307,0.3312949,-0.016995598,0.52182263,0.22308257,-0.043847136,0.53791237,0.12956709,-0.063497394,0.4201112,0.4910602,-0.014981157,0.4565831,0.3330638,-0.034660414,0.47759232,0.22962332,-0.051425543,0.49621433,0.14022896,-0.062565655,0.37059063,0.517853,-0.039140977,0.3975854,0.39831918,-0.050186593,0.4153741,0.314652,-0.050990187,0.43347788,0.23432672,-0.0515115,2
0.38194197,0.91079444,3.2969098e-07,0.46805504,0.84701455,-0.025606139,0.54032105,0.7469544,-0.040055133,0.5916002,0.659929,-0.058733676,0.6058727,0.5539644,-0.073557355,0.49889424,0.5370443,0.012413671,0.5414492,0.42821282,-0.0372594,0.5544853,0.49220574,-0.08238897,0.55408424,0.5745606,-0.1035111,0.46245795,0.49621284,0.0037433424,0.5037035,0.33156377,-0.019196978,0.52340883,0.22258079,-0.046932314,0.54025936,0.12890476,-0.06699754,0.41935176,0.49182934,-0.015745934,0.45678774,0.33414525,-0.03650586,0.47858337,0.22959477,-0.0542607,0.49815756,0.13963911,-0.0658855,0.36898646,0.51876277,-0.039694313,0.39680964,0.39929092,-0.051390536,0.41538632,0.31523603,-0.052742198,0.43453968,0.23456779,-0.05360253,2
0.3822546,0.9131275,3.3370142e-07,0.46713424,0.8494762,-0.025931139,0.5398464,0.7470524,-0.040168695,0.59194505,0.6594898,-0.05845431,0.6047906,0.5542601,-0.072846375,0.49805668,0.53530097,0.01190345,0.5412487,0.42568868,-0.03686899,0.5551835,0.48938057,-0.08119916,0.55528677,0.5707961,-0.10202442,0.4617366,0.49526364,0.003298448,0.50359106,0.33090287,-0.019283306,0.5237558,0.22270337,-0.04672372,0.5406047,0.12945199,-0.066659085,0.4185577,0.49186915,-0.016098022,0.45663512,0.33415568,-0.036713436,0.47890183,0.22978392,-0.054628797,0.49871123,0.13959739,-0.06652129,0.3681596,0.5197175,-0.0399704,0.39581412,0.4005704,-0.051869668,0.4145046,0.31665462,-0.05365816,0.43382764,0.23571494,-0.054969545,2
0.38366956,0.91119766,3.1847196e-07,0.46883473,0.8493261,-0.025743542,0.54214287,0.7481394,-0.0401118,0.5930199,0.6596627,-0.05856742,0.6056169,0.5530247,-0.073203966,0.501373,0.53349346,0.011472979,0.54484046,0.42324233,-0.036606345,0.5566327,0.48207584,-0.08020523,0.55540305,0.56097704,-0.10072041,0.46424443,0.49320197,0.0030678452,0.50546193,0.32922605,-0.018799791,0.52376866,0.22352496,-0.04538154,0.53969806,0.13243613,-0.06481069,0.4208378,0.4895591,-0.01598786,0.45820242,0.3321956,-0.035661288,0.47938374,0.22901663,-0.052797873,0.49851173,0.13970935,-0.06444745,0.37048852,0.51732194,-0.03954831,0.3980182,0.39865312,-0.05116579,0.4156285,0.31509483,-0.05292525,0.43380216,0.23378941,-0.054260056,2
0.3840108,0.9125074,3.455688e-07,0.46920383,0.846847,-0.027056089,0.54092807,0.7502604,-0.042410526,0.59155804,0.66378015,-0.061826304,0.60539854,0.5568174,-0.077355586,0.49983174,0.5349866,0.012365788,0.5419048,0.43160874,-0.035581145,0.55539745,0.49329546,-0.079253316,0.55525637,0.57231504,-0.09994088,0.46346366,0.494973,0.0040573706,0.5050703,0.3316312,-0.018153476,0.52487,0.22429106,-0.045260847,0.54197174,0.13207284,-0.06511558,0.42029393,0.49096784,-0.015168658,0.45865935,0.33278185,-0.035784725,0.4804357,0.22919098,-0.05370017,0.4997536,0.14043468,-0.06569381,0.36984897,0.51872164,-0.038985968,0.3974599,0.40060025,-0.051247694,0.4160809,0.31684878,-0.053349216,0.43499222,0.23558062,-0.05492201,2
0.38250118,0.9119551,3.286017e-07,0.46807545,0.8501416,-0.026408685,0.54120374,0.7508374,-0.041201316,0.5922787,0.6621243,-0.060069535,0.60663134,0.5545383,-0.07531063,0.5017588,0.5369144,0.010821155,0.545819,0.4257146,-0.037743982,0.55813974,0.48209473,-0.08182264,0.55703574,0.55994445,-0.102504894,0.46459725,0.4954474,0.0027468293,0.506515,0.3312195,-0.019341895,0.5250119,0.22520453,-0.046192937,0.541011,0.13478208,-0.06566752,0.42134297,0.49050045,-0.01599704,0.4594658,0.3326341,-0.035746317,0.48081452,0.2286135,-0.05310486,0.50000083,0.13954717,-0.06475788,0.37096143,0.5169115,-0.039293256,0.39913797,0.39733815,-0.050933737,0.41724682,0.3130962,-0.05266229,0.43568668,0.23193583,-0.0537968,2
0.3826791,0.9141582,3.315754e-07,0.46741378,0.850245,-0.025892697,0.54051656,0.7494421,-0.040354956,0.5929733,0.6614717,-0.058835607,0.60528797,0.5549039,-0.07385594,0.50199676,0.5382842,0.011341918,0.5432813,0.4299909,-0.036265325,0.5548648,0.48588288,-0.07981224,0.55389315,0.5613842,-0.100567974,0.46456388,0.49713197,0.0028261193,0.50545037,0.33268905,-0.019400388,0.5247745,0.22454882,-0.046645135,0.5417787,0.13163921,-0.06666179,0.42075396,0.49263465,-0.016241895,0.45880383,0.33519676,-0.03648667,0.48084918,0.22994801,-0.054510724,0.5009411,0.13873065,-0.0668575,0.36977124,0.51946247,-0.03976632,0.3975343,0.40049207,-0.05176608,0.41604233,0.3160873,-0.053953193,0.43546107,0.23377821,-0.055801243,2
0.3832156,0.91178197,3.3219789e-07,0.46840537,0.84840953,-0.025329351,0.54107016,0.7481024,-0.039898302,0.59328085,0.66064286,-0.058801472,0.6030216,0.55346423,-0.07423156,0.5006985,0.53776956,0.012654722,0.54228884,0.4295631,-0.03588419,0.5536782,0.48801923,-0.080655605,0.5520728,0.5658249,-0.10195276,0.46388653,0.4962158,0.003863923,0.50502735,0.3323605,-0.018291656,0.5243652,0.2243422,-0.04586925,0.5411567,0.13108978,-0.06612745,0.4205939,0.49106833,-0.015585625,0.45870236,0.3342294,-0.035411365,0.48065513,0.2299698,-0.05309781,0.5004017,0.14013937,-0.06520668,0.37012312,0.5170894,-0.03953313,0.39794442,0.3981875,-0.0506688,0.41634476,0.31477347,-0.052037973,0.43559876,0.23426819,-0.053311612,2
0.38282493,0.9111457,3.3478125e-07,0.4680237,0.8485657,-0.025504928,0.5402232,0.747825,-0.039987393,0.59217423,0.6601441,-0.058667514,0.6058476,0.5537194,-0.07391446,0.5011755,0.5389139,0.011675856,0.54393864,0.42878014,-0.037192866,0.55518824,0.4866158,-0.082134,0.5532946,0.5638355,-0.103534006,0.46425667,0.49692535,0.0030510533,0.50597733,0.33255112,-0.019463075,0.5250682,0.22411337,-0.047248617,0.54121053,0.13027278,-0.067614384,0.42068973,0.49188447,-0.016183844,0.4590469,0.3352339,-0.036346786,0.4810118,0.23045778,-0.0543378,0.50067896,0.13943815,-0.066578664,0.369646,0.5177723,-0.03985222,0.3976981,0.39882758,-0.051337276,0.41642666,0.31527418,-0.05289474,0.43589145,0.23428804,-0.054230604,2
0.38410252,0.91267353,3.4828645e-07,0.46952215,0.8466962,-0.024831412,0.5408405,0.74717885,-0.0393842,0.59161896,0.6602723,-0.058236204,0.6060404,0.5540842,-0.07362023,0.49980465,0.5382406,0.011718874,0.5425546,0.42962876,-0.036781907,0.55504227,0.48602664,-0.08086119,0.55425215,0.56124556,-0.10177421,0.46328062,0.49734035,0.0024884825,0.50527644,0.33259207,-0.02035581,0.5252003,0.22417209,-0.04775689,0.54211193,0.13120994,-0.06769479,0.42006373,0.49251562,-0.017229525,0.4576687,0.33416775,-0.03770422,0.47957525,0.22865677,-0.055275224,0.4995208,0.13779327,-0.067081906,0.36947212,0.51872116,-0.04131605,0.39703462,0.39913705,-0.05308948,0.41609707,0.314869,-0.054511,0.43596065,0.2338115,-0.05561036,2
0.383542,0.90846694,3.3120483e-07,0.46820155,0.84769607,-0.024993148,0.54030186,0.74775153,-0.03950498,0.59152484,0.6594927,-0.058305185,0.60595125,0.55309117,-0.07349464,0.500516,0.5351047,0.011099646,0.54394704,0.42268848,-0.037879895,0.5565179,0.48098972,-0.08226566,0.5558483,0.56008905,-0.10305738,0.46415505,0.4940878,0.002360376,0.5063781,0.32895657,-0.01964065,0.52560985,0.22240123,-0.045911893,0.5418992,0.13143712,-0.064965434,0.42120934,0.48967713,-0.016984966,0.4587052,0.33070692,-0.03629427,0.48017356,0.22621816,-0.052696574,0.49970955,0.13642952,-0.06381629,0.3710953,0.5168043,-0.04081447,0.39848885,0.3977926,-0.051817775,0.41668385,0.31419146,-0.052716684,0.43538648,0.2339446,-0.053379223,2
0.38437837,0.9113643,3.449955e-07,0.46865037,0.84387994,-0.025954895,0.5394992,0.7474354,-0.041040033,0.59013927,0.66146404,-0.060158845,0.60649645,0.5549342,-0.07578709,0.4992718,0.5365501,0.01104385,0.54038423,0.43284768,-0.036001723,0.55315924,0.48953837,-0.078921065,0.55281967,0.56286997,-0.09955303,0.46314132,0.49660003,0.002154198,0.50387806,0.3326047,-0.020120258,0.5242561,0.2242442,-0.047391683,0.5416579,0.13061085,-0.06756158,0.420223,0.4922373,-0.017208949,0.45775944,0.33445874,-0.037869673,0.47980067,0.22922605,-0.056212142,0.49955258,0.13782263,-0.06875633,0.36965322,0.5192901,-0.04094427,0.39683232,0.4007846,-0.053515237,0.415858,0.31680477,-0.055860445,0.4351724,0.23482123,-0.057743553,2
0.38291603,0.91185653,3.2002862e-07,0.46753505,0.84904575,-0.024421759,0.53973204,0.74724144,-0.038419634,0.591511,0.65865797,-0.056747176,0.60530055,0.553634,-0.07155638,0.5007633,0.5397777,0.012116758,0.54235274,0.42900467,-0.03686527,0.5542517,0.4895519,-0.08191291,0.5532869,0.569083,-0.10322601,0.46448892,0.49723265,0.0030413095,0.5056413,0.33179244,-0.018715972,0.52530086,0.22321683,-0.04585571,0.54225844,0.12886637,-0.06582688,0.42164665,0.49170262,-0.01655171,0.45903036,0.3338362,-0.035781592,0.48096335,0.22832385,-0.05311593,0.5010558,0.1367859,-0.06503315,0.3716802,0.51766175,-0.040570665,0.39910328,0.39801598,-0.051171802,0.4170306,0.31432712,-0.051983804,0.43545872,0.23384911,-0.05280505,2
0.3821106,0.9113034,3.298748e-07,0.4680424,0.8473321,-0.024729958,0.5403154,0.74592465,-0.03892635,0.5920348,0.65866286,-0.057580113,0.60494345,0.55329794,-0.072608344,0.5008359,0.5361284,0.012564041,0.54335105,0.42358232,-0.03655909,0.5556804,0.48269254,-0.0812058,0.55527943,0.56138235,-0.10228152,0.46385252,0.49538562,0.0034717233,0.5057408,0.3306129,-0.019190485,0.52525336,0.22386155,-0.04646198,0.5424072,0.13116077,-0.066302225,0.42031208,0.4910826,-0.016317697,0.45806473,0.3327353,-0.03640902,0.47979927,0.22773647,-0.05382998,0.49974412,0.13707122,-0.06558083,0.3695827,0.5178166,-0.040561873,0.39748135,0.39853355,-0.05197653,0.41623276,0.31387565,-0.053598147,0.43567783,0.23248011,-0.05488159,2
0.53136325,0.73898345,-7.125342e-07,0.45726746,0.6114651,0.027257461,0.42882833,0.4959294,0.031213693,0.44875485,0.3912876,0.03369465,0.4854893,0.354092,0.037926227,0.46418506,0.34023613,-0.0076053,0.47769818,0.27783132,0.015001297,0.4877565,0.33644465,0.03949035,0.49425218,0.38653907,0.053186346,0.5307324,0.33112538,-0.017145723,0.5335316,0.28179875,0.01561373,0.5281057,0.33272067,0.037402242,0.5284159,0.377263,0.04328207,0.5886985,0.36114594,-0.019490214,0.5779844,0.31984675,0.01349385,0.5705221,0.36561123,0.029915847,0.56652486,0.4136316,0.028908016,0.6357104,0.41129482,-0.019233787,0.61824334,0.37484124,0.010348029,0.60434437,0.41398033,0.029047608,0.59631383,0.45364046,0.037057243,3
0.53371614,0.7349256,-5.5577175e-07,0.46306112,0.6252533,0.024074996,0.42837182,0.5133686,0.029128434,0.4426712,0.42304897,0.031449184,0.48329827,0.39576223,0.035496023,0.45654133,0.3339378,0.0020403366,0.48646864,0.29028985,0.018465424,0.49895865,0.3406925,0.03253541,0.49432474,0.3810775,0.039472792,0.51768637,0.32450986,-0.010101044,0.5425771,0.3005888,0.01927389,0.5459141,0.3544767,0.03409649,0.53623444,0.40101874,0.037266783,0.5773276,0.35217604,-0.016982254,0.5880528,0.3538499,0.0131498305,0.5873139,0.3990997,0.02465725,0.57574576,0.4432799,0.022729075,0.62631613,0.4043278,-0.022476427,0.6286171,0.40966687,0.0030600685,0.62034863,0.45063588,0.018309947,0.60491973,0.48814446,0.025736233,3
0.53848475,0.72544795,-5.525001e-07,0.46735436,0.6206506,0.023397928,0.4294737,0.5075234,0.029413939,0.44424877,0.40979344,0.032007862,0.48435026,0.37579513,0.03630529,0.45971543,0.3376075,0.009234543,0.48284432,0.2892887,0.023982622,0.49321356,0.34016085,0.03418671,0.4906211,0.38148576,0.0383718,0.5171641,0.3268349,-0.0030463398,0.5353404,0.2949177,0.024574647,0.5389502,0.34651062,0.0373277,0.53333616,0.3945191,0.03985491,0.573689,0.3481172,-0.011008917,0.5807626,0.34312198,0.01719604,0.5798343,0.3872049,0.028601078,0.5709905,0.4321224,0.02764702,0.6226232,0.39251003,-0.01794618,0.6228898,0.38704604,0.005822853,0.6154595,0.42957664,0.021284409,0.60341376,0.46989176,0.029537568,3
0.5376502,0.7194039,-5.1754864e-07,0.46596113,0.6178026,0.019872077,0.4284445,0.5075376,0.023634855,0.44320896,0.4126506,0.024847504,0.48400277,0.38181072,0.0278823,0.45843375,0.33960772,0.0016670721,0.47866574,0.28859007,0.01514323,0.4888847,0.33580253,0.025791302,0.487194,0.37630093,0.030353494,0.5180961,0.32876626,-0.009316093,0.53158915,0.2927835,0.016703984,0.53503585,0.34097302,0.029832413,0.5306476,0.38803557,0.03263139,0.5754525,0.34959716,-0.015872538,0.5786462,0.34053397,0.011819714,0.5775439,0.38163373,0.023993773,0.5694487,0.42599106,0.023338024,0.62383217,0.39346635,-0.021696469,0.6215147,0.38772196,0.0014501578,0.61416864,0.42842245,0.017063202,0.6032459,0.46807995,0.025349448,3
0.5391633,0.7191529,-5.237076e-07,0.46580225,0.62308663,0.022415785,0.42885104,0.50995964,0.028736223,0.44557878,0.41312414,0.03192291,0.48734048,0.38257116,0.03679048,0.4554584,0.34455836,0.00935399,0.4761856,0.29192966,0.024395354,0.48790666,0.33888826,0.03490348,0.48726583,0.3787579,0.03933485,0.51402014,0.33053815,-0.0019579253,0.52815205,0.29165167,0.025957504,0.5331653,0.34004432,0.03915611,0.5298338,0.38623202,0.04208867,0.5711401,0.34786057,-0.009105827,0.5741861,0.3344193,0.019543806,0.5743691,0.3771123,0.031406138,0.56757754,0.4217329,0.03079536,0.6204963,0.3879912,-0.015337092,0.6168112,0.37634888,0.009035309,0.61066175,0.41716528,0.024866894,0.60107034,0.45673832,0.033252627,3
0.5371313,0.7204224,-5.556159e-07,0.4646969,0.6242722,0.019666448,0.4266566,0.50866854,0.024999,0.4429824,0.41444647,0.027412256,0.48358274,0.3845581,0.031228703,0.46008912,0.3357932,0.006319182,0.4798525,0.28927794,0.018450813,0.4888265,0.33943138,0.025356205,0.48674628,0.3821945,0.027051207,0.51790166,0.32437155,-0.0051294193,0.5336659,0.29987773,0.020884449,0.53633696,0.35069445,0.03135302,0.53113467,0.39680976,0.03188309,0.5743819,0.34665692,-0.012819944,0.5799478,0.3484624,0.014086441,0.5779466,0.39125997,0.024108231,0.5688676,0.43546063,0.02188151,0.62275094,0.39161092,-0.020025564,0.62284523,0.3948316,0.0017488786,0.61564124,0.4381324,0.015679913,0.60399264,0.4785981,0.022745714,3
0.5358529,0.7206575,-5.535256e-07,0.4645407,0.6236511,0.023777042,0.4269291,0.51549715,0.03007274,0.4387164,0.422605,0.033156767,0.47645044,0.38902336,0.037812985,0.45508358,0.34069753,0.007804485,0.47845593,0.28850496,0.023457455,0.48819065,0.33565074,0.03488732,0.48560724,0.37709707,0.040029217,0.51458615,0.32828534,-0.004080403,0.52990794,0.2982865,0.025653701,0.5337432,0.34731436,0.039097525,0.53004193,0.39309943,0.04133506,0.5728806,0.34885675,-0.011325514,0.5749989,0.34406936,0.019488484,0.5749453,0.38739526,0.031408384,0.56797546,0.43231976,0.029869767,0.6225992,0.392588,-0.017550353,0.61945355,0.38836128,0.008057936,0.6132549,0.43087167,0.023958847,0.6032807,0.47273397,0.032052908,3
0.5365974,0.7164856,-5.29676e-07,0.46507126,0.6183672,0.02170055,0.42826414,0.5091478,0.027487991,0.44156295,0.41301095,0.03059331,0.48064604,0.3797386,0.03548196,0.4572882,0.34041256,0.005688329,0.47670147,0.2882293,0.021838445,0.48620808,0.33430964,0.034325015,0.48457405,0.3746217,0.04003004,0.51644224,0.32870096,-0.0048908405,0.52840436,0.2931185,0.02381577,0.53147423,0.3404534,0.03772785,0.52821493,0.38600445,0.040600125,0.5734682,0.34852365,-0.010901178,0.57416546,0.33814824,0.018718412,0.57296634,0.3788851,0.030924097,0.56641114,0.42317054,0.029902417,0.6214911,0.39040294,-0.015955511,0.6166865,0.3809393,0.008719258,0.60984635,0.42147708,0.024499614,0.6008256,0.4615571,0.03255305,3
0.5378676,0.7177288,-5.390877e-07,0.46440664,0.62148625,0.020542914,0.42664468,0.5099589,0.026070662,0.4417372,0.41217056,0.02915946,0.48226446,0.38003343,0.03395952,0.4583661,0.3386997,0.0056055537,0.47694057,0.28790608,0.022038665,0.4855505,0.3351003,0.03418846,0.48396403,0.3760116,0.03938685,0.5181615,0.32711124,-0.004611598,0.52876186,0.2957915,0.024292484,0.5312331,0.3444057,0.03760379,0.52815574,0.38992947,0.04000303,0.57521766,0.34779817,-0.010371844,0.57424945,0.3416115,0.01913335,0.57240474,0.38367698,0.030863594,0.56580186,0.42754853,0.029545493,0.62262577,0.3901574,-0.015304759,0.6163222,0.38357008,0.009154364,0.6091791,0.42525262,0.024737164,0.60020876,0.46531582,0.032701034,3
0.53551686,0.7169925,-5.408625e-07,0.46414196,0.620241,0.021138696,0.42639545,0.51089376,0.026593862,0.44035354,0.41677248,0.029279446,0.47996825,0.38481933,0.0337086,0.45689842,0.33665875,0.006948819,0.4791323,0.28779423,0.022045147,0.4880855,0.33598405,0.032832153,0.48500672,0.37729895,0.037363555,0.5159047,0.32534915,-0.0039378596,0.5306352,0.2954699,0.024244942,0.53361934,0.34487033,0.03692446,0.529195,0.3908702,0.03895794,0.5729644,0.34609115,-0.010539652,0.57600045,0.3427577,0.018377107,0.57486355,0.3858518,0.029754715,0.56720525,0.43029732,0.02833562,0.6212552,0.38907683,-0.016337352,0.618604,0.38496226,0.0076813595,0.6115929,0.42787912,0.023007145,0.6014147,0.46841803,0.03090713,3
0.536612,0.71453,-5.517871e-07,0.464397,0.6190305,0.021261709,0.42633402,0.50901526,0.026617348,0.44017744,0.41451707,0.029196925,0.48083407,0.38465425,0.033350185,0.45620733,0.334841,0.005630519,0.4802192,0.28693533,0.02048786,0.48848328,0.33737335,0.030939557,0.48438737,0.3794064,0.035135478,0.5150141,0.3235587,-0.0054900236,0.5320601,0.29858285,0.022543032,0.5344918,0.34956038,0.034914747,0.52935886,0.39527428,0.03650534,0.57266057,0.3451208,-0.012208288,0.577157,0.34470588,0.016521567,0.5753646,0.38888362,0.027852299,0.5670396,0.43336686,0.026251476,0.6215539,0.3884313,-0.018098315,0.62078017,0.3856346,0.005963295,0.61361074,0.42957157,0.021460142,0.60301703,0.47034028,0.02933274,3
0.53702843,0.71587104,-5.385533e-07,0.46483344,0.6211819,0.02116876,0.42613137,0.5094005,0.026871938,0.43969598,0.4143096,0.029678876,0.47919556,0.3824795,0.03403904,0.45577642,0.33834022,0.006766516,0.47731423,0.28672588,0.021056911,0.48683333,0.333746,0.031233676,0.48389658,0.37565032,0.035535302,0.5144895,0.32618463,-0.0046585947,0.52899146,0.29391325,0.02238121,0.5324751,0.34227538,0.03455957,0.5281594,0.3887234,0.03649612,0.5717995,0.34593028,-0.01188909,0.5740936,0.33579838,0.015570464,0.57394916,0.37873256,0.027131137,0.56712407,0.4241069,0.026324676,0.6201918,0.38765618,-0.018236496,0.61701965,0.3739124,0.0048217257,0.6113358,0.4160973,0.020754082,0.60251844,0.45756155,0.029366584,3
0.53585464,0.7157937,-5.2540645e-07,0.4642541,0.61765605,0.021350114,0.42616636,0.50702137,0.027256573,0.43995807,0.41485107,0.030412963,0.4797563,0.38556024,0.035270937,0.45655447,0.33713877,0.00639965,0.47869352,0.28692633,0.021627773,0.488149,0.33358476,0.03268082,0.48517877,0.37486073,0.037313785,0.5148232,0.325548,-0.005029162,0.5309723,0.2913448,0.022604153,0.5342433,0.3393014,0.03552653,0.52926403,0.38645157,0.037901342,0.5716834,0.34574977,-0.012137884,0.57575595,0.33414865,0.016551945,0.5750793,0.37584653,0.02876566,0.5673618,0.4217021,0.02803161,0.619759,0.38925505,-0.018448956,0.61747575,0.3757239,0.005162256,0.611415,0.41710523,0.021268757,0.60178983,0.45909408,0.029897233,3
0.5334405,0.7172382,-5.4835135e-07,0.4634957,0.6156879,0.020364825,0.42729786,0.50255275,0.024814583,0.4411533,0.40594217,0.026536815,0.48075014,0.37122732,0.03003328,0.45678735,0.33488676,0.004439288,0.4796564,0.28455597,0.016346108,0.4890593,0.33242902,0.024605194,0.4856948,0.37508538,0.027754184,0.51540583,0.32502145,-0.0071127266,0.53153473,0.295104,0.018075021,0.5340275,0.34405106,0.029407406,0.52778995,0.39099473,0.030958317,0.57279617,0.34720862,-0.014557427,0.5772945,0.34280488,0.011862885,0.5756892,0.38457793,0.023145212,0.56671274,0.4293779,0.0222177,0.6214853,0.39151692,-0.021237785,0.6200761,0.38670292,0.00084258703,0.6130831,0.42814374,0.016074352,0.60212326,0.46830726,0.02437998,3
0.53309095,0.7163798,-5.1884973e-07,0.4627204,0.6190417,0.021254437,0.42516196,0.5068043,0.026618754,0.43999106,0.41322303,0.028952187,0.48101854,0.38656235,0.033044614,0.45368257,0.33426818,0.006822382,0.478886,0.2842326,0.019973563,0.48900896,0.33268857,0.02903115,0.48546892,0.37355128,0.032557808,0.5125657,0.32434738,-0.0051309904,0.5308071,0.29011825,0.020647181,0.5347456,0.3388497,0.03254674,0.52930665,0.38571978,0.034704205,0.570164,0.34535825,-0.013015447,0.57715404,0.3363112,0.013812129,0.57644707,0.37869287,0.02529069,0.5676303,0.42356503,0.024725072,0.61924446,0.3887081,-0.02012703,0.61988443,0.38061434,0.0032444112,0.6132083,0.4224548,0.019015953,0.60241365,0.46243027,0.027511757,3
0.5335441,0.71559554,-5.394344e-07,0.46296954,0.6166276,0.021372477,0.4259237,0.5072639,0.026656546,0.43947265,0.4142441,0.028977826,0.4790624,0.3837465,0.032876458,0.45395428,0.33498245,0.005379054,0.4805518,0.28384835,0.018803751,0.48975694,0.33160535,0.028411236,0.48517135,0.3732351,0.03227877,0.5130924,0.32379895,-0.0064706593,0.53234845,0.29429778,0.020128025,0.5359099,0.34261394,0.031859588,0.53034586,0.38823342,0.033299014,0.57100874,0.34520262,-0.0140098585,0.5777216,0.33725077,0.01317935,0.57725006,0.37902653,0.024631603,0.5683863,0.4236015,0.023555562,0.61990654,0.38965005,-0.020667141,0.6206136,0.3795305,0.0019538102,0.6140458,0.4213167,0.01762745,0.6026237,0.46217674,0.026024034,3
0.5341402,0.7170429,-5.363026e-07,0.46373904,0.6198627,0.020104773,0.42574865,0.5089737,0.024162844,0.44006267,0.41349685,0.025357911,0.48041236,0.38325435,0.028296387,0.4537336,0.33788574,0.003967574,0.47941113,0.28520942,0.015368589,0.48953,0.3338222,0.02347077,0.48500612,0.3756761,0.026526194,0.51238114,0.32661143,-0.00789644,0.53154594,0.29452598,0.016378041,0.53576446,0.34347367,0.027412225,0.52984315,0.38938132,0.028946374,0.5698896,0.3462314,-0.015695067,0.5777317,0.33882433,0.009520332,0.57728595,0.38049504,0.020703493,0.5680636,0.42466894,0.020081734,0.618973,0.38768137,-0.022736631,0.62043375,0.38023365,-0.0011629853,0.6136413,0.42171937,0.014208017,0.60203135,0.4610785,0.022706408,3
0.5346255,0.7140821,-5.2696015e-07,0.46340495,0.616009,0.02011564,0.42709976,0.50578904,0.024660332,0.44229385,0.40908223,0.026415555,0.48114374,0.37519854,0.029794548,0.45626375,0.33897328,0.0049694935,0.4776046,0.28467202,0.01785758,0.48683324,0.33141705,0.027090402,0.48447293,0.37279132,0.030896444,0.51477975,0.3284193,-0.00604472,0.5301437,0.29165095,0.019799074,0.5334537,0.3401945,0.031894587,0.52905416,0.3867705,0.034034606,0.57162875,0.34881726,-0.012971706,0.57628196,0.33636656,0.013765052,0.57490575,0.37785408,0.025293574,0.56695706,0.42275947,0.024571756,0.619735,0.3906327,-0.019095,0.6178172,0.37979674,0.0034803562,0.61079794,0.42050767,0.018947534,0.60070056,0.46044943,0.027275631,3
0.5327891,0.7133851,-5.3932564e-07,0.46342596,0.61668676,0.021293253,0.42689463,0.50977767,0.02586272,0.439707,0.41482294,0.027599042,0.47785044,0.38256678,0.030973153,0.4553189,0.33713183,0.0043698796,0.47754377,0.2835558,0.017879322,0.48712602,0.3308698,0.027983401,0.48416904,0.3723423,0.032329306,0.51470435,0.32728556,-0.007339436,0.52972037,0.2912848,0.018894324,0.53336036,0.33929998,0.031312596,0.5288898,0.3855711,0.03345418,0.57225585,0.3480854,-0.014632654,0.5763758,0.3340593,0.012479015,0.5754444,0.37501308,0.02432925,0.5675874,0.419596,0.02362113,0.62071157,0.39082718,-0.020965355,0.6185821,0.37701738,0.0017498006,0.611609,0.41735217,0.017494962,0.6015588,0.4575897,0.025975838,3
0.5322774,0.7149136,-5.3197806e-07,0.46262112,0.61818796,0.02250386,0.42610663,0.5097795,0.027828146,0.4408761,0.41582125,0.029941125,0.48077893,0.3865859,0.03360091,0.45259658,0.33732405,0.0073618903,0.47882324,0.284984,0.020936675,0.4895575,0.33314306,0.030329186,0.48565042,0.373758,0.03413186,0.51191515,0.32626858,-0.0047831205,0.5314258,0.2928913,0.022044148,0.536031,0.3424758,0.034215458,0.53040785,0.3885927,0.036240116,0.5697731,0.34630963,-0.012675733,0.5778249,0.33887574,0.014959816,0.57735133,0.38118613,0.026145976,0.5681041,0.42543435,0.025008675,0.61924505,0.38799363,-0.019632403,0.62086725,0.38258585,0.003944927,0.6140605,0.42507455,0.019279612,0.6025404,0.46520802,0.027332228,3
0.533011,0.71254784,-5.2987974e-07,0.46289164,0.61386657,0.019334268,0.42705628,0.50238836,0.023900233,0.443439,0.40611115,0.025704704,0.48401964,0.37427875,0.02915402,0.45885855,0.33564758,0.005923812,0.47821236,0.2829786,0.017962968,0.48661852,0.32933876,0.025812441,0.48428866,0.36984015,0.02856447,0.5179703,0.3264917,-0.004927121,0.5304132,0.2906837,0.020237919,0.53331393,0.33684248,0.03144189,0.5293294,0.38147193,0.03298503,0.5745195,0.347347,-0.011993764,0.5773161,0.3343171,0.013956956,0.5757044,0.37384623,0.025076197,0.56775117,0.4167339,0.024234973,0.62211734,0.39014804,-0.018386755,0.61924744,0.37716508,0.0031931691,0.6117739,0.41716158,0.018219553,0.60141206,0.45631003,0.026417436,3
0.5318714,0.71308947,-5.226286e-07,0.46236798,0.615887,0.021389022,0.42767572,0.50325763,0.027255379,0.44392294,0.40803126,0.030350745,0.48398924,0.37852392,0.035039015,0.45705295,0.33254358,0.008763265,0.4782386,0.28675884,0.023906955,0.48680067,0.33395213,0.033687703,0.48455456,0.37241104,0.03740531,0.516655,0.32539374,-0.0024206962,0.5288092,0.28688833,0.024822805,0.5311389,0.33330888,0.037367065,0.5273678,0.37985656,0.03983427,0.57377374,0.3477425,-0.00945744,0.5748425,0.3293593,0.018463872,0.5733289,0.37073874,0.030273605,0.5667508,0.41573134,0.029750822,0.6218312,0.3915987,-0.015603281,0.61671257,0.37330288,0.008305853,0.609704,0.4143307,0.024416447,0.60165113,0.4549816,0.033058077,3
0.53118736,0.7129301,-5.358739e-07,0.46197137,0.61654,0.021510499,0.4255256,0.5052543,0.026421094,0.44325832,0.417252,0.027953913,0.4854375,0.3922223,0.030751355,0.45328265,0.32808593,0.0077344533,0.48383567,0.28717983,0.018608535,0.4924558,0.33812296,0.023930294,0.48630816,0.37794322,0.024724616,0.5123613,0.31951958,-0.004974005,0.5359453,0.29906338,0.020446526,0.5391849,0.34964603,0.0306006,0.53213686,0.3948785,0.031061456,0.57041746,0.34321985,-0.013871187,0.58200437,0.34899634,0.012500866,0.58024377,0.3942506,0.022545915,0.5691196,0.43821388,0.020696936,0.6205246,0.38941592,-0.022161053,0.62623477,0.39723092,-6.819784e-05,0.6184029,0.44320753,0.014150872,0.60501397,0.48342377,0.021584217,3
0.5311442,0.71049,-5.3526736e-07,0.4611746,0.6128416,0.020852987,0.424996,0.49951014,0.026038595,0.44411907,0.40825042,0.028264195,0.486291,0.3789013,0.03188556,0.45431417,0.32714996,0.0068065226,0.4839779,0.28540277,0.019090455,0.492145,0.3352146,0.02591685,0.48622966,0.37488562,0.027637055,0.51349527,0.31839913,-0.0049211932,0.5357655,0.2946303,0.021442562,0.5383149,0.34459853,0.032682307,0.5311791,0.3901528,0.033816226,0.5709067,0.3413498,-0.012746675,0.5815577,0.34279382,0.014186924,0.57939553,0.3870888,0.024855012,0.56849843,0.43185395,0.023316327,0.61990565,0.3867808,-0.019906037,0.62379026,0.3890105,0.002159413,0.6154397,0.43398136,0.016501572,0.6019948,0.47429994,0.024008779,3
0.52874565,0.7120664,-5.3438373e-07,0.46091253,0.6131517,0.02274549,0.42615137,0.49927157,0.029293824,0.44552392,0.40963814,0.032564633,0.48802033,0.3839813,0.0371109,0.452638,0.32804164,0.009973444,0.48358232,0.28548235,0.02378483,0.49228692,0.335456,0.031479847,0.4862034,0.3751738,0.03362127,0.5123955,0.31886107,-0.002183856,0.53548974,0.29509705,0.025494305,0.53848976,0.34446344,0.03673198,0.53132516,0.3896643,0.0378452,0.57046705,0.34144992,-0.010267756,0.5816442,0.34401485,0.018267244,0.5798116,0.3880326,0.028575473,0.56885433,0.43161947,0.026549948,0.6202295,0.38687912,-0.017579775,0.6250277,0.39224973,0.005991095,0.61709964,0.43791252,0.020301452,0.6039574,0.47787824,0.02759417,3
0.5308396,0.71078146,-5.318132e-07,0.4605557,0.6125311,0.022786414,0.42426482,0.4978631,0.029571647,0.44371417,0.40764016,0.032975536,0.4853919,0.38268661,0.037527345,0.45321476,0.32591596,0.011071264,0.48350507,0.28329724,0.025588008,0.4913919,0.33346575,0.033220492,0.48567286,0.3724087,0.035161905,0.51225233,0.3160348,-0.0007943192,0.53511363,0.29419428,0.027077883,0.5376292,0.34434053,0.03804279,0.5312746,0.3895655,0.03898599,0.5697335,0.3383225,-0.008587652,0.58000886,0.3394676,0.019914253,0.57802147,0.38312966,0.029948656,0.56793606,0.4271262,0.027901933,0.61871034,0.38249248,-0.015534679,0.6218046,0.38400126,0.008251906,0.6137701,0.42760575,0.02260229,0.601314,0.46665683,0.029953618,3
0.52882653,0.7078076,-5.28985e-07,0.4610954,0.6115227,0.02222176,0.42555088,0.50265074,0.02790156,0.4416924,0.41378957,0.030477582,0.48231578,0.38650328,0.03446643,0.45249045,0.3265259,0.007554923,0.48089588,0.28362677,0.021325156,0.49009743,0.33087352,0.029907305,0.48552594,0.3702078,0.03278693,0.5118249,0.31691298,-0.0044481046,0.53367,0.29412937,0.022810847,0.53701335,0.34266236,0.0344014,0.53114665,0.3869787,0.03565871,0.5695213,0.3391725,-0.012213697,0.57956207,0.34204528,0.016059794,0.57794595,0.38493827,0.026826851,0.56777275,0.42761135,0.02500295,0.6185837,0.3843425,-0.019229615,0.62320185,0.38798904,0.004346806,0.6159169,0.43182528,0.018943619,0.6034192,0.4710609,0.026343545,3
0.52939045,0.7069353,-5.4184034e-07,0.46050084,0.61274135,0.022091163,0.42442092,0.50063676,0.028582273,0.44392154,0.41301218,0.03167308,0.48594168,0.38935512,0.03585686,0.45161355,0.32181436,0.011322072,0.48471156,0.28566915,0.025142984,0.4926843,0.33660632,0.031803027,0.48623338,0.37581477,0.032976694,0.51045984,0.3117898,-0.0007300682,0.53639907,0.29852092,0.027201885,0.539615,0.34928954,0.037398107,0.53296804,0.39332944,0.03745485,0.5684199,0.33593467,-0.008905851,0.58168226,0.3436869,0.019041583,0.5801062,0.38962796,0.028688425,0.56909764,0.4330203,0.026271505,0.618504,0.3834384,-0.016392058,0.62597144,0.38836712,0.006380798,0.6185165,0.4349017,0.020371124,0.6050208,0.4751437,0.027497953,3
0.5303749,0.70624226,-5.302059e-07,0.46152267,0.61186945,0.021580722,0.42625177,0.5002255,0.027461175,0.4459399,0.41205513,0.030218543,0.48761448,0.3865978,0.034073815,0.45159286,0.32311553,0.009147478,0.48559216,0.28392392,0.021945696,0.4932708,0.33418497,0.02808172,0.48631245,0.37344444,0.029021142,0.5111914,0.31396657,-0.002780778,0.5360939,0.29591447,0.023956299,0.5389736,0.34582508,0.034344036,0.5323813,0.39015478,0.034793552,0.56941783,0.3379532,-0.010825637,0.5815469,0.34225106,0.016174676,0.5797361,0.38723466,0.026072929,0.568937,0.43069458,0.024055887,0.6192978,0.38473424,-0.018140743,0.62474287,0.38966888,0.0040100855,0.6170247,0.43523374,0.0179095,0.6040364,0.47457004,0.02510556,3
0.5282094,0.7073004,-5.4085154e-07,0.46014464,0.6103312,0.022173883,0.4250747,0.4994936,0.028338214,0.4439256,0.4140153,0.031506725,0.4857912,0.39104718,0.035631023,0.4526016,0.32037768,0.0073993793,0.48620597,0.28391615,0.022355188,0.49369055,0.33508042,0.030958673,0.48630944,0.37433872,0.033376884,0.51233774,0.31223375,-0.0045049777,0.538606,0.29763275,0.0235848,0.5407678,0.3489079,0.034769557,0.53279793,0.3936843,0.035428073,0.5706626,0.33819997,-0.0120055955,0.5836622,0.34375814,0.016317526,0.5814241,0.38894036,0.026526768,0.5699004,0.43253624,0.024328332,0.6194239,0.38750932,-0.018622186,0.62558985,0.39102286,0.004758729,0.6176147,0.43572238,0.019242775,0.60396755,0.47499713,0.026533736,3
0.5303017,0.70520973,-5.57035e-07,0.45980355,0.60941714,0.027446968,0.42487246,0.4984801,0.03798102,0.44235444,0.41217473,0.04487337,0.48304647,0.38967413,0.05241481,0.45243606,0.31801006,0.016248126,0.48378482,0.28140348,0.036885243,0.49134946,0.3315187,0.04951497,0.48536557,0.36934868,0.0544067,0.51188856,0.30921906,0.0039979517,0.53544086,0.29568905,0.037764966,0.53756356,0.34604207,0.050957143,0.53190106,0.38917315,0.05236325,0.5699191,0.33594123,-0.003408028,0.5798228,0.34171188,0.029116917,0.5778051,0.38605624,0.039160416,0.56835955,0.4282123,0.036170445,0.618574,0.38520935,-0.009357118,0.62135684,0.38613155,0.01758335,0.6131804,0.42950168,0.032354727,0.6007111,0.46773264,0.03916514,3
0.5279607,0.70563143,-5.4697995e-07,0.46062574,0.6092532,0.0242879,0.42717814,0.49959165,0.032698337,0.44493312,0.4152356,0.038010314,0.4851449,0.39288285,0.044219792,0.45061073,0.31983435,0.012333082,0.483284,0.28659517,0.029946519,0.49182153,0.33614442,0.040440504,0.4860826,0.37423223,0.043999385,0.51060665,0.31102884,0.000695781,0.5351229,0.2976776,0.031244783,0.53796625,0.34855664,0.04319152,0.53186184,0.3919072,0.044130817,0.5690626,0.3368102,-0.0064380714,0.5802069,0.34392402,0.023651563,0.5779884,0.3894813,0.03378079,0.5676159,0.431556,0.031210944,0.61856294,0.3859053,-0.012464339,0.62289226,0.39097902,0.01240095,0.61508435,0.43698683,0.026891528,0.60257065,0.47550648,0.03378668,3
0.5273406,0.70639026,-5.451291e-07,0.46109048,0.6081842,0.026056806,0.42709616,0.49674737,0.034504857,0.44395393,0.41192287,0.039512947,0.48332274,0.3893522,0.045397468,0.45006502,0.31947756,0.010730366,0.48760414,0.28231746,0.028490042,0.49579933,0.33236477,0.040102683,0.4874184,0.37131378,0.04450235,0.50933677,0.31082273,-0.0023399906,0.5383508,0.29566967,0.02807104,0.54118556,0.3468191,0.04076508,0.5332137,0.3911428,0.042203084,0.5679626,0.33712512,-0.010502164,0.5826838,0.34016323,0.019583603,0.58127195,0.38616976,0.030463694,0.5697874,0.42930207,0.028328555,0.61787945,0.38763803,-0.01730369,0.6240781,0.3870257,0.007281599,0.6160985,0.43099502,0.022189582,0.6021726,0.46897012,0.029519623,3
0.5289288,0.7075486,-5.405937e-07,0.4602242,0.60752875,0.023259657,0.42587247,0.49782377,0.030222181,0.444461,0.41215107,0.03470318,0.4856936,0.39206687,0.040203705,0.4521447,0.31641242,0.005151594,0.48646945,0.28616744,0.023675196,0.49353516,0.33646834,0.036654454,0.48669076,0.3755097,0.041781157,0.51262116,0.31007206,-0.0060874964,0.53737,0.30092582,0.024046943,0.53890526,0.35135698,0.036847875,0.53273326,0.3960468,0.038433332,0.5716341,0.34054938,-0.012130064,0.5822213,0.35099128,0.017491546,0.5792863,0.3951283,0.027338488,0.56882805,0.4378245,0.02465932,0.6211597,0.39486063,-0.01687315,0.62448144,0.40408745,0.006917768,0.61574876,0.44715524,0.020439139,0.602774,0.4842001,0.026906768,3
0.5296421,0.7046876,-5.4788575e-07,0.46064764,0.60690075,0.026951894,0.42719233,0.49759546,0.03571434,0.44382036,0.40948048,0.04140498,0.48419288,0.385811,0.048014138,0.4510941,0.32097706,0.007878222,0.4842171,0.28209364,0.02874849,0.4921257,0.33183813,0.044351388,0.48589835,0.37051672,0.051347293,0.5107847,0.31341416,-0.00437325,0.53720593,0.2965559,0.028553309,0.53931415,0.3469904,0.043740552,0.53278136,0.39090666,0.046486117,0.5699705,0.34184897,-0.011052745,0.58256525,0.34155533,0.021295557,0.5801222,0.38576427,0.033007845,0.5696582,0.4288284,0.030756041,0.6197475,0.39418095,-0.016069978,0.62347627,0.39283717,0.010449915,0.6143694,0.4343348,0.025611032,0.60098463,0.47112986,0.03254046,3
0.5301421,0.70564705,-5.2443306e-07,0.4609916,0.6034225,0.022716258,0.42867678,0.49510735,0.029547883,0.44652677,0.4071516,0.034155153,0.48806587,0.3834202,0.04006198,0.45372593,0.31939763,0.0046745064,0.48319185,0.28953433,0.023559934,0.4901148,0.33695647,0.037380926,0.48491517,0.376251,0.043317474,0.5143226,0.31532344,-0.005924971,0.5353395,0.29925567,0.024152229,0.5362049,0.3483609,0.03782997,0.5305943,0.3952049,0.040327262,0.57257175,0.34820843,-0.011271684,0.5812791,0.35457328,0.018568784,0.57705617,0.39708626,0.029400896,0.56738544,0.44165573,0.0274955,0.62162715,0.404107,-0.015353631,0.624314,0.41186935,0.0090960115,0.61550474,0.45217004,0.023264684,0.6038162,0.48925918,0.030085575,3
0.52958167,0.7004728,-5.005861e-07,0.45980144,0.5981046,0.020792669,0.428559,0.48976463,0.026035596,0.4451028,0.4046974,0.029410599,0.48502898,0.37984556,0.034186255,0.45371002,0.32015014,-0.00017084696,0.47982836,0.2861942,0.016936813,0.4859318,0.33057204,0.030189848,0.48079944,0.3681425,0.036014784,0.5152079,0.31702787,-0.010271103,0.5314916,0.3008952,0.018436005,0.5315851,0.34491444,0.031760238,0.5264464,0.38910863,0.03391482,0.57394093,0.34885204,-0.015090765,0.5772872,0.35307407,0.013499433,0.57404447,0.39188254,0.023796782,0.5658693,0.43515724,0.021689123,0.6222784,0.40291896,-0.018641071,0.6200412,0.4089804,0.004354433,0.61158144,0.44552335,0.018051647,0.6012137,0.48220128,0.024893112,3
0.5287572,0.70097965,-4.865256e-07,0.45818594,0.59872353,0.019475337,0.42977095,0.4875709,0.025204234,0.44840962,0.40028444,0.02940545,0.4884802,0.37719882,0.034922384,0.4571143,0.31887805,0.0013719527,0.4764001,0.2890737,0.020369556,0.48136187,0.33302268,0.03409173,0.4789545,0.36735168,0.039490864,0.51903373,0.31823167,-0.007557624,0.52762884,0.2996326,0.021610046,0.5261078,0.3417489,0.034766473,0.52293056,0.38496697,0.0367655,0.5767796,0.3525628,-0.011298386,0.57491094,0.35246977,0.016823063,0.5697504,0.38929886,0.026528036,0.56286037,0.43218026,0.024218807,0.6233938,0.40806118,-0.013807494,0.61723477,0.41506153,0.008598239,0.6078908,0.45078027,0.021564983,0.5989963,0.4864911,0.027842084,3
0.52769405,0.6997142,-5.020203e-07,0.4589025,0.5980737,0.022977373,0.42902505,0.48761174,0.030192873,0.4462384,0.40128922,0.03532406,0.48629922,0.37922797,0.04178915,0.45274687,0.3191352,0.0054852255,0.48047295,0.28880107,0.026691942,0.4865113,0.33465606,0.04240437,0.48227608,0.37258267,0.049327597,0.5127893,0.31473413,-0.004334263,0.52992916,0.30349815,0.02756632,0.5296024,0.3490579,0.041754656,0.52505624,0.3942788,0.044207472,0.57057613,0.34745675,-0.00867796,0.57423264,0.35501194,0.021975141,0.5706258,0.39545757,0.031802952,0.563659,0.4401063,0.02912402,0.61905026,0.40194058,-0.011478231,0.61646914,0.41135815,0.012852067,0.6082408,0.4490514,0.02605839,0.59919775,0.48616952,0.032300536,3
0.5237871,0.7011486,-4.933353e-07,0.45754683,0.59830034,0.023439897,0.43112987,0.48609045,0.031552646,0.44951102,0.4047197,0.03731023,0.4886422,0.3844793,0.04417117,0.45004907,0.3212872,0.006320655,0.4803385,0.28927743,0.026312696,0.4865382,0.33370227,0.04065796,0.48122728,0.3699173,0.04669121,0.5106468,0.31685656,-0.0044692857,0.52942866,0.30227846,0.027045675,0.5301267,0.34601295,0.04086192,0.5258599,0.38891834,0.042969055,0.5693655,0.3488589,-0.0099496385,0.57483435,0.35075998,0.020398516,0.5723547,0.3923611,0.031087646,0.56526446,0.43622717,0.028962787,0.6186102,0.4042629,-0.014022787,0.61823773,0.40927103,0.01027339,0.6117642,0.44875342,0.024551608,0.60302556,0.48699996,0.031538792,3
0.52476925,0.7020091,-5.0458e-07,0.45817623,0.5980452,0.02542699,0.4314987,0.48556268,0.03403132,0.45080054,0.40236196,0.03998345,0.49136138,0.38279867,0.04702289,0.44829345,0.3218081,0.008575492,0.48195785,0.28937972,0.028935509,0.48912936,0.33682743,0.043483224,0.48358437,0.37471506,0.049589604,0.5079389,0.3155573,-0.0028852331,0.5304974,0.3013221,0.028996645,0.53235203,0.34916446,0.043242212,0.5274783,0.39415246,0.045777157,0.566407,0.34615135,-0.008988916,0.57545984,0.35206547,0.022109145,0.57351047,0.39660007,0.0329754,0.5659443,0.4408758,0.030738072,0.61690545,0.4007309,-0.013564738,0.61964047,0.41169176,0.011588459,0.61258626,0.45456114,0.02570591,0.60263765,0.49263668,0.032297082,3
0.52456415,0.7027643,-5.228853e-07,0.4577456,0.5977151,0.025200417,0.43104702,0.4870781,0.033889618,0.4489239,0.40146977,0.0404209,0.48882404,0.37828678,0.048104424,0.4519422,0.32045054,0.0064362385,0.4814045,0.28978407,0.029077165,0.4869291,0.33765623,0.045911204,0.48214903,0.37557176,0.053307947,0.51200014,0.31444982,-0.0037078222,0.53050613,0.304957,0.030401561,0.5305285,0.35282552,0.045769826,0.5267035,0.3969165,0.04847127,0.5698151,0.34881502,-0.0080303885,0.57598007,0.35844055,0.024755055,0.5718197,0.4015109,0.035582997,0.564283,0.44568625,0.032701064,0.6193293,0.40726393,-0.010663567,0.6204072,0.422651,0.014541991,0.6122008,0.46235538,0.027552716,0.6018803,0.4984987,0.033216,3
0.5217537,0.7047915,-5.17135e-07,0.45575976,0.5967529,0.023222204,0.43038607,0.48532805,0.02999238,0.4517221,0.40371528,0.0346187,0.49423555,0.38536817,0.040552456,0.45017546,0.31812555,0.0044522258,0.48358053,0.29071808,0.023669671,0.48996353,0.33852535,0.0379337,0.48366618,0.37741393,0.0437253,0.51037335,0.31329948,-0.006711416,0.532158,0.30732125,0.023474218,0.5326241,0.3548307,0.036570914,0.52677315,0.39977208,0.038212102,0.56856996,0.34638312,-0.012525691,0.57655394,0.3608663,0.016880456,0.5726947,0.4039467,0.026570689,0.5632024,0.44687772,0.02358927,0.6178992,0.4036882,-0.016936079,0.620239,0.4206431,0.005580427,0.61198366,0.4600795,0.01781061,0.59993094,0.49511334,0.023396598,3
0.5227361,0.70240194,-4.9423596e-07,0.45542404,0.5905758,0.023159182,0.43200183,0.47724155,0.030016081,0.45499527,0.39442322,0.034898546,0.499549,0.3773672,0.04104374,0.45122945,0.31871164,0.004814161,0.48204005,0.2907021,0.02539484,0.48743552,0.3359249,0.04029521,0.4813858,0.37214947,0.04637763,0.5112335,0.31553903,-0.005668811,0.5296264,0.30527964,0.025699116,0.5295716,0.34868127,0.039061863,0.52443075,0.39189565,0.040610325,0.568857,0.34874088,-0.010609911,0.5739018,0.35719407,0.020060709,0.57046014,0.396228,0.030231416,0.5623262,0.43830553,0.027418114,0.6171188,0.40435556,-0.014093539,0.6166817,0.41245055,0.010076142,0.60935575,0.4489023,0.023626797,0.5991626,0.48345697,0.029911041,3
0.5180484,0.7038579,-4.8689844e-07,0.45251787,0.5887649,0.025695331,0.43106967,0.47751254,0.03198195,0.4543292,0.40060866,0.03593581,0.49788532,0.38429207,0.040988978,0.44811141,0.31954628,0.00243563,0.4841184,0.2904535,0.022699974,0.49064624,0.3368696,0.038297415,0.48337775,0.37346822,0.04497841,0.5071134,0.31570855,-0.009675486,0.53088504,0.30512848,0.022553341,0.53226244,0.35153604,0.037494123,0.5263463,0.3947502,0.039623473,0.56501275,0.34990862,-0.015788004,0.5752766,0.3603648,0.016854396,0.57279253,0.40354905,0.028922772,0.56377184,0.44603583,0.026413394,0.61473864,0.40897763,-0.020348078,0.61945033,0.42040232,0.005989626,0.6121475,0.4597276,0.020839052,0.6000226,0.49447697,0.027371371,3
0.51901525,0.70088255,-4.8525106e-07,0.45306534,0.58864933,0.026904289,0.42963195,0.4786391,0.033615872,0.4517238,0.39843845,0.03777693,0.49338323,0.38228285,0.042864278,0.44463903,0.32057643,0.0034466498,0.48227072,0.28802592,0.023559257,0.4894283,0.33687583,0.038903236,0.48251405,0.37443674,0.045442685,0.5040959,0.3151008,-0.009064846,0.52899224,0.3001389,0.022885932,0.5307264,0.34860826,0.038072012,0.5250489,0.3936898,0.040752452,0.5624076,0.34664,-0.01553355,0.57297254,0.35464686,0.016937047,0.57089955,0.39890438,0.02902867,0.56242186,0.44226903,0.026819488,0.6124683,0.40225667,-0.02031657,0.6163681,0.41451803,0.005992458,0.60923123,0.4545327,0.020680612,0.5978386,0.48907787,0.027242323,3
0.5188878,0.6971789,-4.972363e-07,0.45350513,0.58673656,0.03156381,0.4322535,0.4772353,0.04008135,0.45465106,0.3968186,0.044817913,0.49499938,0.379736,0.05029101,0.4361473,0.32413736,0.009828293,0.48270327,0.28589678,0.031101236,0.493157,0.33823794,0.047112353,0.4857096,0.37904948,0.054114778,0.49375516,0.3127753,-0.0047175526,0.52792835,0.2996294,0.029308686,0.53341997,0.3519027,0.044673335,0.52882814,0.39585543,0.04690285,0.5536845,0.33986428,-0.013105937,0.57192904,0.34540758,0.020483475,0.57261294,0.3955306,0.03324482,0.5647842,0.44065863,0.031064743,0.60794073,0.39176145,-0.019382037,0.6161007,0.40216827,0.0088373,0.6105656,0.44658414,0.024752766,0.5990954,0.4825779,0.031664785,3
0.5166789,0.7002192,-4.7423956e-07,0.45231068,0.58633804,0.02811038,0.4334971,0.47333932,0.035588827,0.45985764,0.3981625,0.040068883,0.5027317,0.38467747,0.0453601,0.43679717,0.32374775,0.0063374382,0.4829015,0.2861118,0.026410213,0.4920393,0.33583343,0.041535754,0.483662,0.37611347,0.047971264,0.49431586,0.31374323,-0.0071180593,0.5280812,0.29879987,0.024784762,0.5320783,0.34916675,0.03907234,0.52635187,0.39365354,0.040928952,0.553261,0.3413354,-0.01466513,0.5717114,0.34535787,0.017009301,0.57090884,0.39457446,0.029152067,0.56254435,0.43998423,0.027126908,0.60661364,0.39377338,-0.020420616,0.6157658,0.40055922,0.006285369,0.61055255,0.4451066,0.021940695,0.5994914,0.48189348,0.028930686,3
0.5159678,0.7029743,-4.853017e-07,0.45072055,0.5871809,0.027316486,0.43138254,0.47531915,0.034146566,0.45629153,0.3995344,0.03842306,0.49896452,0.38380742,0.0437565,0.4379503,0.3227989,0.004318659,0.48284343,0.28684872,0.024944346,0.49189198,0.33716574,0.04086439,0.4837863,0.37746042,0.047791637,0.4962549,0.31331205,-0.008337227,0.52869236,0.30089027,0.024267446,0.5324598,0.3518048,0.039154235,0.5263222,0.39640048,0.04110611,0.55530137,0.34311175,-0.014926349,0.5722719,0.3512485,0.017705673,0.57126015,0.39935735,0.029950028,0.5623694,0.44430128,0.027530788,0.6081134,0.39820728,-0.019744653,0.6157472,0.4096944,0.007377627,0.6098417,0.45185405,0.022632474,0.5978678,0.4873218,0.029191429,3
0.5188983,0.6991463,-4.805139e-07,0.4523055,0.5892225,0.025323866,0.43020368,0.47902513,0.030368136,0.4532029,0.39854756,0.0329561,0.4954027,0.38129854,0.03649759,0.43903875,0.321792,0.0005496657,0.47980294,0.2861427,0.01871273,0.48810095,0.33521459,0.032966956,0.48124728,0.3741922,0.038933557,0.49743867,0.3129956,-0.0118710585,0.5267622,0.3002584,0.01816117,0.5296633,0.35020465,0.032264184,0.52479357,0.39455712,0.0341524,0.55645704,0.34198934,-0.01837695,0.57141155,0.34954262,0.011733825,0.56948036,0.3954513,0.02344664,0.5610751,0.43919462,0.021342184,0.60838753,0.3950216,-0.023202147,0.61560684,0.40623972,0.0023241488,0.60908073,0.44793013,0.017446455,0.59771645,0.48262513,0.024304794,3
0.51534384,0.69895065,-4.6766155e-07,0.4493804,0.57850987,0.029695144,0.43526518,0.46392062,0.038300235,0.46056283,0.38940793,0.043942314,0.5023847,0.37429348,0.05059098,0.43933624,0.3238793,0.008609627,0.4796869,0.28650928,0.032110285,0.48878488,0.33173954,0.05052986,0.48204446,0.37060982,0.05939246,0.49727887,0.3144223,-0.0039521353,0.5249118,0.3002451,0.030958991,0.5281005,0.34580693,0.046611905,0.5234042,0.38962585,0.04904043,0.55566853,0.34300447,-0.010153075,0.568483,0.34742686,0.024792526,0.5671312,0.38993758,0.036958344,0.5601791,0.43517193,0.034333114,0.60806024,0.39483812,-0.014305387,0.6124808,0.40137652,0.015434434,0.6065993,0.43903452,0.03149918,0.5963208,0.47471324,0.038412936,3
0.5096956,0.70285857,-4.6233663e-07,0.4503167,0.57287264,0.037733212,0.44023484,0.45113263,0.049315497,0.469127,0.3838987,0.05511919,0.5104367,0.37590435,0.061227266,0.4287752,0.32581064,0.020771222,0.48716727,0.28689694,0.041631594,0.49987575,0.34053516,0.056454144,0.4904702,0.38355732,0.06297482,0.4816563,0.31298164,0.0026603697,0.5305059,0.30435395,0.03653888,0.5381114,0.35986876,0.05069764,0.5313711,0.40426278,0.0524519,0.5401687,0.33598822,-0.009554357,0.57351744,0.34544888,0.024618782,0.5760842,0.4009064,0.036725286,0.5669123,0.44736293,0.03443424,0.59598124,0.3822489,-0.019521415,0.61646223,0.39954525,0.0111969635,0.6142807,0.44875434,0.027928643,0.6025631,0.48603532,0.035243303,3
0.50960964,0.6923161,-4.2669322e-07,0.4501819,0.5620763,0.035403527,0.44261274,0.43956032,0.04517658,0.47494507,0.3741938,0.048330173,0.51593626,0.36571634,0.051303927,0.42411548,0.32514134,0.021332134,0.48919895,0.28449297,0.035627943,0.5037615,0.3391523,0.04469413,0.4940632,0.38254437,0.04774166,0.47450992,0.31231338,0.0025103993,0.53212315,0.30691496,0.028633222,0.54120106,0.36375007,0.036943324,0.5336617,0.40537784,0.036093224,0.5327969,0.33210742,-0.011146506,0.5750465,0.34020025,0.015360803,0.57889515,0.3997291,0.024535077,0.56852746,0.44245586,0.02243944,0.58915323,0.37232167,-0.022699347,0.6180852,0.39179468,0.0028639634,0.6170204,0.44564164,0.018134104,0.604823,0.48136893,0.025569865,3
0.50407517,0.6945586,-4.27563e-07,0.4460622,0.5551382,0.035006613,0.44142446,0.4280201,0.04573121,0.47581947,0.36725163,0.0503159,0.5183723,0.3647958,0.054590367,0.4223891,0.32435215,0.022078067,0.4912738,0.2871806,0.03692815,0.5065134,0.34063157,0.046320163,0.49645132,0.3839342,0.049396206,0.47477633,0.31350866,0.0033887506,0.53447676,0.31020272,0.02844802,0.5435647,0.3662582,0.035842348,0.53554803,0.4092424,0.034985065,0.533951,0.33524442,-0.010161284,0.57679087,0.34686345,0.0151807405,0.5801341,0.40673155,0.022854995,0.5693363,0.44929668,0.020305099,0.5915987,0.37793243,-0.021503938,0.6187614,0.40322322,0.001200945,0.6169167,0.4566098,0.013741024,0.6046747,0.49126503,0.019781008,3
0.49934086,0.6947578,-4.3898186e-07,0.44372866,0.55127597,0.03753254,0.44106367,0.42756283,0.046819113,0.47602984,0.3676195,0.0490729,0.51837105,0.36779135,0.05086334,0.4190014,0.32303137,0.022508355,0.49086082,0.29173645,0.03608226,0.50483066,0.3489547,0.044161063,0.49193668,0.39253855,0.046094917,0.4705898,0.3102771,0.0014330979,0.5326813,0.3138439,0.025435152,0.5406462,0.3732462,0.0319704,0.5307897,0.41670218,0.030310415,0.5298411,0.33159143,-0.014209629,0.57533723,0.3486566,0.010778249,0.57685286,0.4123035,0.018578008,0.56353235,0.45540297,0.015707346,0.58848166,0.37459153,-0.027529556,0.6187929,0.40617594,-0.004926624,0.61521894,0.46379083,0.0077624917,0.6005241,0.49957395,0.013677132,3
0.4881304,0.69365364,-4.011344e-07,0.43947095,0.5408643,0.036581933,0.44100672,0.42036495,0.043911245,0.47837478,0.36773568,0.04383553,0.5212743,0.373375,0.04331528,0.41287568,0.32381156,0.020152135,0.4888427,0.2932185,0.028730372,0.5051178,0.3541612,0.033091146,0.4937892,0.4020372,0.032579027,0.46443862,0.30938172,-0.0030262314,0.5310239,0.31435645,0.015081432,0.5405005,0.37522557,0.018833974,0.5301966,0.4218299,0.016220639,0.5238283,0.3290754,-0.021194788,0.5751586,0.35079244,-0.0020460184,0.57754827,0.41845235,0.004245579,0.5632729,0.46211,0.00156197,0.5829331,0.3706876,-0.03717446,0.6177775,0.41399062,-0.020483356,0.6154446,0.47419694,-0.010138533,0.6008864,0.5089578,-0.0049205697,3
0.48621818,0.6904669,-3.6603524e-07,0.44062477,0.544238,0.03458237,0.44041783,0.4230966,0.041080557,0.4783649,0.36813036,0.039878085,0.5213389,0.36999476,0.038404293,0.41011098,0.3268537,0.021401146,0.48946205,0.2920937,0.02646878,0.5083436,0.35453418,0.028435072,0.496697,0.4048865,0.027172158,0.45896563,0.31094474,-0.0016614588,0.5319765,0.3088798,0.011729037,0.543495,0.37332782,0.013789059,0.5316333,0.42165703,0.011528634,0.516683,0.32662916,-0.020437252,0.57615054,0.33852428,-0.006075678,0.58076364,0.4103578,0.00043529805,0.5658422,0.45570424,-0.00023716055,0.5743407,0.36434364,-0.037112005,0.6163433,0.39655,-0.023010748,0.61631453,0.45930487,-0.011409259,0.60214937,0.49520677,-0.0042313244,3
0.47734374,0.6970912,-4.1182165e-07,0.43892658,0.5486847,0.039130062,0.443402,0.42729816,0.045432255,0.48191264,0.3734849,0.042582538,0.5257631,0.37247103,0.039433252,0.40813625,0.32614988,0.024129044,0.49383867,0.29674798,0.02585887,0.5168596,0.36494192,0.025369281,0.50666267,0.41834843,0.022302728,0.4539826,0.306979,-0.0030710977,0.53584397,0.31070477,0.006819835,0.5510547,0.38133204,0.007696325,0.5389515,0.43295258,0.0047341404,0.50961983,0.3202924,-0.026001286,0.5788481,0.33961734,-0.014139482,0.5862563,0.41691202,-0.007054611,0.5694675,0.46356195,-0.0073181847,0.56627655,0.35619685,-0.046747755,0.6185988,0.39957172,-0.034231976,0.62079823,0.46424922,-0.023059646,0.6042641,0.49938655,-0.01634965,3
0.47787306,0.6929065,-3.1375683e-07,0.43879548,0.54573154,0.032866664,0.4428113,0.42582884,0.037632115,0.48364314,0.37169102,0.03470586,0.5289792,0.36872986,0.03179695,0.40982026,0.32491142,0.018598428,0.49864727,0.29187858,0.018322049,0.525232,0.35416105,0.017541435,0.51925343,0.4071904,0.015403404,0.454784,0.31022647,-0.0046303016,0.5411671,0.3069868,0.0026448963,0.5584884,0.37518823,0.0033460723,0.5483332,0.4268254,0.0015377325,0.5092476,0.32552034,-0.024065167,0.58333224,0.33493736,-0.015221658,0.59134173,0.40898198,-0.008198233,0.5757842,0.45632735,-0.0066312794,0.56372225,0.36282238,-0.041511074,0.6163849,0.39219493,-0.031172156,0.6204469,0.45302388,-0.019519234,0.6060812,0.4881639,-0.010994605,3
0.47461224,0.69384456,-3.0140527e-07,0.436906,0.54579294,0.029822664,0.4415613,0.42776078,0.032393586,0.48359996,0.37429503,0.027817992,0.5301226,0.3708085,0.023241324,0.41062132,0.3265819,0.013447933,0.49954373,0.2937423,0.009890545,0.5266866,0.35598776,0.006630101,0.5222234,0.41013765,0.002990504,0.4555529,0.31161106,-0.009283963,0.54067856,0.30542588,-0.0049613896,0.55958635,0.37435383,-0.0048782094,0.55094165,0.42873988,-0.0068073375,0.50946295,0.32593375,-0.02849708,0.5825105,0.33013403,-0.022694824,0.591345,0.40481612,-0.015492528,0.57653636,0.45518437,-0.013148919,0.5631529,0.36329,-0.04594078,0.61454535,0.3897729,-0.038415648,0.61955553,0.45093843,-0.026732707,0.6065346,0.48858088,-0.017591575,3
0.47001958,0.69111234,-2.6633052e-07,0.43419412,0.54590386,0.026975403,0.43703598,0.42885268,0.028228708,0.47365874,0.37603688,0.02291349,0.5174103,0.3738804,0.01794313,0.4129502,0.3245143,0.007736079,0.5001877,0.29012564,0.00293058,0.5297853,0.34696728,0.0011883161,0.5269868,0.4007461,-0.00072514155,0.45712346,0.31475782,-0.013987663,0.5428193,0.30508307,-0.010317437,0.5643383,0.3679635,-0.007945386,0.5569528,0.42070478,-0.008248916,0.5086919,0.33377728,-0.03255085,0.5837802,0.33616048,-0.027080273,0.59394765,0.4052167,-0.018787792,0.5798106,0.45449457,-0.015645565,0.5602492,0.37554103,-0.049676415,0.61210513,0.3968318,-0.042670324,0.6168762,0.4516035,-0.031336058,0.60318995,0.4882976,-0.022466099,3
0.46814072,0.69094837,-2.51293e-07,0.4358998,0.5450895,0.02790227,0.44103912,0.42931977,0.026209591,0.4797769,0.37791803,0.016748779,0.5254866,0.37813815,0.007828492,0.41231743,0.32232553,0.008043296,0.5033198,0.29013357,-0.0008763454,0.53170586,0.34942544,-0.0068399385,0.5272225,0.40259013,-0.011983411,0.45404834,0.3147414,-0.016857956,0.5442794,0.30661988,-0.016860716,0.5637127,0.37239492,-0.017349176,0.55198514,0.4244406,-0.020045755,0.5041575,0.33580476,-0.038848624,0.58607554,0.33807927,-0.03528042,0.59430456,0.4124695,-0.026807705,0.5758196,0.4611978,-0.024167692,0.5567324,0.37891424,-0.059670243,0.6150708,0.40323555,-0.052668158,0.6161902,0.463028,-0.040524386,0.5973805,0.49997178,-0.03197106,3
0.46426392,0.6925511,-2.6743447e-07,0.43329257,0.54159015,0.028304249,0.4399302,0.4270457,0.02622794,0.48085478,0.37972474,0.016091913,0.52696127,0.3842499,0.0064938194,0.40978616,0.3247035,0.008322409,0.5019006,0.29353988,-0.002121341,0.5271733,0.35775456,-0.008603847,0.51854223,0.4120723,-0.014204399,0.44996047,0.31638348,-0.01772383,0.54392385,0.30733216,-0.020429892,0.561973,0.3786396,-0.021192966,0.5470271,0.43196103,-0.02336601,0.49858913,0.3357829,-0.041095793,0.586531,0.33838487,-0.040730592,0.5936812,0.41980317,-0.032622047,0.5724251,0.46979824,-0.029410226,0.55116826,0.37820306,-0.06320676,0.6141907,0.40717536,-0.059793014,0.6146651,0.4736002,-0.0492247,0.59426785,0.51254827,-0.041222837,3
0.4584074,0.69482577,-1.9152831e-07,0.4308338,0.5413841,0.028424956,0.43987125,0.42451832,0.026179869,0.48261592,0.37845427,0.015466153,0.5281223,0.38227585,0.0053881914,0.40891182,0.32588762,0.010008005,0.50431746,0.29304725,-0.0014413535,0.537149,0.35187116,-0.0090514,0.53419167,0.40599594,-0.014514384,0.44630247,0.32157266,-0.015847623,0.5429697,0.30865628,-0.018525874,0.5675874,0.37852266,-0.019645846,0.55712503,0.43456212,-0.02164086,0.492467,0.34281886,-0.03916106,0.5825068,0.33893365,-0.03792493,0.59587955,0.42046234,-0.028367097,0.5789774,0.47509095,-0.023434406,0.54284525,0.38625315,-0.061391503,0.6076312,0.39698273,-0.055942573,0.61312854,0.4615251,-0.04252204,0.59613955,0.5058691,-0.03204647,3
0.4482292,0.7049267,-1.9302506e-07,0.42781764,0.54612035,0.02921584,0.44055864,0.42572546,0.025936566,0.48756364,0.37678993,0.013351075,0.53665394,0.37251335,0.0017351935,0.40864804,0.326784,0.0118604805,0.51182795,0.2894947,-0.003313492,0.54671454,0.3506455,-0.014257039,0.54229444,0.40725446,-0.021318188,0.44150037,0.32301766,-0.015467344,0.5470221,0.30745143,-0.020728603,0.572547,0.38424432,-0.023539282,0.5584503,0.44209477,-0.02625365,0.48475328,0.34401253,-0.04059092,0.5830371,0.33441868,-0.040789355,0.5982703,0.423577,-0.030113833,0.5795042,0.48143265,-0.023752082,0.5338638,0.38768348,-0.06483498,0.6057033,0.3939128,-0.05986743,0.61253566,0.46171474,-0.045349468,0.59416413,0.5074506,-0.033644293,3
0.43769762,0.71280587,-2.7684746e-07,0.4244045,0.5486712,0.03370838,0.440053,0.42943493,0.0314824,0.4886363,0.37800786,0.018895643,0.54091173,0.373951,0.0073711984,0.4100497,0.32004747,0.015202209,0.52125394,0.28638482,0.001525747,0.55294085,0.36343685,-0.0071366862,0.5438042,0.42830077,-0.012444014,0.43747926,0.31657213,-0.013502682,0.55154824,0.30592325,-0.019032367,0.5745048,0.40136683,-0.019919885,0.5571332,0.4685859,-0.020171387,0.4767258,0.33963144,-0.039452244,0.58222884,0.33238026,-0.038667355,0.59621066,0.4350661,-0.025627647,0.57475597,0.49803334,-0.01702122,0.52167064,0.38652062,-0.064150885,0.6006924,0.39775264,-0.056276504,0.6059856,0.46879297,-0.0399454,0.5849035,0.5110676,-0.026900653,3
0.43721157,0.72324866,-3.074064e-07,0.4274106,0.5586797,0.027520606,0.44373882,0.42939842,0.021840481,0.49275276,0.37328285,0.0063852053,0.54289705,0.37037176,-0.0070230756,0.4120809,0.31728005,0.011068845,0.52891046,0.28592247,-0.009122543,0.5534509,0.37290502,-0.022487782,0.53540707,0.4406071,-0.030513864,0.4350828,0.31363598,-0.016558437,0.55898184,0.30610496,-0.02811715,0.5752857,0.4068464,-0.030710332,0.55068535,0.47162592,-0.031421196,0.47065172,0.33521432,-0.042795178,0.58724433,0.33674467,-0.046177533,0.595227,0.44121516,-0.03421653,0.5684752,0.49730533,-0.025974171,0.51371485,0.38011095,-0.06857347,0.59953445,0.401224,-0.062125675,0.60046357,0.47593948,-0.04672726,0.57653576,0.5136901,-0.03489303,3
0.43550432,0.7324658,-3.684887e-07,0.42812523,0.56696206,0.02808486,0.4451476,0.4324001,0.023304071,0.4937174,0.37452295,0.008313241,0.5423925,0.3694251,-0.004257594,0.40634543,0.31944597,0.016260628,0.5225337,0.28610718,-0.0029369711,0.54101264,0.37510628,-0.017119937,0.5181754,0.43774894,-0.026702946,0.4295145,0.3155514,-0.012640993,0.55456895,0.3075152,-0.024150768,0.56393677,0.40715897,-0.028129356,0.5330642,0.46687105,-0.030475182,0.46575335,0.33509105,-0.040438544,0.5837622,0.3359818,-0.04310952,0.5864321,0.44193926,-0.03134631,0.55576795,0.49333313,-0.024432238,0.50981325,0.3774396,-0.06805376,0.5971663,0.397299,-0.060842395,0.5940661,0.47691053,-0.045245565,0.567078,0.5130486,-0.034344256,3
0.43083078,0.7469342,-4.6357613e-07,0.44461203,0.59527284,0.027125683,0.468929,0.4553465,0.024350204,0.5190185,0.3912621,0.011405298,0.5614679,0.3828822,0.0018246782,0.40837163,0.3180825,0.024213921,0.52972454,0.28825834,0.005944186,0.543199,0.383902,-0.009457547,0.51572555,0.44489524,-0.02087503,0.42615092,0.31284058,-0.004227995,0.55951667,0.31429148,-0.015576899,0.56368095,0.41793206,-0.020163262,0.5295827,0.4712704,-0.023605095,0.45810106,0.33373165,-0.03253259,0.58513945,0.34564313,-0.03635332,0.5828467,0.45216647,-0.026882697,0.54801434,0.49279907,-0.022208473,0.49992317,0.37659,-0.060788322,0.59578836,0.40134025,-0.05479213,0.58880454,0.48475653,-0.04169258,0.557828,0.5137704,-0.033628434,3
0.42473924,0.7545154,-5.3486406e-07,0.45002443,0.60312253,0.022307672,0.48024037,0.4649332,0.018774377,0.53081435,0.39868602,0.006142359,0.5699265,0.3747868,-0.002741086,0.41532618,0.31260553,0.023794902,0.54006785,0.30304903,0.0020309607,0.55201,0.4084092,-0.016050179,0.52416396,0.4735596,-0.02844961,0.42944902,0.30820787,-0.0018652218,0.56721467,0.32498103,-0.01931817,0.5690887,0.443012,-0.026391229,0.53532714,0.50627196,-0.029087726,0.45633322,0.3304203,-0.028081357,0.58856446,0.36014643,-0.038439285,0.5826631,0.47634527,-0.03076726,0.5475215,0.52426434,-0.024478212,0.49239358,0.37405902,-0.05434698,0.58999264,0.4132836,-0.053448316,0.5813323,0.49974376,-0.042268235,0.550667,0.5288076,-0.033729877,3
0.42348504,0.7521466,-5.1833325e-07,0.46975943,0.61732244,0.01511394,0.5044117,0.4901893,0.007941376,0.550533,0.41459507,-0.007185044,0.5843368,0.37272963,-0.017387368,0.42290375,0.31031245,0.015711319,0.55512714,0.30588382,-0.011871441,0.56644243,0.42113692,-0.03227438,0.5380758,0.49081716,-0.04464741,0.42873895,0.304342,-0.0068752235,0.5786377,0.33366084,-0.028751532,0.57773745,0.46059793,-0.033509787,0.5419693,0.5266887,-0.03401138,0.44767076,0.32815543,-0.031366054,0.59006566,0.37245196,-0.046665672,0.5816865,0.49719006,-0.03698217,0.54560715,0.55308855,-0.02821873,0.47698504,0.3737179,-0.05652748,0.5805269,0.4254865,-0.05872959,0.5730537,0.5130895,-0.04766914,0.54237926,0.5449834,-0.03864296,3
0.41761097,0.74858326,-4.93278e-07,0.44564757,0.59807336,0.021989664,0.4741349,0.46694496,0.017927852,0.51996094,0.39175817,0.004625584,0.5593628,0.35685933,-0.004683776,0.41737303,0.30666375,0.020274542,0.5505549,0.2980864,-0.006247167,0.5629781,0.41522714,-0.023467975,0.53907555,0.4922653,-0.032376237,0.42503807,0.2997649,-0.0046899267,0.5756653,0.32201907,-0.024872696,0.5763317,0.45559615,-0.02501601,0.546221,0.53313565,-0.020920038,0.44378865,0.32350266,-0.031291652,0.5864811,0.36459237,-0.04457692,0.57674605,0.49265686,-0.031688567,0.54367286,0.5558874,-0.019639933,0.47117737,0.3708883,-0.05812939,0.57464874,0.4177555,-0.058560736,0.566214,0.5079976,-0.04578302,0.53742415,0.54568166,-0.034696985,3
0.41709226,0.74708796,-5.081098e-07,0.46121424,0.6106913,0.015115846,0.4899774,0.48083112,0.010491622,0.52543867,0.39764085,-0.0019669272,0.55265224,0.35279715,-0.009811982,0.41980523,0.30513746,0.018027568,0.5532943,0.30082816,-0.010561275,0.5634283,0.4204427,-0.030076718,0.53844386,0.50003135,-0.03996672,0.42205155,0.2965195,-0.0028196757,0.57276124,0.32270262,-0.025498236,0.57167274,0.4578084,-0.027156236,0.54167134,0.5375652,-0.023417313,0.43674502,0.31924635,-0.0262197,0.5788205,0.3645894,-0.04177361,0.5687375,0.49197924,-0.03073615,0.5371113,0.5582978,-0.019236531,0.46142343,0.36460525,-0.050380327,0.56624615,0.41298243,-0.052263048,0.5585527,0.5012519,-0.04118071,0.53118503,0.5406468,-0.031026125,3
0.4140147,0.7425346,-5.20941e-07,0.4747585,0.605976,0.018351074,0.5046172,0.47789612,0.014594619,0.5360187,0.39303476,0.002042288,0.55752337,0.3419301,-0.005964971,0.41737312,0.30074412,0.02074393,0.552224,0.29747492,-0.006786848,0.56000066,0.4150985,-0.02646003,0.5314938,0.4879101,-0.03734471,0.41781127,0.29583442,-0.0026955365,0.5702865,0.3205793,-0.024918413,0.5682503,0.45350635,-0.027063426,0.5360012,0.5305654,-0.024592273,0.43205667,0.32242084,-0.02837329,0.57555884,0.3668811,-0.042973634,0.5657345,0.494825,-0.031254284,0.532831,0.5614395,-0.020447217,0.45735478,0.37085322,-0.05470981,0.56602854,0.4159564,-0.056024525,0.5602931,0.50161743,-0.044740796,0.5331899,0.5407032,-0.035377692,3
0.4152491,0.734995,-5.2162386e-07,0.49622115,0.5966778,0.022011522,0.5267313,0.47941753,0.02082485,0.5502039,0.3984118,0.009412898,0.5610574,0.34228325,0.0023169587,0.4166633,0.2998805,0.028291343,0.54704344,0.2988079,0.0034875819,0.5551788,0.40358275,-0.016561847,0.52975327,0.46615654,-0.029009797,0.41532472,0.29905766,0.0022457757,0.56582344,0.32590657,-0.021367477,0.5633862,0.45222226,-0.026882963,0.53123695,0.52402216,-0.026511082,0.42877653,0.3269781,-0.025631288,0.56963205,0.3709058,-0.040151678,0.55969,0.49369043,-0.029597146,0.5275516,0.5574725,-0.019704867,0.45352736,0.37433082,-0.05410409,0.55809754,0.4154414,-0.055924565,0.55282885,0.49457702,-0.04524214,0.5281199,0.5317746,-0.036308035,3
0.41619086,0.7284919,-5.437028e-07,0.50130314,0.59643245,0.021920225,0.5304634,0.4799552,0.023817033,0.55174893,0.4031847,0.015715113,0.5593352,0.34261423,0.012325459,0.41497648,0.30208418,0.03464501,0.54096335,0.30008695,0.009547821,0.54589295,0.40730143,-0.010680873,0.51705956,0.46580166,-0.0233974,0.41185668,0.29701507,0.008565493,0.5599112,0.31512323,-0.016139783,0.55406034,0.44026044,-0.022014774,0.5181964,0.5016928,-0.021333579,0.4237164,0.3197947,-0.020134445,0.56400514,0.35964695,-0.038355954,0.5527089,0.48296154,-0.029398248,0.5173289,0.5354253,-0.019780155,0.44710204,0.36388284,-0.04922959,0.55059505,0.40859762,-0.055313442,0.5421704,0.49312365,-0.046814322,0.5133327,0.5243745,-0.039084677,3
0.41613087,0.7308963,-6.0163694e-07,0.50473243,0.5991546,0.030751111,0.53061396,0.4790568,0.03746015,0.54832965,0.40113625,0.032337796,0.55626255,0.33739918,0.031474322,0.41961288,0.30387586,0.044085503,0.54191583,0.30692202,0.01939903,0.5475238,0.4147383,-0.0011191244,0.5222526,0.473887,-0.013887482,0.41473848,0.297661,0.013293694,0.5611338,0.3144635,-0.012777243,0.55626696,0.4422565,-0.0195401,0.52324104,0.5110183,-0.018571334,0.4249125,0.32066232,-0.01980031,0.5658526,0.36588287,-0.039435126,0.5545428,0.49731302,-0.03088573,0.51996815,0.5571224,-0.020895844,0.4464898,0.3654806,-0.05268192,0.5525824,0.41884705,-0.060520977,0.5450015,0.50498974,-0.05333025,0.51667464,0.53683585,-0.046323545,3
0.42009404,0.7359872,-5.6498914e-07,0.5149701,0.6014715,0.034653846,0.5426225,0.4901888,0.039411213,0.5660737,0.4188765,0.029874742,0.5774344,0.37327808,0.024863798,0.4206656,0.31051037,0.055050537,0.53598994,0.3128537,0.029670188,0.5359495,0.42152905,0.007639944,0.5063062,0.46665102,-0.007274555,0.41399294,0.3036408,0.01860207,0.5563992,0.31065166,-0.009411354,0.54792166,0.4348713,-0.01899645,0.5101613,0.4847232,-0.019959066,0.42147952,0.3237858,-0.02059202,0.5602026,0.35728586,-0.04147686,0.5455404,0.48299855,-0.034791842,0.5049666,0.5241628,-0.0262578,0.44242248,0.3641283,-0.059396718,0.5489265,0.40495014,-0.066628136,0.54124975,0.48615083,-0.059410702,0.5110917,0.505506,-0.052957647,3
0.42008153,0.73745465,-6.016476e-07,0.51560485,0.61739606,0.027841324,0.5452973,0.5128161,0.030640667,0.57046586,0.44351757,0.021099562,0.579706,0.37958735,0.016831724,0.4288778,0.31835523,0.053783953,0.5422003,0.3213873,0.027515758,0.5413669,0.43223366,0.0048855147,0.51017606,0.473716,-0.010666128,0.4182005,0.30526423,0.02095155,0.55472875,0.30294108,-0.006773548,0.5487892,0.43065572,-0.016344834,0.5145792,0.4732411,-0.017455507,0.42117763,0.3196281,-0.015476829,0.5551123,0.34088364,-0.037825514,0.5453805,0.46393824,-0.030456878,0.50647575,0.49404922,-0.021684844,0.43744078,0.35675585,-0.05187347,0.54077375,0.393148,-0.061489757,0.53320456,0.4783568,-0.053633157,0.50007004,0.49341708,-0.046503287,3
0.42500818,0.7384761,-5.8278727e-07,0.51781875,0.6337074,0.019914934,0.54831463,0.5386785,0.016022466,0.57454646,0.4718039,0.0011793163,0.5812329,0.3951332,-0.0076449723,0.43815982,0.32533437,0.0436723,0.54735076,0.3258167,0.0114212595,0.54585314,0.43944603,-0.012806807,0.5129723,0.47941414,-0.028428942,0.42458367,0.3084293,0.012583117,0.5563911,0.30160606,-0.01857728,0.5519497,0.43812996,-0.026091037,0.5166163,0.47231475,-0.025520919,0.42344606,0.31743357,-0.023209589,0.5551401,0.32715553,-0.051787537,0.54760826,0.45754594,-0.040854286,0.5059951,0.48130515,-0.028848987,0.43440238,0.35080114,-0.059226617,0.5367649,0.38052788,-0.07417836,0.5296289,0.47487372,-0.06362676,0.4917248,0.48990324,-0.053570647,3
0.43295464,0.7402425,-5.250053e-07,0.52415293,0.6379555,0.008416076,0.5639341,0.5474646,-0.0012107724,0.59111786,0.47376293,-0.019702619,0.58226144,0.39344424,-0.030985491,0.45563367,0.3321594,0.029509844,0.5540725,0.31812462,-0.006486166,0.5529174,0.43299425,-0.02928371,0.51861155,0.46511734,-0.042508904,0.43704042,0.316062,0.004133487,0.5559819,0.30156708,-0.0297015,0.5534072,0.43801403,-0.03565168,0.51734185,0.46165386,-0.03356916,0.42733338,0.32287142,-0.026652288,0.54664296,0.322582,-0.05839324,0.5400744,0.45242718,-0.045883656,0.49809712,0.4736342,-0.03173261,0.42739204,0.35302353,-0.058414746,0.52442175,0.37090343,-0.07553925,0.5197582,0.45881242,-0.06463911,0.48250756,0.47425878,-0.05312336,3
0.43723089,0.7388444,-5.405701e-07,0.5236797,0.6539352,-0.0045164204,0.5746505,0.5724726,-0.020820618,0.60676956,0.4855646,-0.04375648,0.5887762,0.40414906,-0.058876716,0.4926729,0.35477883,0.021860896,0.57942593,0.34880453,-0.020928381,0.56972647,0.46168333,-0.04739223,0.5314281,0.4862981,-0.06194331,0.4661139,0.33479363,0.0019203025,0.5668997,0.31679928,-0.039338738,0.5591197,0.45949814,-0.047581613,0.51953393,0.47551683,-0.04564812,0.44355968,0.3318308,-0.025026128,0.54863465,0.31716692,-0.06597268,0.5408909,0.45414588,-0.05331696,0.49671325,0.47323677,-0.036503073,0.42519823,0.35212755,-0.053578984,0.5164151,0.36054486,-0.076583,0.5121679,0.45331362,-0.06529338,0.4732131,0.46991256,-0.051910624,3
0.43804842,0.73762083,-4.7386126e-07,0.52430105,0.6763159,-0.016491756,0.5849146,0.59442216,-0.03428557,0.61513126,0.49271804,-0.05540492,0.5909754,0.403935,-0.06850427,0.51921195,0.38307405,0.007037083,0.58984566,0.35059518,-0.0365797,0.5763793,0.466638,-0.061591145,0.53905386,0.49045315,-0.074656285,0.48682705,0.35854888,-0.00575307,0.5691427,0.3126188,-0.050421454,0.5592602,0.45564938,-0.061516047,0.520021,0.47451317,-0.060522906,0.45575434,0.35078728,-0.025463305,0.5428691,0.3139866,-0.07024785,0.5352151,0.45334104,-0.058985688,0.4927888,0.4717903,-0.04167154,0.42483246,0.36384887,-0.04694976,0.5064648,0.35697997,-0.073290385,0.503029,0.45201933,-0.06212998,0.46480796,0.46950763,-0.047891498,3
0.4405405,0.74848545,-4.325707e-07,0.5291885,0.6910188,-0.019841602,0.59259343,0.6046863,-0.036198646,0.62042344,0.50016916,-0.05500257,0.596109,0.40854198,-0.06630376,0.5384306,0.38707736,0.0061234655,0.604089,0.34684652,-0.03695645,0.58875644,0.4634272,-0.0635525,0.5514528,0.4826373,-0.07788679,0.50204027,0.3640723,-0.004279069,0.57465464,0.31184125,-0.04804869,0.5641026,0.45346108,-0.062049206,0.52533394,0.46807778,-0.06364869,0.46525583,0.358646,-0.021555576,0.5418148,0.3139629,-0.06624009,0.5352454,0.4520625,-0.05606245,0.49443802,0.46594828,-0.039739937,0.42496926,0.3727916,-0.040546246,0.4994653,0.3585124,-0.067263305,0.49853605,0.45353997,-0.05468431,0.4621088,0.4702629,-0.0392024,3
0.44382358,0.75288,-4.22264e-07,0.5352362,0.6956499,-0.01395333,0.5976882,0.60301083,-0.025514921,0.62534344,0.49908513,-0.04079855,0.6009063,0.41452062,-0.049073305,0.54676527,0.39538193,0.009386765,0.59917104,0.33343357,-0.029276868,0.5918689,0.4463466,-0.049871966,0.5589201,0.47836334,-0.05864852,0.5094399,0.37828737,-0.002471697,0.5716398,0.30675045,-0.043912888,0.5646707,0.44703186,-0.056589864,0.52663696,0.4713651,-0.055960003,0.47097018,0.3721896,-0.020264642,0.5385581,0.31974083,-0.0643736,0.5329323,0.45834887,-0.054891095,0.493178,0.47851014,-0.0374624,0.42713577,0.38284454,-0.038923215,0.49823573,0.3579898,-0.06545132,0.4981053,0.45466754,-0.052101173,0.46201548,0.47676826,-0.03509021,3
0.44854438,0.75729907,-4.2339408e-07,0.54010564,0.7060942,-0.015462078,0.6031892,0.6039426,-0.025382647,0.6320702,0.49505356,-0.038844075,0.6039698,0.41260386,-0.045459397,0.5555692,0.40752593,0.010627374,0.60510826,0.33110702,-0.028597604,0.5972353,0.44646,-0.051396765,0.5668174,0.48663652,-0.061387226,0.5163477,0.39179516,0.0001619387,0.5720253,0.30574158,-0.043494597,0.5651627,0.44833452,-0.059019428,0.5300011,0.48252326,-0.059007853,0.47522628,0.38549897,-0.016315946,0.5353231,0.31897444,-0.060664248,0.531972,0.457725,-0.052280612,0.49622643,0.48386648,-0.034728616,0.4286198,0.3937617,-0.03388669,0.49572232,0.35694328,-0.059804592,0.4966501,0.4527363,-0.04624522,0.46383587,0.47859356,-0.028805899,3
0.44867814,0.76052743,-4.1605247e-07,0.5414857,0.70836055,-0.016862117,0.60488,0.60369116,-0.026675483,0.6351102,0.49193397,-0.0400911,0.60728973,0.40656632,-0.04665074,0.56128263,0.41538313,0.010293178,0.60894793,0.33280557,-0.031121688,0.5990237,0.44888458,-0.054095875,0.5681921,0.4941939,-0.06292057,0.52239174,0.39890942,0.00038017496,0.57357985,0.30631423,-0.04607643,0.5643274,0.45217475,-0.06173688,0.5304472,0.49004582,-0.060256384,0.48012066,0.39244124,-0.015851604,0.5351094,0.31590772,-0.06245767,0.5302439,0.45743224,-0.05300085,0.4963006,0.4875082,-0.033243924,0.4295562,0.39780954,-0.0332019,0.491318,0.35155213,-0.059574272,0.49337703,0.44613245,-0.044425372,0.46460262,0.47351566,-0.024928851,3
0.4508134,0.7607534,-3.8946249e-07,0.54174054,0.7041385,-0.016706109,0.6063553,0.59731054,-0.026973968,0.63909614,0.48211884,-0.04096114,0.6068311,0.39679366,-0.048520487,0.5649045,0.42076296,0.01045612,0.61056155,0.33457857,-0.029536493,0.60004437,0.44861534,-0.052916206,0.5714808,0.49805877,-0.0623482,0.52574736,0.4031564,0.00062838517,0.573656,0.30802798,-0.04363198,0.56454355,0.4514838,-0.05939698,0.53420866,0.49373722,-0.05857801,0.48166278,0.3961469,-0.015219417,0.5325288,0.30586085,-0.059413914,0.5303064,0.44780004,-0.048814252,0.50153846,0.48764917,-0.028896913,0.42810184,0.40187424,-0.03237564,0.48676562,0.3466292,-0.057958957,0.49146697,0.4416726,-0.042010702,0.46809077,0.47642905,-0.022040274,3
0.45472765,0.7627867,-3.8968372e-07,0.54413456,0.70416677,-0.014527493,0.6070725,0.5903478,-0.021945953,0.6392613,0.47534686,-0.0329935,0.6059226,0.39791605,-0.03822055,0.56531686,0.41652766,0.011933937,0.6069361,0.32652584,-0.02500222,0.60117173,0.43973875,-0.046821907,0.5753456,0.49402404,-0.05544626,0.52729225,0.40145087,0.0020722968,0.5704578,0.30128783,-0.038649783,0.5657456,0.44557312,-0.0536779,0.5371725,0.4937589,-0.053067207,0.4831734,0.398076,-0.013312415,0.5288299,0.30191684,-0.054900393,0.5300872,0.4435115,-0.044371616,0.50296444,0.48789653,-0.02505218,0.42822403,0.40732998,-0.029703382,0.48085687,0.34110743,-0.05404646,0.48838562,0.43470037,-0.037569847,0.46734008,0.4729782,-0.017584767,3
0.45295113,0.76454246,-4.0238987e-07,0.546991,0.6984144,-0.010868744,0.6083527,0.5837592,-0.015081569,0.6382395,0.4656825,-0.02358123,0.6032785,0.39299682,-0.026697068,0.5641874,0.4146735,0.017904278,0.60377353,0.31645143,-0.017274281,0.60085773,0.42870727,-0.038413335,0.5769712,0.48757377,-0.04620657,0.52646065,0.40063977,0.00728212,0.56697184,0.29432893,-0.031195598,0.5641219,0.43856514,-0.046444274,0.5373178,0.48964927,-0.04621581,0.48275334,0.40053546,-0.008538597,0.5249137,0.29737252,-0.047692478,0.5272343,0.43863273,-0.03619439,0.50175136,0.48654714,-0.016609617,0.42706084,0.4141541,-0.02507002,0.4752349,0.33656284,-0.04680882,0.48380083,0.43170184,-0.027948333,0.4648425,0.47509792,-0.0065058726,3
0.45650795,0.7678211,-3.851272e-07,0.54957736,0.694805,-0.011981084,0.6099295,0.57848674,-0.01745682,0.6379895,0.4573016,-0.02751781,0.5995402,0.38617706,-0.032047767,0.56238335,0.41484174,0.018044975,0.60113126,0.3121119,-0.018762117,0.60088944,0.4265911,-0.040269624,0.57884693,0.48681495,-0.04752478,0.5247251,0.40488213,0.007821599,0.56371236,0.29228464,-0.031501647,0.56371915,0.44024843,-0.04590327,0.53841895,0.4920074,-0.044466607,0.48163062,0.40626356,-0.008011675,0.52184635,0.29417425,-0.04886627,0.5261565,0.4398386,-0.036376074,0.5016814,0.4907598,-0.015230103,0.42579198,0.41874307,-0.024680862,0.4717422,0.3346393,-0.04703323,0.48219448,0.43114612,-0.02767129,0.46526587,0.47789022,-0.005443033,3
0.45868096,0.76767707,-3.90382e-07,0.5517944,0.69028026,-0.010267315,0.609779,0.5711939,-0.014671407,0.63397807,0.44671676,-0.023847383,0.5937463,0.3807302,-0.028252814,0.5633258,0.41313556,0.018335812,0.59847915,0.30646038,-0.016382366,0.60019255,0.41854224,-0.037615698,0.57953435,0.48399094,-0.04528239,0.5241501,0.4045433,0.007642641,0.55882776,0.2844025,-0.029669479,0.5624391,0.42964414,-0.043962076,0.54035133,0.48979467,-0.043008596,0.48006234,0.40889415,-0.008200367,0.51662236,0.29302666,-0.047128063,0.5247089,0.43473467,-0.035265986,0.50306094,0.49224386,-0.015017737,0.42416722,0.4260761,-0.024781162,0.46697026,0.33489847,-0.046777178,0.48075438,0.4286052,-0.028162526,0.46653333,0.47945115,-0.0067275898,3
0.46460086,0.76948065,-3.5747738e-07,0.55374753,0.68558395,-0.013881396,0.61134,0.5625549,-0.021217939,0.6308876,0.43629178,-0.032473274,0.58706826,0.36964917,-0.039138857,0.56260586,0.40236557,0.012653618,0.59423804,0.2979157,-0.02323186,0.59835243,0.40855962,-0.045401838,0.5801189,0.47557485,-0.05361332,0.52153236,0.3970465,0.003229952,0.5518717,0.27797723,-0.033850342,0.5584074,0.423167,-0.047656514,0.53917795,0.48681885,-0.04637207,0.47633135,0.40635377,-0.01147342,0.507349,0.29262245,-0.050830472,0.51962245,0.43337098,-0.039992884,0.5017474,0.49421445,-0.020246962,0.42078546,0.4300639,-0.027143018,0.45793968,0.33802402,-0.050764997,0.4765056,0.4305156,-0.033623207,0.46756664,0.48498106,-0.012749397,3
0.46587086,0.77277654,-3.8241058e-07,0.5540428,0.68474054,-0.0161019,0.61052245,0.55935323,-0.023985455,0.62821716,0.42879933,-0.035539296,0.5833687,0.36240003,-0.042296913,0.56273705,0.40148702,0.013485199,0.59226614,0.29385412,-0.022947589,0.5947527,0.40697566,-0.047047917,0.5777756,0.47333682,-0.05701335,0.5201161,0.3963158,0.0053591887,0.5481391,0.27732277,-0.031185875,0.5548946,0.42224428,-0.045626614,0.5374009,0.48374742,-0.045199476,0.47378862,0.40794045,-0.008456857,0.5009304,0.28995073,-0.04643902,0.5147938,0.42762166,-0.03572438,0.49936563,0.48905987,-0.01665902,0.41754705,0.43520522,-0.023633434,0.45093754,0.3426935,-0.046263214,0.47088397,0.4323346,-0.029535048,0.46450967,0.48597932,-0.009206752,3
0.4675797,0.77480614,-3.971223e-07,0.5571565,0.67856914,-0.013613303,0.6120359,0.5552277,-0.020587536,0.62735254,0.42484775,-0.03165329,0.5815246,0.36204618,-0.037783496,0.56217396,0.40053988,0.016935477,0.5913555,0.2943561,-0.018222183,0.59277064,0.4088031,-0.042155348,0.57512087,0.47442853,-0.052370932,0.5191448,0.39662227,0.008033047,0.5464286,0.27900216,-0.02763176,0.55340284,0.42520058,-0.042284943,0.5362064,0.486502,-0.04244569,0.4729416,0.4100204,-0.0062620654,0.49872425,0.29076466,-0.042488825,0.5136156,0.42761874,-0.03103538,0.4985697,0.48928037,-0.012033738,0.4164624,0.43911612,-0.021807294,0.44902092,0.3438645,-0.042280663,0.46960583,0.43197957,-0.024195397,0.46358183,0.48510504,-0.0033394985,3
0.46754128,0.7736697,-3.9306337e-07,0.5569272,0.6784886,-0.014625136,0.6112603,0.555159,-0.022045467,0.6264724,0.42397892,-0.033494774,0.580656,0.35887963,-0.040087525,0.5617747,0.39888418,0.016544724,0.5901921,0.29186374,-0.018645246,0.59266907,0.40639082,-0.042268798,0.5755359,0.4731895,-0.052225105,0.51856035,0.39469802,0.007971209,0.5449654,0.2758184,-0.027988695,0.55284697,0.42252672,-0.042479225,0.53640896,0.48528615,-0.04231742,0.47180057,0.40831944,-0.006139403,0.49746552,0.28988218,-0.043400906,0.5129338,0.42754614,-0.03212962,0.49846482,0.49048516,-0.012911995,0.41499442,0.43879318,-0.021510806,0.4475469,0.3436878,-0.043447986,0.46880487,0.43353456,-0.02595062,0.46336883,0.48839846,-0.0051983246,3
0.4667387,0.77297264,-3.9335188e-07,0.556818,0.67920995,-0.015035106,0.6108821,0.55462396,-0.022713792,0.62607944,0.4244348,-0.034447044,0.5805128,0.3597082,-0.04152607,0.5607043,0.3991627,0.014878907,0.5896299,0.29151362,-0.020039307,0.5915042,0.40501317,-0.043557346,0.5732049,0.4725725,-0.053630143,0.51733375,0.39534444,0.006342975,0.544135,0.27585286,-0.029728774,0.55150783,0.42201543,-0.04452587,0.53407514,0.48687017,-0.044590905,0.470241,0.4084463,-0.007637808,0.4956814,0.28874588,-0.044784784,0.5109835,0.42586607,-0.034177974,0.4961467,0.49022648,-0.015445105,0.41330916,0.43787462,-0.022914862,0.44573843,0.3428048,-0.04488582,0.46731824,0.43116736,-0.028042499,0.46212575,0.48601612,-0.007889273,3
0.46604824,0.7715655,-3.788553e-07,0.55580395,0.67813283,-0.018481607,0.6116849,0.55051,-0.02795005,0.62426263,0.41747627,-0.04066526,0.57555073,0.35497516,-0.04821254,0.5594515,0.39257586,0.011958571,0.5887081,0.2888633,-0.024351276,0.5912381,0.4053924,-0.047964472,0.5737495,0.47127116,-0.05788098,0.5150085,0.38888443,0.004579541,0.5423622,0.2732163,-0.032545812,0.55038095,0.42177433,-0.046428613,0.5329933,0.48409748,-0.04546107,0.4676938,0.4025058,-0.00864803,0.49426788,0.2877946,-0.04715451,0.5096854,0.42728278,-0.03562117,0.49410647,0.48944613,-0.015887583,0.41111737,0.4325958,-0.02346908,0.44489402,0.3415448,-0.04609743,0.46572363,0.4309798,-0.028760718,0.45892397,0.48380998,-0.007956435,3
0.46541885,0.77089334,-3.8480687e-07,0.5564953,0.67314327,-0.01532452,0.6104468,0.5475838,-0.023655068,0.6247253,0.41668653,-0.03607533,0.5772965,0.35200387,-0.043677315,0.55774,0.39143384,0.01456508,0.5864554,0.2860405,-0.020783728,0.58978665,0.40061933,-0.043977182,0.5718166,0.46869713,-0.05355612,0.5142379,0.38923272,0.0058742934,0.5403593,0.2721529,-0.030715765,0.54942554,0.41913217,-0.045119222,0.53197306,0.4842152,-0.04470514,0.46734697,0.40387046,-0.008317647,0.49281642,0.28464115,-0.0460705,0.5095375,0.42362893,-0.034531385,0.49432412,0.4890481,-0.014954928,0.4105183,0.43511266,-0.02385563,0.44357917,0.33989394,-0.046340458,0.46582773,0.42895257,-0.02891962,0.4601517,0.48456594,-0.008059765,3
0.46428648,0.76882344,-3.74888e-07,0.55417633,0.67413026,-0.01836047,0.60903656,0.5487274,-0.028426804,0.6231015,0.4175142,-0.042105976,0.57531995,0.35075063,-0.050718173,0.5585636,0.3910414,0.01148537,0.58628154,0.28504696,-0.025091438,0.58893144,0.39959973,-0.048787683,0.57078815,0.46767938,-0.05852588,0.5148548,0.3878136,0.0039213323,0.54003465,0.270985,-0.03384942,0.54811597,0.416711,-0.04855524,0.5306721,0.48169506,-0.048113056,0.46751493,0.40164798,-0.009482406,0.4924662,0.28327602,-0.04843292,0.5083477,0.42167675,-0.037795406,0.4933556,0.48734218,-0.018537372,0.41087005,0.43204135,-0.02447751,0.44432473,0.3397397,-0.048097625,0.46598372,0.42779416,-0.031943943,0.46017507,0.48249888,-0.011807704,3
0.4644911,0.76616687,-3.6565618e-07,0.55201226,0.6729799,-0.019777764,0.60751164,0.5466463,-0.030759236,0.6205444,0.41696224,-0.044912186,0.57405394,0.3486964,-0.05393818,0.55763483,0.38789278,0.007567016,0.5850441,0.28143507,-0.029186347,0.5871463,0.39655423,-0.05225941,0.56961906,0.4650152,-0.061608218,0.5138534,0.3842803,0.0004691826,0.53833234,0.2690181,-0.037308827,0.5458605,0.41246545,-0.051488552,0.52917475,0.47657594,-0.05101143,0.46619934,0.39821815,-0.012402662,0.49096227,0.2817306,-0.051333867,0.5064801,0.41827464,-0.040832993,0.4924366,0.4838184,-0.021961289,0.40952492,0.42852056,-0.02695788,0.44249856,0.3371967,-0.051137753,0.46511036,0.42493212,-0.035616055,0.46054158,0.48071143,-0.015976632,3
0.46197224,0.76481986,-3.6748438e-07,0.5492103,0.67117864,-0.021893395,0.60727215,0.54650974,-0.03416312,0.61989284,0.4143322,-0.049081925,0.572135,0.34699157,-0.058787595,0.55657816,0.38471413,0.0051110317,0.5847542,0.27987993,-0.031991918,0.58619744,0.3955706,-0.05517529,0.5686676,0.46165937,-0.06475303,0.51225936,0.38123372,-0.0010673743,0.5377107,0.26805893,-0.039280586,0.5447443,0.4126094,-0.053447872,0.5275656,0.4749909,-0.05303493,0.46487594,0.39555097,-0.013026139,0.48939005,0.278368,-0.05214368,0.50481576,0.41595718,-0.04102345,0.4905148,0.48146388,-0.02185791,0.4079901,0.42659572,-0.026839525,0.44035405,0.3352364,-0.051009566,0.4628819,0.42327166,-0.035065066,0.458415,0.47895557,-0.015123009,3
0.46113107,0.76268065,-3.718732e-07,0.54807717,0.66864604,-0.020856535,0.60645795,0.54274374,-0.032439385,0.61896014,0.4112271,-0.046716645,0.5712565,0.3447838,-0.055828303,0.55456233,0.38367754,0.0049072024,0.58263206,0.2779311,-0.031591766,0.58499277,0.3936744,-0.054284595,0.56788903,0.4607244,-0.0636803,0.51022685,0.37994355,-0.001766134,0.53544724,0.26476777,-0.03971504,0.5431316,0.409242,-0.053936042,0.5257356,0.47316825,-0.053663094,0.46286878,0.3939647,-0.013984907,0.48717004,0.2754972,-0.05259987,0.5033113,0.4125638,-0.041635618,0.48884228,0.4776973,-0.022773076,0.4059925,0.42453533,-0.027951427,0.43795437,0.33156437,-0.051640715,0.46098262,0.41848078,-0.035618607,0.45617384,0.47348154,-0.015857084,3
0.45953166,0.76118433,-3.6865194e-07,0.54662913,0.66617215,-0.0228985,0.60638,0.539193,-0.035401322,0.6178548,0.40535736,-0.05023005,0.5684958,0.3411043,-0.05964708,0.5528231,0.3801934,0.0037957428,0.5811607,0.27685338,-0.033018228,0.5835254,0.3940012,-0.05538788,0.5670179,0.45884773,-0.06464833,0.50819707,0.3771757,-0.0020959491,0.5337207,0.26470774,-0.04059627,0.5416027,0.41005927,-0.054571457,0.5241893,0.4704999,-0.05404627,0.46096414,0.39176533,-0.01373425,0.48475057,0.27371633,-0.053019557,0.5014802,0.41099048,-0.041698772,0.48707777,0.4745086,-0.022531569,0.40422463,0.42262995,-0.02729811,0.43568403,0.3301205,-0.05143924,0.45899472,0.41734266,-0.035385266,0.4541264,0.47207037,-0.0155078005,3
0.45876947,0.7576394,-3.776832e-07,0.54629374,0.66238374,-0.020279441,0.60497844,0.53579736,-0.031637534,0.6170657,0.40491563,-0.045707542,0.5678834,0.342149,-0.054596957,0.5521298,0.37703785,0.0048898715,0.58063203,0.27507102,-0.031136319,0.5821482,0.39198515,-0.053252067,0.56503296,0.45837316,-0.06244444,0.50718254,0.3738791,-0.0020968132,0.5325919,0.2636162,-0.039747193,0.5397196,0.40854007,-0.05339214,0.5225249,0.47045225,-0.052904062,0.45948166,0.3891237,-0.0145054655,0.48339155,0.27283788,-0.052676555,0.4996258,0.40988755,-0.0409093,0.48549196,0.47370267,-0.021839801,0.40263656,0.42149568,-0.028636204,0.4346153,0.32992908,-0.051935043,0.45727307,0.41781896,-0.035203084,0.4524001,0.47210366,-0.015082348,3
0.45714915,0.75622016,-4.000514e-07,0.54506326,0.6647634,-0.0212123,0.60557675,0.5382645,-0.03215638,0.6178591,0.40320763,-0.045333035,0.5659632,0.34196663,-0.053169794,0.5544077,0.3762605,0.005676158,0.5818307,0.27620327,-0.029802466,0.580862,0.39459014,-0.05204831,0.5644635,0.45895085,-0.06164893,0.50788355,0.37192824,-0.0003719941,0.5317068,0.26336336,-0.038403407,0.53760636,0.4095524,-0.05252852,0.5217473,0.47063357,-0.052200314,0.45921305,0.38746974,-0.01177061,0.4808943,0.27299154,-0.049522363,0.49649957,0.4109145,-0.037317276,0.4835954,0.4743638,-0.017983824,0.40195453,0.42049843,-0.025006484,0.4314909,0.32974136,-0.047245502,0.4533535,0.4180106,-0.029963564,0.44933793,0.47061846,-0.009527941,3
0.45785627,0.7567142,-3.8573015e-07,0.5454412,0.6633171,-0.020202307,0.6045324,0.53519106,-0.031216888,0.61533433,0.4016056,-0.044764232,0.56385136,0.3415315,-0.05341419,0.5510495,0.37740853,0.0035770042,0.57715076,0.27394587,-0.031656213,0.5789461,0.39093256,-0.053318713,0.56304485,0.45913303,-0.062407527,0.5048518,0.37527493,-0.0032277305,0.5279266,0.26237896,-0.04085517,0.535964,0.40682247,-0.054807063,0.5197685,0.47229075,-0.054557964,0.45639473,0.39135367,-0.015151138,0.47846767,0.27280882,-0.05295779,0.49574438,0.4092168,-0.041739117,0.48284787,0.47565645,-0.023081305,0.39937213,0.4244001,-0.028765041,0.4291692,0.3290351,-0.052065566,0.4533682,0.41594896,-0.035993937,0.450314,0.4721781,-0.016399005,3
0.45582786,0.75840974,-3.8550093e-07,0.5439285,0.66044635,-0.019658417,0.6029154,0.5350631,-0.030177088,0.6164983,0.40042037,-0.043638885,0.56520444,0.33975813,-0.05182217,0.55097014,0.37791595,0.01011321,0.57994217,0.27631253,-0.025067257,0.5788479,0.39326394,-0.048067875,0.5618114,0.45952243,-0.057967592,0.50522566,0.37363577,0.0035497763,0.5306684,0.26491094,-0.033662863,0.5360731,0.4112391,-0.04832862,0.5198271,0.47409862,-0.04829042,0.4568133,0.3889125,-0.008522889,0.4797226,0.27198526,-0.045196984,0.49543503,0.40896252,-0.033434484,0.48247147,0.4752438,-0.014360672,0.39955443,0.42174515,-0.022418933,0.4299487,0.32942098,-0.043769453,0.4522336,0.41646835,-0.026483223,0.44890323,0.47122523,-0.0059816106,3
0.4567363,0.75667965,-3.7996378e-07,0.5442804,0.66071486,-0.020883659,0.60302347,0.535692,-0.032158058,0.6144419,0.40317616,-0.045801748,0.5650491,0.33996084,-0.05398339,0.55143243,0.37531132,0.005291406,0.5809254,0.27696222,-0.029666916,0.57963187,0.39507875,-0.051103774,0.56264627,0.45812342,-0.06027619,0.5054356,0.37100303,-0.0010161608,0.5317665,0.26466674,-0.038244434,0.5366292,0.41160607,-0.051340163,0.52026016,0.47156322,-0.05065413,0.45687103,0.3864816,-0.0126511175,0.4807709,0.2729064,-0.049875244,0.49569657,0.4112335,-0.03686383,0.4822085,0.4747475,-0.017290588,0.39917463,0.41982013,-0.026097601,0.43032235,0.3301066,-0.048037007,0.45206133,0.41832218,-0.030191565,0.4477841,0.47090897,-0.009496814,3
0.45629916,0.7551491,-3.78441e-07,0.5437591,0.662356,-0.02135409,0.6030186,0.5362445,-0.033039026,0.61522675,0.40423295,-0.046996083,0.5657017,0.33875525,-0.05562964,0.55148065,0.37471744,0.0032745742,0.5784871,0.27432936,-0.032536697,0.57832724,0.3920529,-0.054256428,0.56261617,0.45684856,-0.063412376,0.5047605,0.3714832,-0.002944293,0.5290911,0.26445234,-0.04093931,0.5349893,0.4096285,-0.054361146,0.5192412,0.46994248,-0.05385288,0.45570976,0.38724548,-0.014496047,0.4784912,0.27305877,-0.05284837,0.4940993,0.4108045,-0.040419586,0.481388,0.47445387,-0.021033712,0.39816844,0.42063,-0.02782124,0.42916662,0.33014256,-0.051392954,0.45132354,0.41936567,-0.03449608,0.44735053,0.47321284,-0.014169338,3
0.4561916,0.75744015,-3.9103188e-07,0.5433518,0.66095114,-0.019602021,0.60300606,0.53342694,-0.03050553,0.61579883,0.40020278,-0.04411083,0.5648471,0.34057552,-0.05267184,0.55051255,0.37567228,0.0038313163,0.577178,0.27284223,-0.03088802,0.5766039,0.3907041,-0.052463733,0.56173843,0.45632324,-0.06183685,0.5037803,0.37300724,-0.0030284158,0.52772844,0.26547158,-0.040295355,0.53362167,0.4099837,-0.053978655,0.518393,0.47221178,-0.05396476,0.4549882,0.38935104,-0.014848074,0.47669223,0.27148145,-0.05149073,0.493059,0.40791044,-0.03908404,0.48134547,0.4755631,-0.020208277,0.3973893,0.42326474,-0.028452253,0.42663795,0.32920343,-0.051049847,0.45033762,0.41662428,-0.03438355,0.4485042,0.47380596,-0.014475668,3
0.45617455,0.7561408,-3.941896e-07,0.54331625,0.66000366,-0.020149916,0.6030246,0.53081477,-0.031573143,0.6158584,0.39777327,-0.045727454,0.5645455,0.33849493,-0.054795936,0.55018604,0.37507212,0.002702458,0.5780679,0.27258575,-0.032981582,0.5775674,0.39156836,-0.054797377,0.5617531,0.45507658,-0.06432766,0.50332654,0.37277624,-0.004392235,0.5283615,0.26581454,-0.042388894,0.53425014,0.41153333,-0.055773396,0.51777047,0.47023544,-0.055539954,0.45420972,0.38930905,-0.016565008,0.4768167,0.2706496,-0.054615956,0.493418,0.40932864,-0.041808262,0.48068228,0.47470996,-0.022452163,0.3961082,0.42311257,-0.030495042,0.4258904,0.32972506,-0.054031074,0.45019516,0.41820174,-0.037050083,0.44800895,0.47419834,-0.01682435,3
0.45953667,0.75600237,-3.9215865e-07,0.54609454,0.6583982,-0.021327425,0.6041992,0.5298667,-0.03366092,0.6159529,0.39876312,-0.048529804,0.5658229,0.33591348,-0.058088798,0.55082107,0.3730646,0.0011143424,0.57753843,0.26927406,-0.03500256,0.57707876,0.39065796,-0.056856934,0.56116736,0.45466742,-0.066310786,0.5038759,0.37120163,-0.005588676,0.5284966,0.26336402,-0.04378064,0.53464353,0.4119661,-0.057185736,0.5178213,0.47202343,-0.056896467,0.45442605,0.3883966,-0.01749228,0.47642863,0.26990294,-0.055585433,0.49356475,0.4093892,-0.04314936,0.4808667,0.47568563,-0.023978354,0.39614168,0.4236691,-0.0312218,0.42511582,0.32986963,-0.054903056,0.45043918,0.41773424,-0.038361713,0.44890007,0.47443748,-0.018392121,3
0.46065566,0.7558906,-4.0478113e-07,0.54872125,0.6479618,-0.016332675,0.60421175,0.53089064,-0.026877455,0.6187726,0.40328133,-0.040669482,0.5711694,0.3354699,-0.04912818,0.55345815,0.37206858,0.006928565,0.58246756,0.26955268,-0.027142527,0.5787498,0.39044666,-0.04891028,0.56187344,0.45432773,-0.05879004,0.5072017,0.36681896,-0.00094789994,0.53357965,0.2628721,-0.038551748,0.5363441,0.41386998,-0.0538112,0.5200158,0.47462153,-0.05555462,0.4581854,0.38494065,-0.013073516,0.48014122,0.2716117,-0.048079062,0.49435043,0.4100685,-0.034209654,0.48162878,0.47543576,-0.015237407,0.3992228,0.42335245,-0.026607554,0.42589414,0.3312044,-0.04601858,0.4495778,0.4196867,-0.026404053,0.44787252,0.47237432,-0.0051012305,3
0.46711606,0.7560682,-3.9101226e-07,0.5547941,0.6468934,-0.015293551,0.6093524,0.5287074,-0.024550535,0.6214679,0.39863414,-0.037421595,0.57405317,0.33171368,-0.044980645,0.5610961,0.3739606,0.012212164,0.58939004,0.27463698,-0.020428661,0.5855355,0.39255437,-0.04239443,0.56921935,0.45055595,-0.053103574,0.5142467,0.36744106,0.0037735226,0.5403872,0.26180178,-0.03224882,0.54324824,0.41021675,-0.047515694,0.52710396,0.46577483,-0.049609598,0.46468577,0.38566944,-0.009141609,0.48591977,0.2712093,-0.043571882,0.50065935,0.40744382,-0.030352714,0.48742193,0.4683113,-0.012096437,0.40524206,0.42391282,-0.023403123,0.43252775,0.33251044,-0.042122293,0.45629203,0.41832086,-0.02249032,0.454329,0.4678425,-0.0015291075,3
0.47428656,0.75282264,-4.19251e-07,0.5584074,0.65718937,-0.014897755,0.6150475,0.52977175,-0.023071395,0.6312852,0.397358,-0.03456353,0.5800474,0.3396975,-0.04104854,0.5652132,0.37167946,0.008609356,0.5961728,0.27382907,-0.024665974,0.5928802,0.39184597,-0.045983396,0.5757054,0.44282034,-0.056542054,0.5202647,0.36443925,-0.00074672204,0.5467857,0.26080596,-0.03568299,0.5501906,0.40469435,-0.048261855,0.5320408,0.4490867,-0.048835564,0.47211167,0.3816407,-0.014626512,0.49438262,0.26738235,-0.049440462,0.5092292,0.4039902,-0.034752864,0.49382097,0.45588976,-0.015927752,0.41363692,0.41809988,-0.029861186,0.44251782,0.3318269,-0.049785502,0.46450248,0.4188462,-0.030011471,0.45955992,0.46460947,-0.009101332,3
0.48122254,0.751907,-4.2313116e-07,0.5661582,0.6627218,-0.016313206,0.6237052,0.53197014,-0.023346588,0.6397167,0.3972988,-0.033299994,0.5885623,0.34077975,-0.03824535,0.57267094,0.37188095,0.0102451,0.60292494,0.27405295,-0.021460216,0.6002555,0.3907984,-0.041864574,0.58304894,0.44080243,-0.05205631,0.5286542,0.3640452,0.0023434344,0.55331266,0.2598294,-0.030715285,0.5575804,0.40238804,-0.042400364,0.53981584,0.4457704,-0.042459797,0.48069623,0.3810489,-0.010437102,0.5018353,0.26824772,-0.04512497,0.51756495,0.40439016,-0.03146608,0.50243926,0.45553973,-0.013207936,0.42189965,0.4165491,-0.024613371,0.45053494,0.33266944,-0.04530168,0.47342035,0.41889694,-0.026992954,0.4690828,0.46346152,-0.0070597697,3
0.48861724,0.74440795,-4.2563698e-07,0.5732821,0.6608428,-0.016038323,0.6328809,0.5252077,-0.022582455,0.6492166,0.39216837,-0.03205218,0.5981854,0.3368563,-0.036471955,0.58093095,0.36995065,0.008597586,0.61172223,0.2672215,-0.024718734,0.609099,0.38194472,-0.045203123,0.59085476,0.43426514,-0.054770622,0.53634506,0.36078143,9.99817e-05,0.56271374,0.25414148,-0.034093913,0.56552935,0.3956741,-0.045486808,0.54602915,0.43943655,-0.04469083,0.48798075,0.37537265,-0.013458775,0.51169115,0.26207685,-0.04991294,0.5257061,0.39891294,-0.037346408,0.5095159,0.4491516,-0.019093966,0.4298808,0.40850842,-0.028281016,0.4612764,0.32657593,-0.050809417,0.48309752,0.41491732,-0.03365457,0.47748703,0.45970163,-0.014087108,3
0.49769396,0.73855615,-4.386052e-07,0.5826081,0.65312445,-0.015660176,0.64349294,0.51843196,-0.022599557,0.6591173,0.3847289,-0.03231053,0.6058632,0.33525857,-0.037021704,0.5904978,0.36718467,0.0057349424,0.62056583,0.2640087,-0.027717188,0.617383,0.37930793,-0.047696058,0.59829843,0.43371123,-0.056823496,0.5454534,0.35855454,-0.0028209153,0.5713184,0.25122488,-0.037979927,0.5746094,0.39443803,-0.049028385,0.555742,0.44228557,-0.04782539,0.49728903,0.3723436,-0.016110884,0.5206911,0.26089013,-0.052654687,0.5353542,0.3979057,-0.039914988,0.5201881,0.4519365,-0.021429328,0.43963677,0.4042083,-0.03063569,0.47102505,0.32098526,-0.052927326,0.49378544,0.4091122,-0.036040768,0.48936775,0.45607153,-0.016731117,3
0.50933105,0.7301569,-4.212758e-07,0.59483105,0.6443528,-0.01439876,0.6539345,0.5138142,-0.02104516,0.67062783,0.3844812,-0.031158552,0.6209189,0.33367395,-0.0369115,0.60057557,0.36273408,0.005910407,0.63143224,0.25906605,-0.026540304,0.6296244,0.36950374,-0.046766374,0.611245,0.42563006,-0.05620607,0.55643934,0.35506636,-0.0029700187,0.5832101,0.251257,-0.036427125,0.5858757,0.38676673,-0.048049018,0.5662349,0.43458325,-0.048214495,0.50896853,0.36733046,-0.016524184,0.53458863,0.25693765,-0.051540215,0.54768413,0.38730317,-0.040736258,0.5315902,0.44337428,-0.024171827,0.452231,0.39565304,-0.031328984,0.48461682,0.31053162,-0.0533351,0.5069867,0.39361048,-0.038227048,0.50244385,0.443657,-0.02044736,3
0.52002597,0.7277552,-4.034205e-07,0.6048439,0.6482531,-0.015882032,0.66728413,0.516176,-0.02270826,0.68291396,0.38250333,-0.032517225,0.6314936,0.33777413,-0.038193267,0.61280286,0.36129236,0.004160424,0.6408013,0.25546348,-0.026836127,0.643143,0.36202475,-0.046945907,0.6290413,0.42364195,-0.056392048,0.56880796,0.35614443,-0.0032658165,0.5916619,0.24840511,-0.035335917,0.5992143,0.3766828,-0.047621366,0.5839814,0.4334082,-0.048615653,0.52144015,0.36885893,-0.015284237,0.54414696,0.254614,-0.04879113,0.5622047,0.37819222,-0.040677905,0.550436,0.44338453,-0.026222201,0.4653904,0.3966784,-0.028728819,0.49569324,0.30473632,-0.05100145,0.52206737,0.38189334,-0.039047822,0.5219408,0.4378135,-0.023597054,3
0.53525674,0.72317815,-4.4441506e-07,0.6203476,0.64283395,-0.010934659,0.6807913,0.513184,-0.01610356,0.69886297,0.38483799,-0.025224712,0.6483973,0.34045145,-0.030668058,0.6275319,0.35439086,0.0065387003,0.6574159,0.25232464,-0.023371274,0.65776736,0.36236805,-0.043429792,0.6433377,0.42446098,-0.053111676,0.5840459,0.34995258,-0.0026985304,0.60904884,0.2474586,-0.03275944,0.6139437,0.37975928,-0.04391416,0.59840083,0.43694893,-0.044712048,0.5375677,0.36239165,-0.0159263,0.56184065,0.25324202,-0.04644104,0.5768778,0.38052848,-0.036055487,0.5647425,0.44692037,-0.020882536,0.48319024,0.38877523,-0.030327126,0.5144059,0.29632217,-0.04938548,0.53768075,0.3782034,-0.034680746,0.53616965,0.436695,-0.01783052,3
0.55086154,0.71759605,-4.2796313e-07,0.6339969,0.63792396,-0.011831309,0.6947907,0.511059,-0.0181632,0.7136879,0.3859533,-0.028385734,0.6655797,0.3399518,-0.034347553,0.6383909,0.34806418,0.0069600404,0.67139345,0.253354,-0.024444332,0.6718635,0.36789438,-0.044925123,0.6578549,0.42517108,-0.05467711,0.5958208,0.34229153,-0.002020225,0.6271797,0.24995798,-0.033598375,0.63083535,0.3846483,-0.04437518,0.6136215,0.4337868,-0.04488377,0.5496024,0.35282144,-0.01537865,0.58085436,0.25406533,-0.047124606,0.5941199,0.3829995,-0.035925675,0.579734,0.44230363,-0.020206643,0.49534827,0.37715027,-0.029973231,0.534128,0.29553062,-0.04850415,0.55539864,0.37995034,-0.03286989,0.55016255,0.43280482,-0.0155679695,3
0.56235975,0.7103332,-4.3608122e-07,0.6469266,0.63122296,-0.012160141,0.70866686,0.51063895,-0.018555978,0.7304887,0.3873117,-0.028980892,0.6834747,0.34105253,-0.03491935,0.651582,0.3534007,0.01010825,0.68664765,0.26245874,-0.021213066,0.6858739,0.37654018,-0.04169533,0.669513,0.4327401,-0.051725112,0.6106145,0.34445482,0.000846777,0.6444955,0.2501499,-0.03145227,0.6470819,0.3838261,-0.042574093,0.62766844,0.43184164,-0.043073352,0.5649311,0.3520795,-0.013231934,0.5990681,0.2521538,-0.04623608,0.6112736,0.38103136,-0.035152394,0.59382385,0.43733776,-0.019283496,0.51023513,0.3755367,-0.028652718,0.5544189,0.29496592,-0.048113834,0.5730616,0.37948152,-0.03276854,0.5628379,0.4292645,-0.015759567,3
0.5754769,0.69909036,-4.100353e-07,0.6609794,0.62484145,-0.009584797,0.7185079,0.5048306,-0.014190566,0.7411846,0.38520792,-0.023345675,0.6968348,0.338862,-0.028800063,0.66381514,0.35343388,0.010586948,0.69806576,0.26170713,-0.01881685,0.7001336,0.3685957,-0.03794975,0.681659,0.4297476,-0.04677625,0.6252147,0.34499848,0.0007670407,0.6585315,0.2490115,-0.02943398,0.66367227,0.37762192,-0.040735573,0.64283776,0.43297094,-0.04175635,0.5812042,0.3520071,-0.013460884,0.61612445,0.25085753,-0.045343123,0.62945086,0.37809741,-0.035598323,0.6104643,0.4401674,-0.020721665,0.52775234,0.3749434,-0.02876624,0.5716809,0.2905926,-0.049133163,0.5915557,0.3732509,-0.035285834,0.58134633,0.42729974,-0.019323481,3
0.5923384,0.6872931,-3.9735627e-07,0.67605686,0.6187242,-0.009032902,0.73201334,0.49929518,-0.013449238,0.75607026,0.38058683,-0.022406293,0.712183,0.33375546,-0.027999531,0.67786705,0.3522586,0.009960006,0.7118117,0.259134,-0.0197025,0.71535254,0.36262175,-0.039287847,0.69627815,0.4257694,-0.04800318,0.6399674,0.34334025,4.3511147e-05,0.67342806,0.24461187,-0.029659308,0.679719,0.37077653,-0.04109154,0.658142,0.42817038,-0.042136632,0.5963497,0.3497083,-0.014173079,0.6324785,0.24731474,-0.04606812,0.64680177,0.37218207,-0.03703707,0.6272038,0.43451753,-0.022454444,0.54347104,0.3719301,-0.029309953,0.5886622,0.28496975,-0.050210178,0.60879433,0.36754784,-0.03678281,0.5981309,0.4233614,-0.021015426,3
0.6132445,0.678844,-3.7800044e-07,0.6947516,0.60881835,-0.0064014834,0.7464307,0.48728403,-0.009691785,0.76841694,0.3730303,-0.018162414,0.7260926,0.32834256,-0.02345056,0.6891726,0.3453329,0.0115735,0.72294515,0.25051573,-0.01850468,0.7286288,0.3526469,-0.038697265,0.7087716,0.41687384,-0.047309797,0.6516831,0.33980823,0.00072586484,0.68607783,0.24000622,-0.02894095,0.6947468,0.3646044,-0.040776536,0.6723187,0.4252814,-0.04198476,0.6088336,0.34768796,-0.014280318,0.6460508,0.24282278,-0.045322735,0.66205686,0.36604574,-0.036520638,0.642122,0.43038872,-0.022007948,0.55785424,0.37063077,-0.030067375,0.60367423,0.27834523,-0.050048184,0.6246658,0.3584518,-0.03645749,0.6140714,0.41636384,-0.020634092,3
0.6316014,0.67557526,-4.1670063e-07,0.7137764,0.5973508,-0.004438993,0.7629823,0.48244715,-0.00854355,0.78551126,0.37291858,-0.018458733,0.74493116,0.32739338,-0.024907514,0.70318145,0.34587026,0.014140414,0.7355855,0.2495252,-0.015586224,0.741234,0.3540333,-0.03484081,0.7206915,0.41109362,-0.04339945,0.66792053,0.3407328,0.0013953225,0.7026016,0.23938574,-0.029893814,0.7117796,0.36883122,-0.042093016,0.6870326,0.42266053,-0.04317935,0.62725,0.34705675,-0.015390672,0.66411805,0.2415166,-0.047681764,0.68068606,0.36630166,-0.038483348,0.658242,0.42378807,-0.023350487,0.5776864,0.3669,-0.032611553,0.620391,0.27362442,-0.052193794,0.64312446,0.35339057,-0.037498172,0.6316932,0.40759394,-0.020823767,3
0.6480602,0.6682558,-3.9849988e-07,0.7290551,0.5981809,-0.005499553,0.77705544,0.48200122,-0.00922946,0.80058444,0.36898038,-0.018493345,0.7595285,0.32446343,-0.024155194,0.7184071,0.34224123,0.015279196,0.75070155,0.2487901,-0.015388781,0.75659615,0.3524602,-0.034801982,0.7364602,0.40935606,-0.042925216,0.6838354,0.3350648,0.0034777592,0.7184801,0.23808499,-0.029162144,0.7272487,0.36600146,-0.041519046,0.7024293,0.41727862,-0.041975245,0.6434503,0.33860147,-0.012731892,0.6810946,0.23822103,-0.047040842,0.69616187,0.364144,-0.03827085,0.6735138,0.41949773,-0.022584442,0.5943976,0.35425118,-0.02932,0.6394366,0.2677434,-0.04982319,0.6590613,0.35138923,-0.0354981,0.6458627,0.40427712,-0.018679209,3
0.6673752,0.66125685,-3.5484075e-07,0.7447528,0.5941794,-0.007687284,0.79141355,0.47958377,-0.012725473,0.815091,0.3670485,-0.023027714,0.77559036,0.32140106,-0.029339902,0.7288526,0.33555907,0.013860727,0.7612046,0.24566562,-0.017653013,0.7707111,0.34903085,-0.03702994,0.7511735,0.40512794,-0.044803355,0.6955934,0.32984424,0.002870305,0.7326993,0.23598413,-0.031103803,0.74559426,0.3642904,-0.043715537,0.7205319,0.41590455,-0.043954864,0.65692383,0.33415747,-0.012889208,0.6981103,0.23975421,-0.049803376,0.7160637,0.36777627,-0.04206159,0.6925544,0.4226643,-0.02611316,0.6100244,0.35076258,-0.029061308,0.65983635,0.26907533,-0.051513333,0.68043864,0.35305715,-0.038383506,0.66544634,0.40499023,-0.021956565,3
0.678291,0.655304,-3.8212744e-07,0.75875616,0.58726746,-0.006540477,0.8032067,0.47865587,-0.0115151815,0.82647276,0.36825445,-0.022570295,0.7905017,0.31330493,-0.02925581,0.74510306,0.3451516,0.02004432,0.7748871,0.25119358,-0.012924504,0.7846007,0.3508706,-0.033718403,0.76368403,0.41097122,-0.041947816,0.7135354,0.3346973,0.0081586,0.74955416,0.23788862,-0.027593935,0.7611457,0.36250436,-0.04202136,0.732835,0.4155206,-0.04283843,0.67592067,0.33445624,-0.00906961,0.7167683,0.2342108,-0.047103044,0.73378956,0.35919645,-0.03967904,0.7067876,0.41325125,-0.023653984,0.62911475,0.34757096,-0.026780844,0.681865,0.27092892,-0.050263368,0.6996797,0.3532954,-0.037681896,0.6788323,0.40081584,-0.021410884,3
0.6926353,0.64728516,-3.2656442e-07,0.7705306,0.5853256,-0.0062441253,0.81587535,0.47830138,-0.01103351,0.84066945,0.37108862,-0.021537898,0.8056185,0.31929624,-0.027949624,0.75560844,0.3368582,0.016238825,0.7838856,0.24019733,-0.014593471,0.7974928,0.3403181,-0.033624005,0.7800613,0.40395293,-0.04071368,0.7251021,0.3295238,0.004859118,0.75892204,0.2310706,-0.028670296,0.77458096,0.35394624,-0.042471766,0.75082564,0.41256306,-0.0433122,0.6881592,0.33131313,-0.011299961,0.72728866,0.2354988,-0.04707541,0.7469937,0.35753828,-0.04120475,0.7240231,0.41491404,-0.026644079,0.6427008,0.34544003,-0.027853321,0.6924231,0.26722008,-0.05060952,0.71386075,0.34637833,-0.039461017,0.6981481,0.39755988,-0.024418594,3
0.7088067,0.6425794,-3.270785e-07,0.78608364,0.5777429,-0.006345891,0.82883686,0.47481668,-0.012264447,0.8506371,0.37309775,-0.023923513,0.8190323,0.3127271,-0.031301476,0.77304107,0.3417989,0.015699565,0.8015065,0.24625741,-0.015560402,0.811708,0.34384272,-0.034536153,0.7920744,0.40607172,-0.041661836,0.74291074,0.33108178,0.004133192,0.7782476,0.23233578,-0.0296038,0.7910156,0.35305926,-0.04307641,0.7652963,0.40902194,-0.04389737,0.7053203,0.32983875,-0.012286292,0.74662256,0.22838493,-0.048737288,0.7642629,0.35145724,-0.041779798,0.73970324,0.40813056,-0.026688857,0.658718,0.34183717,-0.029035432,0.7110578,0.26694307,-0.052598085,0.7298126,0.34804842,-0.040979825,0.7110831,0.3966267,-0.025664378,3
0.72749555,0.6410463,-2.876321e-07,0.80077803,0.57236814,-0.0058245524,0.8406943,0.47049323,-0.012728756,0.86192006,0.37253463,-0.02562264,0.83141094,0.3121848,-0.03400801,0.78211725,0.33551964,0.015157972,0.8112271,0.24263501,-0.017411768,0.8237577,0.34143785,-0.037285134,0.80514264,0.4025271,-0.044801306,0.7521422,0.32726097,0.0028759586,0.78993297,0.2319652,-0.03156037,0.8043916,0.35393673,-0.045027647,0.77867675,0.4083109,-0.04584636,0.7153896,0.32680523,-0.014327229,0.7597401,0.23026718,-0.05107642,0.7777634,0.35353005,-0.043827668,0.75249326,0.40770155,-0.0284954,0.67033195,0.33918554,-0.031897236,0.726198,0.26838458,-0.055339783,0.7444371,0.34905148,-0.043463342,0.7235562,0.39540184,-0.02791144,3
0.735453,0.6455648,-2.9462066e-07,0.81107867,0.5766833,-0.0071990946,0.85222423,0.47604078,-0.014902806,0.8728178,0.37857932,-0.028716113,0.84269047,0.31797487,-0.037433766,0.7924381,0.33883306,0.018965526,0.82352483,0.2493819,-0.014834534,0.833657,0.34710693,-0.035068955,0.8139869,0.40874472,-0.042439,0.7621159,0.32862166,0.0068884036,0.8026533,0.23440972,-0.029651511,0.8159684,0.35599574,-0.043441955,0.7897507,0.41016263,-0.043375682,0.7247345,0.32613873,-0.010836901,0.77292633,0.23049498,-0.049407747,0.79027015,0.35509163,-0.042360883,0.76416177,0.40983754,-0.026195016,0.6797519,0.3378319,-0.02912383,0.7396496,0.26994163,-0.05274826,0.75761616,0.3515885,-0.041057643,0.7364549,0.39691412,-0.025168335,3
0.74606836,0.6467333,-3.1318083e-07,0.8218061,0.5821208,-0.0064602117,0.86268264,0.48253623,-0.014046299,0.8849993,0.38539022,-0.027835261,0.85512894,0.3238169,-0.036586516,0.8040909,0.34571448,0.018738154,0.8355317,0.2574411,-0.014920507,0.8446301,0.35414326,-0.036032163,0.8234453,0.41445625,-0.04447662,0.77460545,0.33414453,0.0062469826,0.81558543,0.23938775,-0.030207744,0.82757354,0.36151466,-0.04465455,0.7991159,0.4148063,-0.04548274,0.738188,0.33047897,-0.011662914,0.7867141,0.23094787,-0.049855243,0.8033826,0.3561996,-0.042629715,0.77548766,0.40988827,-0.026895933,0.6934174,0.34058264,-0.030106513,0.7543611,0.2742339,-0.05368563,0.77143925,0.35600176,-0.04199974,0.74886364,0.39958373,-0.026527906,3
0.75213695,0.6479596,-3.0276132e-07,0.82816195,0.5890645,-0.008568464,0.8702571,0.49056643,-0.016875528,0.8924455,0.3940537,-0.031028096,0.8645736,0.33071655,-0.040018402,0.8141262,0.35328653,0.016691677,0.84696406,0.26535672,-0.017421484,0.8564056,0.36256206,-0.038082916,0.8358808,0.42063457,-0.046330933,0.784765,0.33996305,0.0048533943,0.82704526,0.24418385,-0.032681044,0.8397462,0.3665416,-0.04708254,0.8121003,0.41732183,-0.04762238,0.7488976,0.33494654,-0.012623856,0.79883164,0.23794039,-0.05280016,0.81571245,0.36351135,-0.04656614,0.7880484,0.41542116,-0.031001464,0.7050654,0.34383196,-0.030654978,0.7671868,0.28038388,-0.056087997,0.78496844,0.3624943,-0.045592505,0.7629069,0.40555462,-0.030721594,3
0.76430446,0.6565583,-2.4532773e-07,0.8396001,0.5942984,-0.0070648566,0.87818044,0.4977334,-0.015218183,0.9008427,0.40440267,-0.030056523,0.87566924,0.3374717,-0.039650686,0.81605035,0.35977718,0.020655325,0.85120726,0.26836467,-0.014509188,0.8628722,0.36643544,-0.03736769,0.8425346,0.42690992,-0.04677689,0.7874676,0.34720808,0.0076986915,0.83487564,0.2495106,-0.029954737,0.84866095,0.37126103,-0.045950394,0.8205899,0.42420113,-0.047446795,0.7529104,0.3415018,-0.011141067,0.80859846,0.24688315,-0.050709322,0.82549113,0.37120008,-0.045243427,0.7965626,0.42329204,-0.030078802,0.7112781,0.34855703,-0.030613849,0.7780034,0.28661683,-0.055025693,0.79591995,0.36797455,-0.04401376,0.77280754,0.41160205,-0.028762193,3
0.7721355,0.668373,-3.1980377e-07,0.84752095,0.6034113,-0.0013805039,0.8870598,0.50598127,-0.0073349434,0.91200423,0.40968925,-0.020796906,0.8842098,0.3501342,-0.029779648,0.8225978,0.36017743,0.024039531,0.86095953,0.27256614,-0.009681839,0.87123865,0.37190196,-0.032375656,0.85009354,0.43326733,-0.042237293,0.7926214,0.34863865,0.008142606,0.84310067,0.25545084,-0.028374309,0.8569894,0.37810022,-0.04459035,0.8284818,0.43473318,-0.04652113,0.758441,0.34523326,-0.012749626,0.81794196,0.25417644,-0.050229844,0.83379906,0.3816285,-0.04375214,0.80366725,0.4352832,-0.028505774,0.7191482,0.35669947,-0.033835296,0.7875803,0.29288742,-0.056126453,0.80410814,0.37783635,-0.043424927,0.7803936,0.4240357,-0.027310753,3
0.78256506,0.6822189,-2.8970732e-07,0.85478294,0.6068599,-0.0012295825,0.89398754,0.51042646,-0.009334231,0.918455,0.4177984,-0.024766374,0.8925642,0.3592264,-0.035231013,0.82095325,0.35489407,0.020373441,0.8652112,0.27220926,-0.013622776,0.8760453,0.37485388,-0.036326118,0.85515714,0.43397418,-0.04649213,0.79056937,0.34720138,0.00388679,0.84966105,0.26074362,-0.031875804,0.8634447,0.38502043,-0.046715092,0.8346915,0.44054806,-0.048331752,0.7578222,0.3468751,-0.017341536,0.82491803,0.26287603,-0.052446887,0.84030306,0.3893229,-0.044315375,0.8101225,0.44160396,-0.028912554,0.72241104,0.3624582,-0.03898474,0.79546964,0.30007195,-0.058896184,0.8113114,0.3846941,-0.044922613,0.7868551,0.43039382,-0.028371476,3
0.7852427,0.6890623,-3.8641738e-07,0.8593001,0.61351395,0.0015995151,0.89954543,0.51632214,-0.004231672,0.9239854,0.42098534,-0.018340029,0.8988884,0.3617857,-0.027948836,0.8337735,0.36397648,0.028432678,0.8747588,0.27745256,-0.00523282,0.88295215,0.37876898,-0.028941909,0.86131454,0.44241494,-0.039451007,0.80350715,0.35430223,0.011276115,0.85837626,0.26665753,-0.024130652,0.8701785,0.3931019,-0.039797224,0.8406899,0.45240858,-0.04149576,0.7698103,0.35342938,-0.010890658,0.8329668,0.26538122,-0.045890775,0.846993,0.3934233,-0.03840106,0.8157536,0.44906652,-0.022880167,0.73167926,0.36850742,-0.03324433,0.80053085,0.30164933,-0.052281547,0.8177347,0.38503304,-0.038371142,0.79516304,0.43033692,-0.021666434,3
0.7887932,0.69495314,-3.4226397e-07,0.86510026,0.61310136,0.0048361383,0.90338606,0.51907754,-0.00048331392,0.92990667,0.43103856,-0.015130455,0.91108984,0.36524683,-0.025072943,0.83479923,0.36439595,0.02994147,0.87853384,0.2768315,-0.0036867894,0.88846916,0.37973043,-0.0262929,0.86622095,0.44016093,-0.035769954,0.8044827,0.35705698,0.010417233,0.8629223,0.26956534,-0.02516406,0.8755582,0.3969912,-0.040912006,0.84534854,0.4530997,-0.042674113,0.7712113,0.35651928,-0.01385329,0.8377347,0.271196,-0.048583906,0.85227925,0.39992857,-0.04057882,0.82035077,0.4521086,-0.02476177,0.73393667,0.37163687,-0.038055833,0.8051594,0.30437726,-0.056539502,0.82263356,0.3888962,-0.041270074,0.79881454,0.43518847,-0.023485,3
0.792103,0.69930124,-3.59047e-07,0.8688613,0.6141346,0.0033137954,0.90933067,0.51993287,-0.0028132615,0.93552136,0.42896187,-0.017158978,0.9146852,0.36735088,-0.026867313,0.8361401,0.36365718,0.025001366,0.88556826,0.28085348,-0.007605963,0.89256907,0.38467565,-0.029944727,0.867819,0.444858,-0.03993121,0.80614775,0.35548875,0.006782364,0.8693111,0.27047667,-0.027687395,0.87956107,0.40016448,-0.042716537,0.84789866,0.4578171,-0.0445948,0.7744185,0.3564268,-0.015642814,0.84382325,0.27152812,-0.048151277,0.8565784,0.39923388,-0.039092198,0.82317466,0.45188072,-0.023599472,0.73828655,0.37420887,-0.038152594,0.8106271,0.30744013,-0.05508927,0.8267067,0.390778,-0.039271474,0.8019664,0.4355133,-0.0217355,3
0.7949546,0.7035521,-3.6646915e-07,0.8726502,0.61747086,0.0057441723,0.9117212,0.52292705,0.0005693846,0.93811363,0.43262863,-0.013659647,0.91953456,0.36911383,-0.02335162,0.8401026,0.36727306,0.029593572,0.89005035,0.28353575,-0.0031457548,0.8958712,0.38674653,-0.026299419,0.86969995,0.44578618,-0.036989633,0.8090993,0.3579105,0.009884903,0.8732422,0.27178776,-0.024467094,0.8828578,0.400687,-0.04008707,0.85006815,0.4570799,-0.042428736,0.77645445,0.357586,-0.014161099,0.8474482,0.2736795,-0.046900723,0.8597534,0.40208417,-0.03844375,0.8252528,0.4536673,-0.023309577,0.73997515,0.37378958,-0.03813933,0.8138398,0.30990386,-0.055190407,0.83002055,0.39474958,-0.039552107,0.8048348,0.4393443,-0.022167334,3
0.79281276,0.7028761,-4.1376967e-07,0.8726505,0.61650246,0.007525329,0.9123478,0.52328867,0.0033545222,0.9401517,0.43277597,-0.010316193,0.920393,0.3725176,-0.01968186,0.8401461,0.36807498,0.03151501,0.8922111,0.28818858,-0.0011984651,0.89678615,0.3920095,-0.02445669,0.86867714,0.45191136,-0.035193343,0.81064546,0.3587875,0.01103366,0.8765046,0.2766625,-0.0235535,0.8839434,0.4084321,-0.03912291,0.84888643,0.4649842,-0.041536324,0.7795382,0.3583483,-0.013705252,0.8507984,0.27549738,-0.04664816,0.86102355,0.4050802,-0.0380869,0.82402,0.45567903,-0.023077803,0.7433108,0.3739532,-0.038193196,0.8169205,0.30931056,-0.05484282,0.83067745,0.3949542,-0.03866731,0.80254436,0.43842643,-0.02125171,3
0.7932972,0.6991116,-3.178081e-07,0.871728,0.61277133,0.0022021476,0.91042835,0.5226446,-0.004679123,0.9358657,0.43825364,-0.020306615,0.921926,0.36842063,-0.03056678,0.8412816,0.3624497,0.025156442,0.88884336,0.275716,-0.010064921,0.8974454,0.3818944,-0.031360433,0.87314355,0.4482067,-0.03890361,0.81104195,0.35590893,0.007102547,0.8729737,0.2714967,-0.030661918,0.8838669,0.40416506,-0.04518081,0.8520996,0.46436256,-0.045342274,0.777584,0.35669672,-0.015858898,0.846217,0.27314508,-0.05219783,0.86000764,0.40561324,-0.0429062,0.82673764,0.4633304,-0.025500584,0.7381593,0.3724102,-0.038961355,0.81043166,0.30939132,-0.05858729,0.8282876,0.39435467,-0.04309149,0.8035451,0.4423098,-0.02453866,3
0.7835549,0.6913954,-3.559902e-07,0.861555,0.6178763,-0.0015911967,0.9034033,0.5218987,-0.008356669,0.93004084,0.43086046,-0.022865534,0.9102123,0.36446893,-0.032353412,0.844994,0.36939445,0.022584144,0.8859942,0.28084213,-0.011243033,0.8940365,0.38112167,-0.03265879,0.8689539,0.44243985,-0.041264523,0.8152307,0.36039808,0.0069860197,0.86713463,0.2730713,-0.028571405,0.877721,0.39798823,-0.042492907,0.84575146,0.4523271,-0.043568544,0.77966756,0.35856074,-0.0139285745,0.83973,0.2737925,-0.050449647,0.8536225,0.39994773,-0.04320406,0.8211165,0.45349905,-0.027911184,0.73750407,0.3706758,-0.03516394,0.80455995,0.30880854,-0.056548867,0.82220554,0.39002043,-0.043898456,0.79781866,0.4347299,-0.027942384,3
0.7703277,0.6796503,-2.6189142e-07,0.84899443,0.6119173,-0.0032609114,0.892779,0.5110563,-0.010003472,0.9211146,0.41860068,-0.024263743,0.8981991,0.3592192,-0.03382916,0.8299091,0.3685764,0.023717996,0.8706038,0.2810679,-0.009743781,0.88034,0.3762869,-0.031879142,0.8566804,0.43697938,-0.040969748,0.80257744,0.3579561,0.0085701635,0.8562941,0.26856542,-0.026907505,0.8659705,0.39058796,-0.041997686,0.8335266,0.44347396,-0.04360107,0.7682104,0.35352004,-0.012155068,0.82998466,0.26340353,-0.049810104,0.8420036,0.38865215,-0.043893214,0.80945915,0.44068447,-0.029175747,0.72559357,0.36164817,-0.03326721,0.7947437,0.30104882,-0.055968378,0.8108969,0.38561997,-0.044041537,0.7870867,0.43081573,-0.028689226,3
0.7526726,0.6652074,-2.7246054e-07,0.8314489,0.6072157,-0.0066193533,0.8783382,0.50448096,-0.012501512,0.90592647,0.40668967,-0.024298938,0.88073725,0.34491524,-0.03147691,0.82488656,0.3684669,0.020167354,0.8618312,0.2812816,-0.010134251,0.86961377,0.37287298,-0.029591678,0.84715104,0.43123555,-0.037389297,0.7958988,0.35384315,0.008311672,0.84357506,0.25878406,-0.02500087,0.85229576,0.378233,-0.038837463,0.82332265,0.43146193,-0.039589513,0.7595739,0.34781915,-0.008821395,0.8143281,0.2508419,-0.045103632,0.8277645,0.37409872,-0.038823538,0.79974157,0.4282389,-0.024068013,0.7143469,0.35599065,-0.026438955,0.7789776,0.29053482,-0.049568627,0.79565006,0.37415516,-0.038387336,0.7752189,0.42025283,-0.023507722,3
0.74126995,0.6542433,-2.3371906e-07,0.8191401,0.5916755,-0.00688146,0.8645721,0.48804262,-0.012952226,0.8889941,0.39087173,-0.024558665,0.8604878,0.332857,-0.03157328,0.80603534,0.34685218,0.017525386,0.84543407,0.27072462,-0.014584938,0.8517081,0.36200535,-0.03546004,0.8297252,0.42064682,-0.04406031,0.77602047,0.33654368,0.005109747,0.82568383,0.24717306,-0.029652404,0.832758,0.36660913,-0.04339967,0.8058965,0.42237505,-0.04379854,0.740697,0.33395758,-0.012476008,0.79705787,0.25040072,-0.049822558,0.8066413,0.37386936,-0.04288682,0.7789349,0.42587212,-0.02730083,0.69787073,0.3453136,-0.030669246,0.7636739,0.2869709,-0.05367287,0.77577144,0.3697568,-0.041205093,0.75245684,0.41256115,-0.025310302,3
0.72340715,0.6481456,-2.6919093e-07,0.8003808,0.58508587,-0.009446608,0.84826124,0.48085755,-0.016139064,0.8706592,0.37976918,-0.027513763,0.8389901,0.32421917,-0.03414821,0.79420954,0.3529197,0.01501322,0.8290742,0.26822877,-0.016014805,0.83690417,0.35735804,-0.034653157,0.8168874,0.41361117,-0.04177082,0.7635812,0.33902624,0.004478836,0.806754,0.24155459,-0.028930964,0.81506103,0.36006024,-0.04015159,0.78944504,0.41249833,-0.03890438,0.7269329,0.33434686,-0.011452019,0.77592015,0.24218939,-0.047931325,0.7879307,0.36326212,-0.039581906,0.76234156,0.41541559,-0.023351993,0.68190145,0.3444529,-0.028213928,0.7419696,0.2811122,-0.050875515,0.75596845,0.3626675,-0.038563065,0.7346685,0.40655723,-0.02299465,3
0.7005634,0.6371829,-3.112823e-07,0.7794317,0.5843028,-0.00929118,0.82933164,0.47736856,-0.015090047,0.85508186,0.37184432,-0.025112562,0.8214977,0.31608143,-0.0306863,0.7776199,0.34584394,0.010744468,0.8118986,0.2556778,-0.020308692,0.8210968,0.3493537,-0.03836796,0.8005057,0.4091554,-0.044971224,0.74635446,0.3340792,0.00051595224,0.7864053,0.23218428,-0.03277392,0.79568654,0.3531546,-0.0439045,0.7694289,0.40888554,-0.04287583,0.70923483,0.33115447,-0.014603944,0.7544609,0.23689277,-0.050656047,0.7665963,0.35967806,-0.04186482,0.74072605,0.41206095,-0.025726167,0.66418946,0.3409562,-0.030394021,0.72064173,0.27335936,-0.0530879,0.73357046,0.35585612,-0.04054602,0.7110188,0.4001471,-0.025120588,3
0.68507206,0.63582987,-2.9427585e-07,0.7617607,0.5794864,-0.008712917,0.80957025,0.4700148,-0.0150769595,0.83494943,0.3654605,-0.025763469,0.8011824,0.3130896,-0.031791028,0.7576143,0.3368615,0.009930843,0.794089,0.24939716,-0.022585373,0.80069584,0.3473788,-0.04155474,0.7797124,0.40412366,-0.04889642,0.72442114,0.32645914,-0.0014584102,0.76626074,0.22489527,-0.03686039,0.77374506,0.34988943,-0.048658166,0.7478888,0.40288067,-0.047602884,0.68654066,0.3241833,-0.01756238,0.73380584,0.23410587,-0.05434577,0.743517,0.35836077,-0.04501445,0.71640205,0.40492302,-0.02831752,0.64188826,0.33391017,-0.03433573,0.7000791,0.27024007,-0.056372035,0.711571,0.35234663,-0.04259013,0.68733585,0.39129284,-0.026273975,3
0.6681091,0.6286895,-2.7085233e-07,0.7435074,0.56908137,-0.011651402,0.79322946,0.45764732,-0.019612888,0.8159109,0.34927619,-0.031248596,0.77856493,0.2991011,-0.038118403,0.73699516,0.3185505,0.0055572116,0.7711037,0.22888641,-0.027749516,0.78030896,0.3292869,-0.045592062,0.7620999,0.39027992,-0.05135389,0.70193416,0.31215784,-0.004481908,0.74127954,0.21041772,-0.040370435,0.7522921,0.3389822,-0.05080204,0.72974664,0.39673227,-0.048267417,0.66247827,0.3141784,-0.019343982,0.7082134,0.22479105,-0.057576235,0.7208376,0.35398522,-0.047460467,0.6963127,0.40754595,-0.029312823,0.61624867,0.32859907,-0.034960903,0.67341995,0.25854865,-0.05776816,0.6887264,0.34346586,-0.043376658,0.66829425,0.38882366,-0.025884356,3
0.64830697,0.6243042,-3.213787e-07,0.72564167,0.5558397,-0.010081746,0.77472997,0.44432676,-0.017955758,0.7956091,0.333679,-0.029911501,0.75518966,0.2859984,-0.037009723,0.7157759,0.31189197,0.007918517,0.7501074,0.2222055,-0.025337884,0.7569059,0.32285815,-0.0429091,0.73794323,0.3752665,-0.049347453,0.6801637,0.30519843,-0.0035830806,0.72114,0.20528102,-0.04042894,0.72954947,0.3359638,-0.05082725,0.7045316,0.3849448,-0.048512887,0.640856,0.30691367,-0.019906988,0.68714577,0.21652733,-0.058593225,0.698451,0.34621644,-0.047847085,0.67233276,0.39292583,-0.029774519,0.5955951,0.32124028,-0.03691738,0.65213984,0.25299117,-0.0592834,0.665084,0.33924258,-0.044484805,0.6419159,0.38080025,-0.027210902,3
0.62515944,0.61676383,-3.45215e-07,0.70429164,0.55327415,-0.010872699,0.7542486,0.43320465,-0.016376989,0.773345,0.31926733,-0.025442569,0.7330108,0.27449718,-0.030314626,0.7009903,0.30601412,0.008854947,0.7316746,0.21525504,-0.02063549,0.7383963,0.3108295,-0.037220556,0.7214115,0.3649617,-0.043915827,0.66511637,0.2980106,-0.00079124863,0.6981795,0.19343531,-0.03385817,0.70913476,0.31724587,-0.04381453,0.6886868,0.3720714,-0.04199193,0.6247028,0.3012343,-0.015095421,0.6622103,0.2012035,-0.051061526,0.67842054,0.32682586,-0.040928718,0.6576746,0.38224927,-0.023986092,0.57755965,0.31840202,-0.030181369,0.62591314,0.2425585,-0.05312515,0.6428667,0.3257085,-0.040060043,0.62556314,0.37181014,-0.024135172,3
0.60073024,0.6143144,-3.3870538e-07,0.68128747,0.55270964,-0.011832863,0.7343308,0.42931718,-0.017233174,0.75573057,0.31281015,-0.025719732,0.71473765,0.26700604,-0.029895013,0.67868257,0.29896837,0.0063241543,0.71014494,0.20701696,-0.023645245,0.71661,0.30455655,-0.040378757,0.698385,0.36074278,-0.046950802,0.64246595,0.29164433,-0.0028479767,0.67618686,0.18628265,-0.036415208,0.68584347,0.3122535,-0.047101036,0.66373503,0.3675352,-0.04561689,0.6020006,0.29627472,-0.01642511,0.63871884,0.19354446,-0.052676566,0.655053,0.31962118,-0.04300373,0.63478905,0.37469977,-0.02631244,0.5537849,0.31566384,-0.03079272,0.60144866,0.23846753,-0.054528005,0.62039995,0.32208207,-0.0415585,0.6057477,0.3687439,-0.025467593,3
0.57448286,0.6145162,-3.5122696e-07,0.6571852,0.55358076,-0.010083876,0.71360683,0.4241933,-0.012877593,0.7339299,0.304914,-0.019123675,0.6915811,0.2622454,-0.021475123,0.6599964,0.29515058,0.010393072,0.6913303,0.20133014,-0.017138753,0.6972468,0.29762316,-0.03437586,0.67964125,0.3573317,-0.04183319,0.62125325,0.28680378,0.0015915136,0.65328205,0.18175657,-0.028993819,0.6632504,0.30462998,-0.040083688,0.6427113,0.36353207,-0.03952654,0.5784397,0.29208153,-0.011535496,0.61435133,0.18835525,-0.044006765,0.6307443,0.3104253,-0.035238974,0.6114479,0.36814606,-0.020184562,0.52837056,0.3134323,-0.025537236,0.5765996,0.23518023,-0.04689816,0.59566927,0.3139233,-0.03471941,0.58171177,0.35960394,-0.019814268,3
0.569863,0.61926126,-2.752241e-07,0.6493107,0.53555495,-0.008201987,0.6988626,0.41053116,-0.01366588,0.7147078,0.29964608,-0.02306396,0.6733237,0.2548359,-0.028555987,0.6393198,0.28694037,0.0068874075,0.66925794,0.19158491,-0.021174552,0.6787329,0.2889542,-0.03781154,0.66306823,0.34981906,-0.04447261,0.6011593,0.2856523,-0.003492229,0.63166076,0.17924328,-0.033386312,0.64331776,0.3017196,-0.04399333,0.62347513,0.36023822,-0.043977544,0.5584095,0.29640713,-0.017541679,0.5910836,0.18331307,-0.048514273,0.61041516,0.3043505,-0.038060103,0.5937968,0.36502153,-0.022486618,0.50808614,0.3220886,-0.03232872,0.54999983,0.23410039,-0.05254696,0.5738299,0.31076494,-0.038597684,0.5646142,0.36079764,-0.022524916,3
0.559924,0.6123535,-3.1910977e-07,0.63298047,0.527853,-0.009109628,0.68093276,0.40081435,-0.013841845,0.6935594,0.28776625,-0.022162175,0.6497805,0.2504227,-0.026891034,0.6205897,0.27193326,0.0060364064,0.6466598,0.1780935,-0.022712829,0.6561065,0.27713305,-0.04015642,0.6428155,0.33993566,-0.047066815,0.58177036,0.27436757,-0.0034835122,0.6056649,0.17176168,-0.033407234,0.6203371,0.29312387,-0.04371221,0.6055873,0.353947,-0.04322241,0.53960955,0.29036802,-0.016780695,0.5649449,0.1812171,-0.04760949,0.5875828,0.2999798,-0.03724685,0.5759378,0.36322707,-0.021582205,0.49117643,0.32209083,-0.030918634,0.52522945,0.23192173,-0.05064926,0.55024916,0.30753422,-0.03646306,0.545434,0.3606616,-0.020021923,3
0.5405648,0.6080539,-3.578718e-07,0.61263996,0.5288912,-0.013002632,0.6631798,0.40023988,-0.019210545,0.6747272,0.28379947,-0.02815963,0.6274508,0.244798,-0.033393286,0.60321474,0.2651597,0.0040920023,0.63063294,0.17231134,-0.026826605,0.6361756,0.27289066,-0.045709163,0.62237906,0.33492365,-0.053317614,0.5630475,0.26630852,-0.003754274,0.58789337,0.16586666,-0.035568055,0.5987545,0.29093876,-0.046294454,0.58413565,0.35035178,-0.045502268,0.519961,0.2823489,-0.01587496,0.5454973,0.1750073,-0.04884769,0.5651529,0.29768485,-0.038495146,0.5534935,0.36074945,-0.022232108,0.4705971,0.31375983,-0.029027086,0.50456804,0.22578931,-0.049735084,0.5277098,0.30626166,-0.035391156,0.5227028,0.3598592,-0.018457789,3
0.5174753,0.6105173,-3.4588953e-07,0.59165776,0.5249511,-0.012489582,0.6425248,0.39613107,-0.01848343,0.65230644,0.27897182,-0.0273024,0.6055639,0.23807439,-0.03257087,0.5835694,0.26420265,0.0048993966,0.60910666,0.16935632,-0.024662618,0.61464113,0.26742315,-0.043156493,0.6011672,0.3336744,-0.050544955,0.5419982,0.26404923,-0.0029342587,0.56418055,0.16334511,-0.03222999,0.57501423,0.28661907,-0.042494386,0.5611238,0.35012805,-0.041919578,0.49776357,0.2808171,-0.014870288,0.5199311,0.17037764,-0.04525531,0.5405846,0.2906318,-0.034434088,0.53029114,0.35733098,-0.018504852,0.44691584,0.31526506,-0.027878555,0.47638267,0.22330151,-0.04747922,0.50217927,0.29979697,-0.03263808,0.50053436,0.35396343,-0.015445492,3
0.49973136,0.6141176,-3.6202778e-07,0.5771425,0.5308488,-0.0141298985,0.62903136,0.39806768,-0.020089243,0.63330513,0.27624866,-0.028304312,0.58362305,0.23664132,-0.033029124,0.5669516,0.26398796,0.003927351,0.5921103,0.16919516,-0.025178472,0.5957914,0.26878858,-0.044078495,0.58126396,0.33613127,-0.052118912,0.52396107,0.26266164,-0.0030998557,0.5460037,0.16027102,-0.032711692,0.555254,0.28518894,-0.043665968,0.5407117,0.35329077,-0.04333082,0.47864896,0.27899057,-0.014166675,0.49984208,0.16848753,-0.044952407,0.5195252,0.29160494,-0.034493502,0.5092894,0.3624482,-0.0185497,0.42672396,0.3138881,-0.02637232,0.4549106,0.22166622,-0.046408977,0.48025137,0.30042556,-0.031552292,0.47884002,0.35645667,-0.014261392,3
0.4793278,0.61512184,-3.6678128e-07,0.5550375,0.532969,-0.019521462,0.6129268,0.40072733,-0.028115284,0.6082002,0.27644998,-0.03754387,0.5572707,0.23532371,-0.042831898,0.5538833,0.2615511,-0.0016303821,0.5760369,0.1660531,-0.03239705,0.5796866,0.27060235,-0.051060997,0.5671116,0.33456537,-0.05888728,0.50778455,0.2615272,-0.006414686,0.5271847,0.15951122,-0.037085712,0.53662646,0.2883895,-0.047160227,0.52274096,0.35159317,-0.046280075,0.4606756,0.2799977,-0.015645774,0.47837085,0.17060691,-0.048631918,0.4981447,0.29406387,-0.03787231,0.48838985,0.36079052,-0.021539493,0.4058838,0.31736648,-0.026195789,0.43013662,0.22724548,-0.04769847,0.45731467,0.30401164,-0.033086274,0.45756957,0.35611475,-0.015720721,3
0.461934,0.6231519,-3.825781e-07,0.53610283,0.53178734,-0.017018318,0.5937417,0.40342945,-0.025999906,0.5939739,0.28146026,-0.036766842,0.5428667,0.23887202,-0.04371936,0.53521687,0.26671553,0.00077186245,0.55964077,0.17234923,-0.030425247,0.56154627,0.27895945,-0.05110732,0.5490013,0.34073848,-0.06090685,0.48936212,0.2637617,-0.006006658,0.51159614,0.16305754,-0.03635283,0.5185622,0.29598045,-0.047186423,0.5029851,0.35739353,-0.047269322,0.44247836,0.28176948,-0.017083384,0.4621281,0.17661797,-0.048364975,0.47865522,0.30109125,-0.03664339,0.4663577,0.363465,-0.020388862,0.38807625,0.32037744,-0.029506886,0.4120981,0.2321591,-0.048026137,0.43675524,0.3095811,-0.03131985,0.43493468,0.35917968,-0.01326154,3
0.4459055,0.62695503,-3.5084093e-07,0.51913667,0.5316828,-0.01741931,0.57590866,0.40120623,-0.026032686,0.5732327,0.2792274,-0.036693044,0.5236114,0.22923216,-0.04357258,0.5202267,0.2739933,0.00266044,0.54296285,0.17689873,-0.028149964,0.5463868,0.27863026,-0.049083486,0.53509676,0.3397236,-0.05913455,0.4729856,0.2696709,-0.0037493424,0.49386978,0.16477683,-0.03325564,0.5023858,0.29250407,-0.044581074,0.48794368,0.3545212,-0.04527519,0.42532203,0.28714842,-0.014685944,0.44306162,0.17783841,-0.045192167,0.46034297,0.2988869,-0.033615742,0.4485157,0.36201534,-0.01775801,0.37037268,0.32593745,-0.027144447,0.39217424,0.23436789,-0.04545825,0.41726774,0.30753788,-0.028994521,0.41638762,0.3580148,-0.011208453,3
0.4284492,0.63223857,-4.1212584e-07,0.5004556,0.5386685,-0.018477175,0.5566143,0.3995273,-0.0267885,0.5528958,0.27536878,-0.036607925,0.5020034,0.2293067,-0.041506834,0.50409746,0.2735104,0.0012257899,0.52799594,0.17717825,-0.030242035,0.5270199,0.29231688,-0.04887198,0.51525426,0.34474787,-0.057640336,0.456187,0.27008653,-0.0052442094,0.47758594,0.1681704,-0.03749669,0.483233,0.30561113,-0.046408158,0.46892634,0.35691717,-0.044585653,0.4083352,0.28883964,-0.016499558,0.4247557,0.18226956,-0.04879099,0.4415027,0.31094834,-0.03422695,0.4304883,0.36626762,-0.016094433,0.35395974,0.3267975,-0.029342258,0.3742751,0.24115875,-0.046870504,0.39763775,0.3205345,-0.02846684,0.39633942,0.36575305,-0.009512805,3
0.40695626,0.6343633,-4.2852983e-07,0.47907746,0.54251623,-0.02085362,0.5371632,0.40075126,-0.028892899,0.5349773,0.26972103,-0.03789256,0.48150966,0.23256731,-0.041342415,0.48521417,0.27137077,0.00070735044,0.5104486,0.17624003,-0.030283151,0.5072216,0.29679406,-0.04750697,0.49558067,0.3433862,-0.055784583,0.43583366,0.26634797,-0.0045199655,0.45847234,0.16927369,-0.036076665,0.4622518,0.31206757,-0.042176507,0.44817004,0.35558242,-0.038723163,0.38706523,0.2864117,-0.015049908,0.40454936,0.18039168,-0.04687389,0.41991702,0.31274724,-0.0297223,0.40799487,0.36342454,-0.010259141,0.3314572,0.32597974,-0.02752396,0.35225427,0.2412115,-0.04351577,0.37436357,0.32092386,-0.023695495,0.37226167,0.3618695,-0.0042557614,3
0.38062802,0.6392705,-4.4695514e-07,0.455879,0.54080224,-0.018651834,0.516191,0.40526563,-0.026317839,0.5105591,0.2734433,-0.035402257,0.45582366,0.23633589,-0.039049402,0.4676046,0.26937786,0.005194321,0.48942095,0.17654224,-0.025991,0.4862597,0.29658,-0.045225207,0.4749306,0.34877267,-0.054455597,0.41664663,0.2626187,-0.00041383682,0.43537652,0.17189111,-0.03151113,0.4403553,0.31451952,-0.039964855,0.42799735,0.36137402,-0.03820465,0.36771062,0.284111,-0.010935374,0.3805895,0.1854935,-0.041395724,0.39680722,0.3167191,-0.024856443,0.38669327,0.36943683,-0.0058248476,0.31222415,0.32823855,-0.02322626,0.32837582,0.24633695,-0.03759089,0.35145897,0.32563296,-0.016983075,0.35072958,0.36567923,0.003274199,3
0.3616497,0.6448443,-4.0469408e-07,0.44023946,0.5297695,-0.013572461,0.4971926,0.40517214,-0.020851098,0.49099296,0.2758117,-0.031119777,0.43473393,0.23953903,-0.03702335,0.44415656,0.27289706,0.010757766,0.46811825,0.17872766,-0.02017656,0.46556067,0.29159325,-0.041556273,0.45225227,0.35199094,-0.051876802,0.3939994,0.2665702,0.0030109212,0.41190365,0.17238174,-0.028565666,0.41685364,0.3158682,-0.040451426,0.40444407,0.3725702,-0.04102003,0.34557655,0.28886384,-0.008843387,0.35719144,0.18888488,-0.038245402,0.3737249,0.3191618,-0.022709291,0.36458004,0.37959236,-0.0041585844,0.2897708,0.3353602,-0.022079246,0.30416325,0.24758244,-0.034928124,0.32841653,0.327124,-0.01306495,0.32893252,0.3737411,0.008131313,3
0.35161,0.6501338,-3.7329303e-07,0.4262228,0.53017586,-0.01243194,0.48029163,0.40789786,-0.019782249,0.47217155,0.28345424,-0.03017191,0.41651237,0.24552651,-0.036417536,0.4315357,0.27686727,0.010583268,0.45331198,0.18373135,-0.018163592,0.45161238,0.2916417,-0.038355447,0.43962973,0.34624124,-0.048779592,0.38039654,0.27065784,0.0019159076,0.3970113,0.17220405,-0.027359748,0.403442,0.31220317,-0.038530968,0.39152285,0.3663832,-0.039198563,0.33136353,0.2942673,-0.010535775,0.34075227,0.19180305,-0.038508058,0.3584328,0.31998152,-0.02295127,0.34929022,0.37633213,-0.0050524613,0.2750675,0.34315532,-0.02419409,0.28699976,0.25681177,-0.03609573,0.31199938,0.33278504,-0.0137896435,0.31340104,0.37547222,0.0072596828,3
0.3398554,0.66138077,-3.914594e-07,0.41482922,0.53016895,-0.00803022,0.46464634,0.41822818,-0.014645639,0.45587277,0.29587945,-0.025408676,0.40202838,0.2523021,-0.032234993,0.41549367,0.29124612,0.016409079,0.4344041,0.192737,-0.013003421,0.43343484,0.29764485,-0.03506703,0.42270714,0.35758734,-0.046267264,0.36589643,0.2845564,0.0064136814,0.38014323,0.17907645,-0.024664734,0.38768002,0.32088146,-0.03891155,0.37773284,0.38291794,-0.04146552,0.31790343,0.3088867,-0.006860122,0.32323772,0.2005926,-0.033778496,0.34222415,0.32729173,-0.01804219,0.33633783,0.39116833,-2.3628443e-05,0.263159,0.36122826,-0.021078965,0.267591,0.26741663,-0.031093407,0.29558736,0.34009787,-0.0079104565,0.30181023,0.38548005,0.013689718,3
0.32575354,0.66659594,-3.7914126e-07,0.40248,0.5495329,-0.015798515,0.4577616,0.43402305,-0.024837635,0.4446023,0.30406335,-0.035658907,0.3882803,0.26085675,-0.04175362,0.40482083,0.29730478,0.009205047,0.4240643,0.20389834,-0.021057108,0.42267272,0.30943725,-0.041681446,0.41206253,0.366031,-0.052039627,0.3529487,0.2908434,0.002377539,0.3684122,0.18771434,-0.031522587,0.37653002,0.3287527,-0.04602168,0.3661271,0.38693514,-0.04817744,0.30489448,0.31534398,-0.008011482,0.31167793,0.20794925,-0.039035544,0.3315035,0.3377241,-0.02317086,0.3239946,0.39806092,-0.004341155,0.24966782,0.36688557,-0.019717613,0.25936884,0.27745476,-0.03380432,0.28596276,0.35598108,-0.011329437,0.2879603,0.39850706,0.010434119,3
0.3100499,0.66959137,-3.9972932e-07,0.38737938,0.55548066,-0.015254232,0.44542548,0.43846014,-0.023217026,0.43583348,0.30516207,-0.033188958,0.37688392,0.26661992,-0.038543478,0.39363372,0.30004546,0.011622728,0.41041556,0.20161663,-0.019113403,0.4083192,0.31120574,-0.04112827,0.39858317,0.36894098,-0.052364208,0.3417301,0.29455465,0.005050069,0.35317266,0.19203371,-0.029476557,0.36150995,0.33485222,-0.044725046,0.3527394,0.39259732,-0.04710829,0.29302266,0.3196618,-0.005174022,0.29641902,0.21418919,-0.037285462,0.31643575,0.3446198,-0.02227925,0.31068718,0.40466678,-0.0035076695,0.23753686,0.3705517,-0.01662531,0.24551669,0.28163797,-0.03198924,0.27167913,0.3631844,-0.010423284,0.27431858,0.4075636,0.011165881,3
0.30000174,0.67162913,-4.0596385e-07,0.37727627,0.56129974,-0.015956668,0.43492028,0.44038695,-0.024467902,0.42128643,0.30485335,-0.034870993,0.36105716,0.26791102,-0.04058284,0.381344,0.30391392,0.008100157,0.39684597,0.20359154,-0.023783352,0.39661506,0.3146891,-0.04507892,0.3882504,0.3717037,-0.055717826,0.32930252,0.29889384,0.000860515,0.33932975,0.19642752,-0.034325033,0.34882435,0.3416504,-0.047918245,0.3399831,0.39698717,-0.048977688,0.28052303,0.32324433,-0.010162886,0.28361908,0.21679415,-0.044016056,0.3040085,0.35214135,-0.027842265,0.29763728,0.41079354,-0.007901982,0.22416744,0.37242982,-0.022402082,0.23344816,0.28430057,-0.03891028,0.25834727,0.36926863,-0.016634831,0.25886634,0.41379994,0.0055844714,3
0.28777197,0.6784799,-4.1033567e-07,0.36607146,0.5656754,-0.016206168,0.4253648,0.44476277,-0.024705537,0.40868172,0.3084352,-0.034683578,0.34834725,0.2708658,-0.039811723,0.3714505,0.3075018,0.007671072,0.38438168,0.20473266,-0.023718117,0.3848917,0.31440136,-0.044885576,0.37854874,0.37736586,-0.055188686,0.31871396,0.30141434,0.0012349918,0.32618225,0.19526944,-0.033614542,0.33666483,0.339845,-0.047596138,0.33035946,0.40257922,-0.048706386,0.26965904,0.32571977,-0.008792784,0.26880258,0.21692897,-0.041990545,0.29123005,0.35059386,-0.02670144,0.28819332,0.41566896,-0.007232983,0.21352094,0.3774405,-0.019968597,0.21883446,0.28743464,-0.037213087,0.24636218,0.3715859,-0.016192704,0.24987331,0.41916412,0.005538904,3
0.27810362,0.68323344,-4.0190386e-07,0.35661545,0.5604328,-0.01547363,0.41481435,0.44691485,-0.023982681,0.3972618,0.30918378,-0.033931125,0.33782738,0.26972753,-0.03825303,0.35931024,0.3081323,0.011097711,0.37318972,0.20664756,-0.020011723,0.37259424,0.31881243,-0.04138114,0.36563173,0.38032803,-0.05185988,0.30712974,0.30233163,0.0053575756,0.3159426,0.19592579,-0.029857345,0.32473856,0.34397343,-0.04466655,0.31816086,0.40417212,-0.046706047,0.25848705,0.32736042,-0.0038480454,0.2587539,0.2187066,-0.035088953,0.2795117,0.3509933,-0.018475857,0.27684608,0.4152023,0.0012292918,0.20329857,0.37979832,-0.01432196,0.20567739,0.29001296,-0.028096829,0.23358834,0.3699957,-0.0056067565,0.23923197,0.41299736,0.016502103,3
0.27071097,0.6826935,-4.0549833e-07,0.3490543,0.56268555,-0.014108194,0.40613732,0.4460511,-0.022154871,0.38882574,0.3102972,-0.031989165,0.32788035,0.27360305,-0.036843363,0.35215628,0.31295276,0.01007104,0.3650858,0.2104193,-0.020465106,0.36436227,0.3197704,-0.041506346,0.35697898,0.38037327,-0.052165627,0.29871514,0.30845603,0.0030961896,0.30601668,0.1979956,-0.031935293,0.31618282,0.34238905,-0.046520658,0.3100099,0.40469876,-0.048371278,0.24915075,0.33387282,-0.007114646,0.24756762,0.22183393,-0.03923308,0.27047437,0.35413888,-0.023383133,0.2686155,0.41912794,-0.0040307404,0.19295579,0.38583475,-0.018386282,0.1959212,0.29647383,-0.03389672,0.22433108,0.37747344,-0.012263887,0.22986484,0.42219058,0.009362971,3
0.2614395,0.6889528,-4.0254844e-07,0.3407312,0.56054986,-0.013628529,0.39783522,0.4495554,-0.020302948,0.3786436,0.31461632,-0.02881713,0.31808707,0.27744487,-0.03139669,0.345208,0.31432468,0.020986483,0.35664767,0.21594268,-0.009378688,0.35517147,0.32391152,-0.032248985,0.34862968,0.38338003,-0.043809768,0.2915883,0.30969003,0.014952179,0.29699427,0.2010516,-0.019892802,0.30587864,0.3472364,-0.03638823,0.30005714,0.40849674,-0.039170455,0.24093749,0.33493912,0.004964052,0.23870409,0.22871667,-0.026679138,0.25915197,0.36074847,-0.011476616,0.2573854,0.42413017,0.007903274,0.18490815,0.38705748,-0.006171755,0.186075,0.29990387,-0.019279288,0.21259993,0.38075668,0.0033089616,0.21843866,0.4222751,0.025672942,3
0.25319493,0.69442964,-3.966068e-07,0.3322623,0.56604576,-0.011523441,0.38706616,0.4525103,-0.017451715,0.36715803,0.31810483,-0.025815092,0.30745494,0.2822014,-0.02836495,0.33445108,0.32341364,0.021251833,0.34715396,0.22025937,-0.009249027,0.34639814,0.3293351,-0.031785127,0.33946097,0.39006987,-0.043148533,0.28167352,0.31874123,0.0136461565,0.28802797,0.20613648,-0.021214902,0.29698452,0.35211957,-0.03743419,0.2903448,0.41224086,-0.039963614,0.23167515,0.3434196,0.0022619446,0.2301983,0.23462412,-0.029610759,0.2504936,0.36819962,-0.014259911,0.24748561,0.43009463,0.0052066934,0.17582579,0.39418024,-0.010093261,0.17884754,0.30911988,-0.023431864,0.2044462,0.39131144,-0.0006572287,0.20842552,0.4319888,0.021720316,3
0.24581048,0.6965517,-4.154442e-07,0.32338792,0.5716389,-0.014583422,0.3800134,0.4568872,-0.021457003,0.35794485,0.32203197,-0.03010981,0.2974347,0.28614885,-0.03220901,0.3287605,0.32494056,0.019572325,0.33825824,0.22339535,-0.012972783,0.33713663,0.33606705,-0.035626724,0.33237225,0.3956195,-0.046594657,0.2755516,0.3201517,0.013178091,0.27861917,0.21071175,-0.023523632,0.28758678,0.35900655,-0.038708687,0.2830648,0.4161358,-0.03987778,0.22514877,0.3446755,0.0023344613,0.22044359,0.2395736,-0.031476136,0.24023055,0.37562886,-0.015230482,0.23906943,0.4347122,0.005451826,0.16936533,0.3950594,-0.009791885,0.16997838,0.3146648,-0.02369581,0.19419679,0.39893252,-0.00090459595,0.19860417,0.43758908,0.021769404,3
0.23907492,0.70209646,-3.81257e-07,0.3165132,0.57529604,-0.012818809,0.37130952,0.45914456,-0.018433938,0.35053423,0.32500044,-0.026345355,0.29041797,0.2892119,-0.02769417,0.31906036,0.32907426,0.023815855,0.3294278,0.22437161,-0.008440074,0.32965437,0.33604893,-0.031407468,0.3254444,0.39784333,-0.042356607,0.26614714,0.32541642,0.016907427,0.26894146,0.21375811,-0.020026289,0.27993202,0.36203834,-0.036135707,0.2770426,0.42118242,-0.037627216,0.21543258,0.35128188,0.0055635064,0.21079004,0.24392115,-0.029080393,0.23249428,0.38183552,-0.01354938,0.23277679,0.44399196,0.007252362,0.15943827,0.4025308,-0.0068295966,0.16052762,0.32236487,-0.021578467,0.1863848,0.4081848,0.0009513802,0.1918609,0.44871134,0.023913536,3
0.23206185,0.71306795,-3.8345812e-07,0.312078,0.57565004,-0.010685535,0.3658184,0.46458355,-0.015584059,0.34431118,0.33038464,-0.023142157,0.2864036,0.2879066,-0.023793215,0.31319934,0.33331668,0.031762674,0.32458782,0.22875649,-0.00017609437,0.3227353,0.33402443,-0.025375785,0.3154917,0.4027019,-0.037449647,0.25929144,0.32958844,0.025350928,0.2626022,0.21702552,-0.012111634,0.27379218,0.3661936,-0.03157636,0.2701312,0.43177912,-0.03540449,0.20771119,0.35567418,0.014639699,0.20416412,0.24716558,-0.018140541,0.22652793,0.38254344,-0.003589571,0.22705805,0.4501286,0.016147159,0.15270697,0.40888306,0.0029162364,0.15311328,0.3264026,-0.009707827,0.18116915,0.40944543,0.013178472,0.18840422,0.4502499,0.036178093,3
0.23025744,0.7205943,-3.7148888e-07,0.30923066,0.576644,-0.0098393485,0.3628031,0.46689945,-0.014606974,0.34005928,0.33479673,-0.021851253,0.28335953,0.28903526,-0.022236839,0.30770102,0.33240512,0.030889837,0.31946123,0.2292541,0.00062883494,0.31962743,0.33258963,-0.023687208,0.31239828,0.40099326,-0.035507184,0.25400954,0.33011746,0.02453343,0.25841847,0.2178054,-0.011508977,0.27146286,0.36673337,-0.031264443,0.26787865,0.43250299,-0.036001958,0.20269294,0.35850847,0.014424444,0.19895747,0.24962808,-0.016548116,0.22347105,0.38266912,-0.0021955844,0.22568068,0.45116505,0.016453478,0.14836094,0.41576818,0.0034283078,0.14670786,0.3309793,-0.008685359,0.17751966,0.41191432,0.014196827,0.18803,0.45328754,0.03685382,3
0.22887579,0.73257697,-3.809964e-07,0.30807856,0.58716476,-0.010581122,0.36312145,0.47095388,-0.016135463,0.3427196,0.33723968,-0.023895424,0.2839565,0.29080218,-0.024863714,0.30498427,0.33524293,0.02757473,0.31703633,0.22769515,-0.0028216525,0.31800306,0.33449435,-0.027763685,0.31085807,0.4096215,-0.039872214,0.250956,0.335044,0.0218043,0.25649884,0.22201909,-0.014039834,0.27055123,0.37236938,-0.034659907,0.2659089,0.44473246,-0.040415153,0.19874299,0.36497468,0.012664447,0.19583756,0.25046965,-0.016658809,0.22182597,0.38399157,-0.0021867948,0.22277802,0.458433,0.015756954,0.14374211,0.4235636,0.0024795835,0.1447078,0.33101445,-0.009167108,0.17597401,0.41295624,0.013983212,0.18456316,0.45949534,0.036607638,3
0.2285455,0.7437178,-3.9734113e-07,0.3100006,0.5942743,-0.009979861,0.36343786,0.4783002,-0.016134057,0.34321007,0.34117502,-0.02506739,0.28676212,0.28888252,-0.027706007,0.30219352,0.34302208,0.025985414,0.31623402,0.23087455,-0.0047762166,0.31818405,0.3395747,-0.02928425,0.31074113,0.41839525,-0.040644597,0.24863672,0.34281826,0.019695792,0.25642666,0.22598861,-0.016880412,0.270516,0.3759731,-0.037871733,0.26539648,0.45178965,-0.043607112,0.19761191,0.37204266,0.010280611,0.19538033,0.25192207,-0.01913879,0.22170117,0.38499433,-0.005079024,0.22209196,0.46231815,0.01290374,0.1414243,0.42894518,-2.0732996e-05,0.14111066,0.3272068,-0.012131814,0.17385729,0.40794742,0.010884421,0.18348148,0.45855436,0.033763885,3
0.23091492,0.7450992,-4.1776883e-07,0.31034276,0.60394025,-0.011183521,0.36628333,0.48170128,-0.017705576,0.34935835,0.3424859,-0.027271647,0.2906011,0.29235566,-0.031513296,0.30225712,0.3460492,0.0211431,0.3162903,0.22941682,-0.011291534,0.31966805,0.3385134,-0.03621441,0.31254643,0.41956437,-0.047471866,0.24983625,0.3465811,0.014070457,0.25627488,0.22722103,-0.022938306,0.27136293,0.37687537,-0.043136023,0.26702768,0.4574178,-0.047845248,0.199093,0.37465674,0.0035758058,0.19541477,0.24855995,-0.028771928,0.2232594,0.38616097,-0.01587593,0.22434202,0.4695949,0.0023866277,0.14180064,0.43058765,-0.0077695632,0.14069325,0.3274036,-0.024467988,0.17555541,0.40965298,-0.0037610102,0.18721023,0.46517467,0.018477628,3
0.23331417,0.750509,-3.994169e-07,0.3131263,0.6067734,-0.009681033,0.36678025,0.48357338,-0.015459745,0.35347286,0.34409368,-0.024213348,0.29729196,0.29499856,-0.028269596,0.30042034,0.349872,0.017999891,0.31860775,0.23406398,-0.012628515,0.3233098,0.33587676,-0.03678038,0.31440893,0.41845345,-0.047735486,0.24992852,0.34972835,0.010894322,0.26042712,0.23123801,-0.024127828,0.27521724,0.37571168,-0.043980513,0.2687331,0.45879754,-0.049344156,0.20026976,0.3781884,0.0010403076,0.20103578,0.25077742,-0.028983863,0.22776328,0.38305235,-0.016535144,0.22603896,0.46833545,0.0005355969,0.14275947,0.43561253,-0.009498641,0.14398675,0.33015877,-0.025408814,0.17872894,0.40799347,-0.0049501406,0.18878302,0.4644181,0.01656409,3
0.23987548,0.7480457,-3.5687637e-07,0.31973538,0.6157869,-0.010868464,0.3687819,0.47309437,-0.017218383,0.36290786,0.33271584,-0.027169943,0.3038833,0.298608,-0.033793923,0.29599127,0.3513892,0.01124818,0.3164359,0.23068652,-0.021902904,0.3270204,0.32691133,-0.04645551,0.31686532,0.41239735,-0.056983367,0.24775873,0.35562623,0.0024513726,0.26178226,0.22993137,-0.030009126,0.27898845,0.3677169,-0.045661945,0.26762587,0.45158696,-0.04782479,0.19888958,0.38282692,-0.009988393,0.20492479,0.2476724,-0.040491875,0.23407777,0.3763046,-0.028872242,0.22791636,0.46097374,-0.011774775,0.13958731,0.43460974,-0.023402652,0.15126681,0.32515708,-0.041107852,0.18582073,0.39894348,-0.022137336,0.19187915,0.460556,-0.0014778054,3
0.2513522,0.74143845,-3.5262445e-07,0.32392895,0.6108999,-0.012554182,0.36889067,0.47053453,-0.020016475,0.36948138,0.33744773,-0.031091955,0.31353167,0.29327422,-0.037772488,0.2924587,0.3424501,0.0086919,0.31829804,0.22140329,-0.023796419,0.3307383,0.33026972,-0.044895902,0.3159649,0.40331125,-0.0541313,0.24779089,0.34534252,-0.001010202,0.26867053,0.22282885,-0.035746522,0.2874208,0.3642723,-0.051530823,0.26874584,0.4312167,-0.054179292,0.20067215,0.37315997,-0.014393504,0.21441428,0.24115814,-0.048767455,0.24479589,0.37305248,-0.036725607,0.23201355,0.44298702,-0.019139055,0.14177474,0.42656526,-0.02863171,0.16637337,0.31726182,-0.04946296,0.20125991,0.39632204,-0.030090185,0.19946222,0.45308173,-0.008987076,3
0.26718444,0.72655064,-3.2350192e-07,0.33285043,0.6043038,-0.012362598,0.37231362,0.46271896,-0.02219072,0.3782134,0.34089646,-0.03646964,0.32818812,0.29974717,-0.046563454,0.28427207,0.31862926,0.006245167,0.31229168,0.217558,-0.027697522,0.33133137,0.32401174,-0.04922912,0.32016817,0.3927846,-0.058432966,0.24392164,0.33045805,-0.0040044426,0.27105302,0.2258976,-0.036953125,0.2946719,0.35566115,-0.049435105,0.28012294,0.4191868,-0.0508887,0.19948909,0.35893735,-0.018990187,0.2270737,0.24385485,-0.05470684,0.25990096,0.3659765,-0.046457574,0.2508649,0.4357183,-0.03148012,0.1470201,0.408287,-0.034888722,0.18437837,0.30800092,-0.058842912,0.2223701,0.3845741,-0.04548636,0.22531325,0.44462168,-0.028544351,3
0.27736112,0.7142065,-2.9649678e-07,0.33656776,0.59392715,-0.006651447,0.3701533,0.4599083,-0.016485643,0.38046768,0.347466,-0.032535616,0.33912504,0.3103009,-0.04398028,0.27150083,0.30687335,0.015264175,0.30344063,0.2175403,-0.016407771,0.33134496,0.3074166,-0.036265254,0.32152718,0.36743018,-0.044560425,0.23712741,0.32115707,0.0014471535,0.27710164,0.23321144,-0.029620163,0.30741543,0.3450471,-0.043258402,0.2884948,0.400277,-0.04613255,0.20076063,0.34711328,-0.017145026,0.24746537,0.25798512,-0.051488653,0.2798155,0.3664442,-0.046902936,0.2608803,0.42648023,-0.035028376,0.16092552,0.39172855,-0.036457483,0.21531433,0.30281955,-0.058753826,0.25060993,0.37521666,-0.047516286,0.24308789,0.43430966,-0.032479536,3
0.28442356,0.71094155,-3.675133e-07,0.34165996,0.57067543,0.009051124,0.36515623,0.45193732,0.0008091642,0.3767586,0.3615016,-0.01819176,0.34822828,0.31615457,-0.031718686,0.24544719,0.29739594,0.034491513,0.3009749,0.2252048,-0.0025875592,0.32799315,0.3164322,-0.028866278,0.31349742,0.37298456,-0.041387882,0.21739754,0.30681157,0.010443234,0.29779056,0.24723026,-0.022784963,0.32459125,0.36090308,-0.03565097,0.29621455,0.4101473,-0.038134392,0.19291255,0.32692716,-0.0191422,0.28602165,0.26938403,-0.053987037,0.30723244,0.3885308,-0.047606897,0.27417773,0.44256914,-0.034571692,0.17367312,0.3641937,-0.049025618,0.26318893,0.3066004,-0.066842265,0.2871591,0.38756186,-0.053589914,0.26355666,0.43969345,-0.037781045,3
0.2698895,0.7177205,-4.8396606e-07,0.33903036,0.55328906,0.016750176,0.3561239,0.44068503,0.012163541,0.3704798,0.3639662,-0.0030967505,0.35129267,0.3132746,-0.011623167,0.20549089,0.31244513,0.04011162,0.30471852,0.23480186,0.006905709,0.32089338,0.3410956,-0.018003197,0.29465523,0.3947334,-0.033120446,0.18768331,0.31116366,0.012173439,0.3100568,0.231835,-0.017637873,0.3291277,0.35574976,-0.025788367,0.30079705,0.40277934,-0.02688186,0.18434155,0.32376733,-0.020571152,0.311119,0.25548983,-0.045538116,0.32502747,0.37570786,-0.035975024,0.2898514,0.42248333,-0.02576237,0.19558993,0.34737498,-0.05404443,0.30060923,0.30692476,-0.06310295,0.31223547,0.396226,-0.05131868,0.282545,0.4367145,-0.04118687,3
0.2546264,0.70946074,-4.2083738e-07,0.3288212,0.5487444,0.01724743,0.34015906,0.4369961,0.012825985,0.35205662,0.3603847,-0.0009746124,0.35434398,0.3129,-0.009031444,0.18880755,0.30489674,0.033517506,0.30166066,0.23499118,0.008379321,0.31859073,0.33361235,-0.0126200225,0.29532576,0.3915798,-0.027841458,0.17892389,0.30064416,0.0068095764,0.3146697,0.2280975,-0.012895955,0.33211288,0.33747244,-0.018102422,0.30765945,0.38355768,-0.020789495,0.1898106,0.3168601,-0.023320237,0.32481736,0.25664043,-0.037564658,0.33773303,0.36182183,-0.028509162,0.30677432,0.4064514,-0.02320477,0.21766374,0.3451732,-0.054563608,0.32703698,0.32161987,-0.05797965,0.33775148,0.40090638,-0.049130216,0.3129684,0.43406677,-0.04414086,3
0.25085032,0.70011705,-3.8833878e-07,0.30608875,0.54097086,0.018930756,0.30665272,0.41144904,0.017872782,0.30627248,0.3268499,0.009059169,0.30208397,0.28271264,0.004748048,0.17819513,0.29097137,0.027836014,0.29896617,0.23491383,0.010504214,0.3104955,0.31907326,-0.0040995954,0.2788009,0.36187345,-0.016974866,0.17643723,0.2889461,0.00399678,0.31879836,0.23445287,-0.010716139,0.32660025,0.33293563,-0.013917324,0.2954688,0.3784942,-0.016971692,0.19498022,0.3102551,-0.02147695,0.33503282,0.26827535,-0.03093497,0.34056613,0.3667026,-0.023056814,0.30765027,0.4057453,-0.020312222,0.22989397,0.34350303,-0.047475226,0.3420696,0.328121,-0.049126502,0.34677064,0.40360793,-0.042805016,0.3186286,0.43235612,-0.04044617,3
0.23489566,0.6862279,-3.4770355e-07,0.20658791,0.5382658,0.026672415,0.2099384,0.389601,0.025890253,0.25146207,0.31854218,0.015661603,0.29295847,0.30689812,0.007841439,0.17090005,0.2838896,0.029756814,0.28284174,0.21993048,0.016785275,0.2945009,0.2965771,0.004620231,0.27133796,0.34072036,-0.0064308713,0.1881273,0.2815011,0.0026146546,0.31298453,0.23226497,-0.0029196537,0.3147737,0.31862253,-0.004071775,0.28846082,0.3612919,-0.007008926,0.21821016,0.3015056,-0.024984183,0.34166548,0.26350227,-0.02267736,0.3395179,0.35408837,-0.013537622,0.30802977,0.39044243,-0.011906075,0.2612431,0.33529782,-0.053304587,0.36059767,0.33039957,-0.042646434,0.35541755,0.41182727,-0.03237206,0.32501,0.4427602,-0.02889794,3
0.2124967,0.6851331,-3.2730864e-07,0.17752323,0.5140358,0.033884365,0.18833342,0.3692159,0.0357191,0.23972836,0.3155315,0.02731123,0.28819874,0.3373329,0.020002857,0.14807095,0.26916075,0.029403409,0.2554305,0.22204351,0.023683744,0.27071995,0.2947195,0.018013163,0.25449345,0.34370625,0.010768356,0.18198214,0.26495206,-8.21543e-05,0.29486442,0.2369384,2.5446427e-05,0.2966136,0.31932968,0.0005226068,0.27072603,0.3680739,-0.001474551,0.22714409,0.28704292,-0.027876295,0.33333394,0.2718181,-0.019986896,0.32865813,0.3592169,-0.010381446,0.2979587,0.39862853,-0.008713502,0.27991772,0.328559,-0.05534927,0.35827306,0.340679,-0.04045327,0.35111395,0.4159128,-0.027763166,0.3228907,0.44627723,-0.022048982,3
0.2078341,0.67248416,-3.654651e-07,0.15975325,0.5083337,0.0418533,0.15960959,0.37741953,0.046490014,0.19574198,0.3216049,0.040325474,0.2381495,0.33861256,0.033835363,0.12268749,0.2644111,0.027285136,0.22461998,0.22494428,0.026364332,0.25055498,0.2970689,0.025030058,0.24119379,0.35226804,0.02131665,0.16789156,0.25010556,-0.0035498866,0.2703133,0.23582974,0.0028066526,0.28310615,0.31798384,0.0061211213,0.26296294,0.37333184,0.0054201894,0.22412705,0.2669739,-0.030680208,0.31529307,0.2671042,-0.019380022,0.3209357,0.35235384,-0.0076249787,0.2968306,0.39958376,-0.004469168,0.28304312,0.30720073,-0.055978235,0.34924367,0.32739073,-0.039659888,0.3489263,0.39658996,-0.024193157,0.3247671,0.43251547,-0.015161143,3
0.2059986,0.6560252,-5.230546e-07,0.1436357,0.50266826,0.05290646,0.13854352,0.37817913,0.06733345,0.16953154,0.320505,0.07239564,0.20933092,0.32395127,0.076745205,0.10160345,0.26211506,0.032205034,0.19145025,0.23018147,0.0516674,0.21679707,0.30781317,0.06532948,0.20864147,0.3710647,0.07045835,0.15782997,0.23534879,0.0041501583,0.24128136,0.24181376,0.03585597,0.2567307,0.32181245,0.04905558,0.24666879,0.38097486,0.04996468,0.2239146,0.24866487,-0.017150886,0.29141432,0.26812834,0.01564097,0.30038512,0.34839335,0.03028003,0.286483,0.40578255,0.029324738,0.28801912,0.2848798,-0.035118233,0.33331388,0.3184264,-0.006720206,0.3371374,0.3825772,0.010433498,0.32108146,0.42861593,0.01835592,3
0.20490164,0.65968156,-5.7295415e-07,0.13082515,0.5091233,0.054674968,0.12183911,0.3763298,0.07810164,0.15268481,0.31734094,0.094609894,0.19808747,0.31976068,0.11027407,0.10047899,0.25193703,0.0425716,0.17082867,0.24290293,0.07878363,0.19296026,0.30727193,0.10246671,0.18757214,0.36092874,0.11259318,0.16406947,0.23236299,0.019924523,0.22463529,0.2525893,0.0671414,0.23865363,0.32254404,0.08355502,0.23365009,0.37541562,0.08411498,0.23154595,0.25707698,0.005245069,0.28007632,0.2839541,0.04955016,0.28534764,0.35183716,0.062210046,0.27695644,0.40605736,0.057242468,0.2977971,0.3055572,-0.005330598,0.32881597,0.32998714,0.029468145,0.32933378,0.38528067,0.045573022,0.31702435,0.4302588,0.051038496,3
0.21148163,0.66306514,-5.345542e-07,0.13231169,0.52089214,0.05526326,0.11948773,0.38243952,0.083978616,0.14550014,0.3120368,0.10727827,0.18721831,0.30691376,0.13024667,0.100199245,0.25704822,0.052257538,0.16429563,0.23544435,0.09870953,0.18473096,0.29161584,0.12872016,0.18027487,0.34043726,0.14272907,0.16464664,0.23752888,0.035051297,0.21701851,0.2444768,0.09202705,0.23036465,0.31260926,0.11179732,0.2273899,0.36335987,0.113748506,0.2304636,0.26234895,0.026329396,0.2703082,0.2788532,0.07767367,0.27280083,0.34171626,0.09102815,0.26767284,0.39900532,0.08550501,0.2977698,0.3084087,0.022169326,0.31825775,0.3256747,0.0635471,0.3175842,0.37909,0.08165266,0.30854905,0.42352697,0.08768877,3
0.0,0.0,0.0,0.0,0.0,0.0,0.0,0.0,0.0,0.0,0.0,0.0,0.0,0.0,0.0,0.0,0.0,0.0,0.0,0.0,0.0,0.0,0.0,0.0,0.0,0.0,0.0,0.0,0.0,0.0,0.0,0.0,0.0,0.0,0.0,0.0,0.0,0.0,0.0,0.0,0.0,0.0,0.0,0.0,0.0,0.0,0.0,0.0,0.0,0.0,0.0,0.0,0.0,0.0,0.0,0.0,0.0,0.0,0.0,0.0,0.0,0.0,0.0,3
0.0,0.0,0.0,0.0,0.0,0.0,0.0,0.0,0.0,0.0,0.0,0.0,0.0,0.0,0.0,0.0,0.0,0.0,0.0,0.0,0.0,0.0,0.0,0.0,0.0,0.0,0.0,0.0,0.0,0.0,0.0,0.0,0.0,0.0,0.0,0.0,0.0,0.0,0.0,0.0,0.0,0.0,0.0,0.0,0.0,0.0,0.0,0.0,0.0,0.0,0.0,0.0,0.0,0.0,0.0,0.0,0.0,0.0,0.0,0.0,0.0,0.0,0.0,3
0.0,0.0,0.0,0.0,0.0,0.0,0.0,0.0,0.0,0.0,0.0,0.0,0.0,0.0,0.0,0.0,0.0,0.0,0.0,0.0,0.0,0.0,0.0,0.0,0.0,0.0,0.0,0.0,0.0,0.0,0.0,0.0,0.0,0.0,0.0,0.0,0.0,0.0,0.0,0.0,0.0,0.0,0.0,0.0,0.0,0.0,0.0,0.0,0.0,0.0,0.0,0.0,0.0,0.0,0.0,0.0,0.0,0.0,0.0,0.0,0.0,0.0,0.0,3
0.0,0.0,0.0,0.0,0.0,0.0,0.0,0.0,0.0,0.0,0.0,0.0,0.0,0.0,0.0,0.0,0.0,0.0,0.0,0.0,0.0,0.0,0.0,0.0,0.0,0.0,0.0,0.0,0.0,0.0,0.0,0.0,0.0,0.0,0.0,0.0,0.0,0.0,0.0,0.0,0.0,0.0,0.0,0.0,0.0,0.0,0.0,0.0,0.0,0.0,0.0,0.0,0.0,0.0,0.0,0.0,0.0,0.0,0.0,0.0,0.0,0.0,0.0,3
0.0,0.0,0.0,0.0,0.0,0.0,0.0,0.0,0.0,0.0,0.0,0.0,0.0,0.0,0.0,0.0,0.0,0.0,0.0,0.0,0.0,0.0,0.0,0.0,0.0,0.0,0.0,0.0,0.0,0.0,0.0,0.0,0.0,0.0,0.0,0.0,0.0,0.0,0.0,0.0,0.0,0.0,0.0,0.0,0.0,0.0,0.0,0.0,0.0,0.0,0.0,0.0,0.0,0.0,0.0,0.0,0.0,0.0,0.0,0.0,0.0,0.0,0.0,3
0.0,0.0,0.0,0.0,0.0,0.0,0.0,0.0,0.0,0.0,0.0,0.0,0.0,0.0,0.0,0.0,0.0,0.0,0.0,0.0,0.0,0.0,0.0,0.0,0.0,0.0,0.0,0.0,0.0,0.0,0.0,0.0,0.0,0.0,0.0,0.0,0.0,0.0,0.0,0.0,0.0,0.0,0.0,0.0,0.0,0.0,0.0,0.0,0.0,0.0,0.0,0.0,0.0,0.0,0.0,0.0,0.0,0.0,0.0,0.0,0.0,0.0,0.0,3
0.0,0.0,0.0,0.0,0.0,0.0,0.0,0.0,0.0,0.0,0.0,0.0,0.0,0.0,0.0,0.0,0.0,0.0,0.0,0.0,0.0,0.0,0.0,0.0,0.0,0.0,0.0,0.0,0.0,0.0,0.0,0.0,0.0,0.0,0.0,0.0,0.0,0.0,0.0,0.0,0.0,0.0,0.0,0.0,0.0,0.0,0.0,0.0,0.0,0.0,0.0,0.0,0.0,0.0,0.0,0.0,0.0,0.0,0.0,0.0,0.0,0.0,0.0,3
0.0,0.0,0.0,0.0,0.0,0.0,0.0,0.0,0.0,0.0,0.0,0.0,0.0,0.0,0.0,0.0,0.0,0.0,0.0,0.0,0.0,0.0,0.0,0.0,0.0,0.0,0.0,0.0,0.0,0.0,0.0,0.0,0.0,0.0,0.0,0.0,0.0,0.0,0.0,0.0,0.0,0.0,0.0,0.0,0.0,0.0,0.0,0.0,0.0,0.0,0.0,0.0,0.0,0.0,0.0,0.0,0.0,0.0,0.0,0.0,0.0,0.0,0.0,3
0.0,0.0,0.0,0.0,0.0,0.0,0.0,0.0,0.0,0.0,0.0,0.0,0.0,0.0,0.0,0.0,0.0,0.0,0.0,0.0,0.0,0.0,0.0,0.0,0.0,0.0,0.0,0.0,0.0,0.0,0.0,0.0,0.0,0.0,0.0,0.0,0.0,0.0,0.0,0.0,0.0,0.0,0.0,0.0,0.0,0.0,0.0,0.0,0.0,0.0,0.0,0.0,0.0,0.0,0.0,0.0,0.0,0.0,0.0,0.0,0.0,0.0,0.0,3
0.0,0.0,0.0,0.0,0.0,0.0,0.0,0.0,0.0,0.0,0.0,0.0,0.0,0.0,0.0,0.0,0.0,0.0,0.0,0.0,0.0,0.0,0.0,0.0,0.0,0.0,0.0,0.0,0.0,0.0,0.0,0.0,0.0,0.0,0.0,0.0,0.0,0.0,0.0,0.0,0.0,0.0,0.0,0.0,0.0,0.0,0.0,0.0,0.0,0.0,0.0,0.0,0.0,0.0,0.0,0.0,0.0,0.0,0.0,0.0,0.0,0.0,0.0,3
0.28131154,0.699915,-4.1623156e-07,0.3381568,0.6018387,0.01733449,0.3672229,0.47606695,0.015935393,0.37361693,0.36685935,0.0122993095,0.3578256,0.30157843,0.007845695,0.3327846,0.27754298,-0.016824707,0.35756472,0.24011984,-0.012801335,0.35023504,0.3198084,-0.011207406,0.34036043,0.37885693,-0.012380176,0.30125904,0.22777937,-0.025635421,0.32359996,0.24385935,-0.0049042585,0.3165747,0.3234883,0.0035465132,0.30864415,0.37973905,-8.232325e-05,0.2719567,0.22336864,-0.0290671,0.2909434,0.2408451,-0.006127417,0.29288596,0.31578484,0.0052967547,0.2877991,0.37294477,0.0023622175,0.24926446,0.24191776,-0.030651998,0.25995696,0.253443,-0.00929881,0.26503506,0.3147687,0.009349629,0.26369622,0.36137456,0.019017844,3
0.32574797,0.6846318,-5.1256774e-07,0.23950584,0.5703345,0.025067639,0.20456994,0.44927686,0.029597858,0.22747569,0.363988,0.029370984,0.27068567,0.34684622,0.030638019,0.20650938,0.26009083,0.013013879,0.24933895,0.2315804,0.020625012,0.2694743,0.286938,0.023902291,0.26890826,0.33817667,0.024298517,0.2748427,0.23790836,-0.002600207,0.31248447,0.25317088,0.019610696,0.32026902,0.3109629,0.025242662,0.31357524,0.3606311,0.02269403,0.34440708,0.25972003,-0.014352773,0.3670236,0.29643223,0.0071715754,0.36816388,0.35487288,0.0133813,0.3587322,0.40312573,0.01003181,0.40671712,0.3077095,-0.024844043,0.4198428,0.34523812,-0.0051086857,0.41411394,0.4015535,0.008352541,0.40173137,0.44543275,0.015981406,3
0.33847705,0.6614336,-6.011383e-07,0.25237432,0.5546633,0.017506884,0.21878204,0.4340436,0.01997458,0.24330896,0.3413642,0.020157142,0.28936124,0.31094116,0.02083027,0.23514453,0.24215126,-0.0022468725,0.27046087,0.2149275,0.0065901782,0.28091872,0.2753313,0.010146311,0.27368724,0.321962,0.008765756,0.30171257,0.23096903,-0.014868954,0.33190233,0.23917103,0.008412549,0.33451277,0.29944432,0.01578757,0.32731614,0.34805074,0.012843995,0.36735958,0.25961033,-0.023288859,0.3847026,0.28468576,-0.0024672726,0.3821545,0.34038785,0.005804944,0.37121046,0.39008084,0.002638557,0.4238306,0.3110482,-0.030979421,0.4356732,0.33460188,-0.01542695,0.43070972,0.39016283,-0.0023663845,0.41841674,0.435983,0.0046847505,3
0.35983062,0.6557715,-5.982777e-07,0.27064997,0.5486506,0.016628401,0.23932675,0.42099658,0.021336064,0.26552185,0.32641903,0.023945523,0.31381658,0.29962662,0.02702306,0.2612537,0.23483667,0.0050785462,0.29405022,0.21634217,0.014384741,0.30147675,0.2749027,0.016460853,0.29642305,0.31956112,0.014546512,0.32774228,0.22962864,-0.00606143,0.35145417,0.24095777,0.01694022,0.35145828,0.29466927,0.02252873,0.34806708,0.34355444,0.019428771,0.3925885,0.26336002,-0.013657801,0.40340704,0.28124887,0.0041163284,0.40011153,0.3321034,0.00958645,0.39367932,0.38269353,0.0067967013,0.44748664,0.31874344,-0.020117057,0.45216542,0.32971632,-0.006519371,0.44746947,0.37853143,0.0056669847,0.44033504,0.4229338,0.013427479,3
0.37764105,0.6409168,-5.439112e-07,0.2867281,0.5414675,0.011460533,0.25000584,0.42594513,0.012804438,0.2742272,0.34103337,0.012370336,0.31830567,0.31575164,0.012299964,0.28065383,0.22343315,0.00072751124,0.30556354,0.21895844,0.0024111583,0.31253663,0.27469522,-0.003061271,0.30841112,0.31886306,-0.009802497,0.34933892,0.22037221,-0.010503495,0.36485508,0.24145319,0.0049469667,0.3626994,0.29059416,0.005765373,0.3604138,0.3393615,0.0004659957,0.41236457,0.25748706,-0.019317364,0.41815022,0.28045228,-0.009311596,0.41416472,0.32593533,-0.007251838,0.40975174,0.37404835,-0.010794103,0.46541834,0.3167607,-0.027511153,0.47238445,0.3365717,-0.024122382,0.47209048,0.38002816,-0.017235149,0.47020787,0.42064995,-0.011335971,3
0.4059475,0.63070786,-5.7933255e-07,0.3090875,0.5449494,0.009245274,0.26741236,0.42758304,0.010583547,0.29356253,0.33436733,0.010600132,0.34079704,0.30965632,0.010453317,0.30495453,0.22600214,0.00065044966,0.32033166,0.22606097,0.0055303085,0.32415995,0.28456277,0.0012288357,0.3223371,0.32672048,-0.0054677967,0.37200624,0.21789743,-0.008262658,0.37822342,0.242218,0.009538751,0.37474722,0.29374194,0.010499395,0.37665963,0.3424451,0.004831337,0.4329574,0.24866112,-0.014505635,0.43069866,0.27436477,-0.0023946215,0.4241266,0.32161948,-0.00035994148,0.42349258,0.37114108,-0.0043741544,0.48458788,0.29915327,-0.020294145,0.48089692,0.319008,-0.013730408,0.476608,0.36657757,-0.0054235132,0.47707704,0.40893775,0.00075267116,3
0.42093346,0.62178874,-5.82254e-07,0.32542533,0.53471684,0.0037361619,0.2884982,0.40889683,0.0036264341,0.32299912,0.31854686,0.0033624151,0.37590036,0.30285674,0.0027911516,0.32237476,0.22529858,-0.006683564,0.34656918,0.22488621,-0.010089222,0.35215768,0.28393313,-0.01984982,0.34759504,0.32763338,-0.029754214,0.3889591,0.21655129,-0.014506294,0.4023827,0.24294397,-0.0058663823,0.3999842,0.29810065,-0.008154001,0.39881644,0.34614003,-0.014494772,0.45027396,0.24532448,-0.020674193,0.456414,0.27266312,-0.017429497,0.44805408,0.32417163,-0.016425252,0.4438512,0.3714554,-0.019091472,0.50387627,0.29483604,-0.026740318,0.5051005,0.32214165,-0.028302442,0.4976535,0.3728153,-0.02294483,0.49393147,0.41120136,-0.017621895,3
0.44857654,0.6144366,-5.960319e-07,0.35504717,0.54470134,0.0015678054,0.31280634,0.42361578,-0.0008398612,0.3377647,0.32383624,-0.0032457167,0.38288856,0.29320192,-0.00503968,0.34761328,0.23598583,-0.0070306817,0.36075932,0.22198477,-0.009934126,0.36930805,0.28125194,-0.019886494,0.3687777,0.32626438,-0.029094739,0.4122023,0.22345571,-0.013402442,0.4166691,0.23934503,-0.0011881379,0.41742617,0.29098263,-0.0029261967,0.4194281,0.33810955,-0.010011551,0.4727071,0.24575366,-0.018171545,0.4705752,0.26703492,-0.0097899325,0.46640342,0.31482095,-0.007287155,0.4661014,0.36408246,-0.010430217,0.52615976,0.28705275,-0.023305086,0.5192564,0.30271044,-0.017806657,0.51296806,0.35048988,-0.008456902,0.51208276,0.39314204,-0.0015156362,3
0.46171516,0.61110026,-5.675932e-07,0.37129772,0.54111147,-0.0031061592,0.33203715,0.41516694,-0.0070774383,0.36364222,0.3207084,-0.009814454,0.4130774,0.3014643,-0.012005895,0.3610123,0.23238117,-0.01706086,0.38933754,0.23118612,-0.0234582,0.40077725,0.29558715,-0.03429937,0.39524007,0.3432558,-0.04450542,0.42675266,0.21868767,-0.02249677,0.4441321,0.24664265,-0.01676114,0.4457885,0.3032559,-0.020520525,0.44399127,0.35276806,-0.02792168,0.4890243,0.2411609,-0.026470684,0.49837083,0.2748301,-0.02460448,0.4939053,0.32870302,-0.024403736,0.49071318,0.37832558,-0.027900418,0.54432046,0.28371936,-0.03099662,0.5492845,0.32031345,-0.03248788,0.5447871,0.3717889,-0.027689377,0.54333675,0.4112945,-0.02318227,3
0.4816379,0.6081272,-6.301242e-07,0.3877067,0.5303024,-0.007853094,0.35049123,0.40926906,-0.014046899,0.38172486,0.32157212,-0.017569158,0.4301901,0.30351448,-0.02045278,0.39857143,0.21317488,-0.025858032,0.41117573,0.24108957,-0.034325942,0.41859177,0.30994093,-0.045622807,0.41458145,0.35740852,-0.056350764,0.4700713,0.21637224,-0.030258229,0.4728544,0.26325333,-0.027943451,0.46926504,0.3264857,-0.031738643,0.46705854,0.37609294,-0.03886422,0.5318218,0.260059,-0.033127453,0.5308779,0.30687842,-0.035216767,0.5188762,0.3619319,-0.034495663,0.51245123,0.40673712,-0.037462264,0.5856372,0.3278494,-0.036644854,0.58661544,0.378687,-0.042671867,0.5729536,0.43046862,-0.038617022,0.56346434,0.4628075,-0.034374733,3
0.50768554,0.6256424,-6.097544e-07,0.4156444,0.55154115,0.002454869,0.37397403,0.41531408,0.001613908,0.40213984,0.317184,0.0006287794,0.4501555,0.29390442,0.0009216497,0.40281925,0.22755533,-0.0049413824,0.4277169,0.2132674,-0.010414805,0.44068316,0.27937442,-0.021160461,0.43826294,0.32908896,-0.030677784,0.46825695,0.21464221,-0.012401795,0.48377413,0.23470491,-0.004980169,0.48632106,0.29711652,-0.00884159,0.48345166,0.34693655,-0.016155504,0.5318925,0.23928699,-0.018555423,0.53904057,0.274919,-0.015378011,0.53478557,0.33284092,-0.0155889895,0.52994883,0.3828781,-0.019404499,0.5913623,0.28533927,-0.0249089,0.5936967,0.32538247,-0.023523215,0.5869935,0.38301808,-0.017547837,0.5819031,0.425475,-0.012342309,3
0.52206135,0.61246777,-6.747127e-07,0.4355461,0.5392557,0.0004404286,0.39810854,0.41467497,-0.00394708,0.42040473,0.31703734,-0.00803234,0.45775962,0.27526465,-0.010581003,0.42692456,0.21951896,-0.01068082,0.44816166,0.20110616,-0.018209545,0.46049565,0.26797986,-0.030405644,0.4572016,0.31730688,-0.040978163,0.4914497,0.20995812,-0.01866458,0.5026467,0.23079737,-0.011755869,0.5056628,0.292112,-0.015101723,0.5022754,0.34106702,-0.023073396,0.5529804,0.23581341,-0.025359888,0.55758613,0.271049,-0.020689718,0.5533927,0.32782525,-0.01819326,0.54662627,0.37676722,-0.021639347,0.60972613,0.2826275,-0.0327668,0.6100287,0.3223938,-0.030794948,0.60135025,0.38168064,-0.023437401,0.59226686,0.4241707,-0.018029487,3
0.55023295,0.6042658,-6.778633e-07,0.4550499,0.5267948,0.0058001,0.41445,0.40112525,0.010153365,0.43503377,0.3015075,0.01509698,0.47512424,0.265977,0.02059154,0.4611953,0.20517945,0.0050681606,0.45687887,0.19464822,0.014641002,0.46185198,0.25836146,0.013247661,0.4622582,0.30201957,0.0088945385,0.5239276,0.19887604,0.0018415486,0.5136583,0.22212698,0.024203915,0.51054823,0.28313234,0.025607763,0.5110611,0.33104816,0.01934313,0.5803322,0.22972295,0.0011259366,0.5651746,0.25743544,0.017796794,0.5556657,0.31147587,0.019885834,0.55313575,0.36299375,0.014650957,0.629005,0.27805823,0.0007257113,0.61283207,0.29766202,0.012533812,0.60137004,0.35150668,0.022221023,0.59778655,0.3961349,0.02811433,3
0.5668758,0.606865,-6.7533824e-07,0.47370034,0.5287684,0.0059872735,0.4339394,0.3938045,0.011238357,0.46045098,0.294166,0.01673834,0.505687,0.26456857,0.022547664,0.48198515,0.20574361,0.006422714,0.48322082,0.1932722,0.016466651,0.4898099,0.25527605,0.01645603,0.49151963,0.29957432,0.012655812,0.54451287,0.19827023,0.0031662975,0.5388474,0.2175004,0.02435071,0.537761,0.27827513,0.025149306,0.53881055,0.3254381,0.018756267,0.6012585,0.22634411,0.0022560454,0.5903705,0.25165123,0.017506283,0.58370113,0.3048317,0.018540194,0.58137196,0.35346338,0.012914458,0.6510093,0.2730884,0.0017516136,0.6385694,0.2900811,0.012266436,0.62895745,0.3443914,0.020695351,0.62458706,0.38691062,0.025729882,3
0.5820039,0.61382914,-7.128613e-07,0.49432594,0.53082967,0.019512529,0.4587789,0.40014702,0.03243218,0.4770813,0.31417271,0.043238133,0.51205266,0.2917576,0.053285263,0.5002498,0.20982271,0.022609396,0.4997223,0.19375037,0.038339302,0.5067246,0.24654964,0.04208088,0.51128656,0.28658956,0.040771876,0.5627585,0.19863272,0.015182626,0.5581327,0.22207026,0.0421513,0.55670774,0.28424188,0.044426158,0.55763954,0.32840377,0.038801856,0.61992204,0.2263241,0.011203454,0.6080984,0.258891,0.032242376,0.6003993,0.31371042,0.0329399,0.5973741,0.35965112,0.026128292,0.6703283,0.27409703,0.008763742,0.65608454,0.30084616,0.024479887,0.6459652,0.35421374,0.032910112,0.6406799,0.39372492,0.037135698,3
0.0,0.0,0.0,0.0,0.0,0.0,0.0,0.0,0.0,0.0,0.0,0.0,0.0,0.0,0.0,0.0,0.0,0.0,0.0,0.0,0.0,0.0,0.0,0.0,0.0,0.0,0.0,0.0,0.0,0.0,0.0,0.0,0.0,0.0,0.0,0.0,0.0,0.0,0.0,0.0,0.0,0.0,0.0,0.0,0.0,0.0,0.0,0.0,0.0,0.0,0.0,0.0,0.0,0.0,0.0,0.0,0.0,0.0,0.0,0.0,0.0,0.0,0.0,3
0.0,0.0,0.0,0.0,0.0,0.0,0.0,0.0,0.0,0.0,0.0,0.0,0.0,0.0,0.0,0.0,0.0,0.0,0.0,0.0,0.0,0.0,0.0,0.0,0.0,0.0,0.0,0.0,0.0,0.0,0.0,0.0,0.0,0.0,0.0,0.0,0.0,0.0,0.0,0.0,0.0,0.0,0.0,0.0,0.0,0.0,0.0,0.0,0.0,0.0,0.0,0.0,0.0,0.0,0.0,0.0,0.0,0.0,0.0,0.0,0.0,0.0,0.0,3
0.0,0.0,0.0,0.0,0.0,0.0,0.0,0.0,0.0,0.0,0.0,0.0,0.0,0.0,0.0,0.0,0.0,0.0,0.0,0.0,0.0,0.0,0.0,0.0,0.0,0.0,0.0,0.0,0.0,0.0,0.0,0.0,0.0,0.0,0.0,0.0,0.0,0.0,0.0,0.0,0.0,0.0,0.0,0.0,0.0,0.0,0.0,0.0,0.0,0.0,0.0,0.0,0.0,0.0,0.0,0.0,0.0,0.0,0.0,0.0,0.0,0.0,0.0,3
0.0,0.0,0.0,0.0,0.0,0.0,0.0,0.0,0.0,0.0,0.0,0.0,0.0,0.0,0.0,0.0,0.0,0.0,0.0,0.0,0.0,0.0,0.0,0.0,0.0,0.0,0.0,0.0,0.0,0.0,0.0,0.0,0.0,0.0,0.0,0.0,0.0,0.0,0.0,0.0,0.0,0.0,0.0,0.0,0.0,0.0,0.0,0.0,0.0,0.0,0.0,0.0,0.0,0.0,0.0,0.0,0.0,0.0,0.0,0.0,0.0,0.0,0.0,3
0.0,0.0,0.0,0.0,0.0,0.0,0.0,0.0,0.0,0.0,0.0,0.0,0.0,0.0,0.0,0.0,0.0,0.0,0.0,0.0,0.0,0.0,0.0,0.0,0.0,0.0,0.0,0.0,0.0,0.0,0.0,0.0,0.0,0.0,0.0,0.0,0.0,0.0,0.0,0.0,0.0,0.0,0.0,0.0,0.0,0.0,0.0,0.0,0.0,0.0,0.0,0.0,0.0,0.0,0.0,0.0,0.0,0.0,0.0,0.0,0.0,0.0,0.0,3
0.0,0.0,0.0,0.0,0.0,0.0,0.0,0.0,0.0,0.0,0.0,0.0,0.0,0.0,0.0,0.0,0.0,0.0,0.0,0.0,0.0,0.0,0.0,0.0,0.0,0.0,0.0,0.0,0.0,0.0,0.0,0.0,0.0,0.0,0.0,0.0,0.0,0.0,0.0,0.0,0.0,0.0,0.0,0.0,0.0,0.0,0.0,0.0,0.0,0.0,0.0,0.0,0.0,0.0,0.0,0.0,0.0,0.0,0.0,0.0,0.0,0.0,0.0,3
0.0,0.0,0.0,0.0,0.0,0.0,0.0,0.0,0.0,0.0,0.0,0.0,0.0,0.0,0.0,0.0,0.0,0.0,0.0,0.0,0.0,0.0,0.0,0.0,0.0,0.0,0.0,0.0,0.0,0.0,0.0,0.0,0.0,0.0,0.0,0.0,0.0,0.0,0.0,0.0,0.0,0.0,0.0,0.0,0.0,0.0,0.0,0.0,0.0,0.0,0.0,0.0,0.0,0.0,0.0,0.0,0.0,0.0,0.0,0.0,0.0,0.0,0.0,3
0.0,0.0,0.0,0.0,0.0,0.0,0.0,0.0,0.0,0.0,0.0,0.0,0.0,0.0,0.0,0.0,0.0,0.0,0.0,0.0,0.0,0.0,0.0,0.0,0.0,0.0,0.0,0.0,0.0,0.0,0.0,0.0,0.0,0.0,0.0,0.0,0.0,0.0,0.0,0.0,0.0,0.0,0.0,0.0,0.0,0.0,0.0,0.0,0.0,0.0,0.0,0.0,0.0,0.0,0.0,0.0,0.0,0.0,0.0,0.0,0.0,0.0,0.0,3
0.0,0.0,0.0,0.0,0.0,0.0,0.0,0.0,0.0,0.0,0.0,0.0,0.0,0.0,0.0,0.0,0.0,0.0,0.0,0.0,0.0,0.0,0.0,0.0,0.0,0.0,0.0,0.0,0.0,0.0,0.0,0.0,0.0,0.0,0.0,0.0,0.0,0.0,0.0,0.0,0.0,0.0,0.0,0.0,0.0,0.0,0.0,0.0,0.0,0.0,0.0,0.0,0.0,0.0,0.0,0.0,0.0,0.0,0.0,0.0,0.0,0.0,0.0,3
0.0,0.0,0.0,0.0,0.0,0.0,0.0,0.0,0.0,0.0,0.0,0.0,0.0,0.0,0.0,0.0,0.0,0.0,0.0,0.0,0.0,0.0,0.0,0.0,0.0,0.0,0.0,0.0,0.0,0.0,0.0,0.0,0.0,0.0,0.0,0.0,0.0,0.0,0.0,0.0,0.0,0.0,0.0,0.0,0.0,0.0,0.0,0.0,0.0,0.0,0.0,0.0,0.0,0.0,0.0,0.0,0.0,0.0,0.0,0.0,0.0,0.0,0.0,3
0.0,0.0,0.0,0.0,0.0,0.0,0.0,0.0,0.0,0.0,0.0,0.0,0.0,0.0,0.0,0.0,0.0,0.0,0.0,0.0,0.0,0.0,0.0,0.0,0.0,0.0,0.0,0.0,0.0,0.0,0.0,0.0,0.0,0.0,0.0,0.0,0.0,0.0,0.0,0.0,0.0,0.0,0.0,0.0,0.0,0.0,0.0,0.0,0.0,0.0,0.0,0.0,0.0,0.0,0.0,0.0,0.0,0.0,0.0,0.0,0.0,0.0,0.0,3
0.0,0.0,0.0,0.0,0.0,0.0,0.0,0.0,0.0,0.0,0.0,0.0,0.0,0.0,0.0,0.0,0.0,0.0,0.0,0.0,0.0,0.0,0.0,0.0,0.0,0.0,0.0,0.0,0.0,0.0,0.0,0.0,0.0,0.0,0.0,0.0,0.0,0.0,0.0,0.0,0.0,0.0,0.0,0.0,0.0,0.0,0.0,0.0,0.0,0.0,0.0,0.0,0.0,0.0,0.0,0.0,0.0,0.0,0.0,0.0,0.0,0.0,0.0,3
0.0,0.0,0.0,0.0,0.0,0.0,0.0,0.0,0.0,0.0,0.0,0.0,0.0,0.0,0.0,0.0,0.0,0.0,0.0,0.0,0.0,0.0,0.0,0.0,0.0,0.0,0.0,0.0,0.0,0.0,0.0,0.0,0.0,0.0,0.0,0.0,0.0,0.0,0.0,0.0,0.0,0.0,0.0,0.0,0.0,0.0,0.0,0.0,0.0,0.0,0.0,0.0,0.0,0.0,0.0,0.0,0.0,0.0,0.0,0.0,0.0,0.0,0.0,3
0.0,0.0,0.0,0.0,0.0,0.0,0.0,0.0,0.0,0.0,0.0,0.0,0.0,0.0,0.0,0.0,0.0,0.0,0.0,0.0,0.0,0.0,0.0,0.0,0.0,0.0,0.0,0.0,0.0,0.0,0.0,0.0,0.0,0.0,0.0,0.0,0.0,0.0,0.0,0.0,0.0,0.0,0.0,0.0,0.0,0.0,0.0,0.0,0.0,0.0,0.0,0.0,0.0,0.0,0.0,0.0,0.0,0.0,0.0,0.0,0.0,0.0,0.0,3
0.8891499,0.27227542,-2.5620497e-07,0.8513359,0.27263334,-0.021171452,0.8073416,0.28911966,-0.028274793,0.77628654,0.3299164,-0.032419458,0.75683564,0.36070406,-0.03489578,0.77136123,0.21083425,-0.007353086,0.7421808,0.27297175,-0.015550742,0.74996877,0.31042847,-0.022177825,0.7597791,0.32130563,-0.025185136,0.7843462,0.22957306,-0.0008359655,0.7590905,0.29678348,-0.009395847,0.76840234,0.32070348,-0.01687564,0.7753232,0.322627,-0.020818062,0.80046874,0.2563226,0.0026285371,0.7806409,0.3168679,-0.009961145,0.7864016,0.328749,-0.019791132,0.78992045,0.3230293,-0.023809506,0.81527793,0.28417453,0.004944325,0.79162073,0.33259177,-0.005280119,0.78151214,0.35183024,-0.010880067,0.7715056,0.35731313,-0.0128066195,3
0.8938572,0.2896698,-2.6794237e-07,0.8529377,0.290615,-0.023488045,0.8022445,0.30356282,-0.027635181,0.7718285,0.33994064,-0.02793919,0.7614413,0.36946052,-0.025651347,0.7739004,0.21700686,-0.0031992658,0.7503941,0.29250187,-0.0146489125,0.7587577,0.3306198,-0.023842983,0.7668272,0.3394459,-0.028282417,0.78718346,0.23240785,0.005395078,0.7695865,0.31481007,-0.0062334,0.77938586,0.3365172,-0.014515238,0.78536624,0.33555096,-0.017862119,0.80441344,0.2549719,0.010324973,0.7892206,0.32812244,-0.005441529,0.7950659,0.3441918,-0.011817208,0.7985495,0.33983088,-0.011779576,0.8222102,0.27571413,0.0137458285,0.8014284,0.3345334,0.00083194,0.8052477,0.35218254,-0.001870951,0.80858964,0.3508116,0.00025462772,3
0.8789574,0.29545224,-1.0917763e-07,0.8495086,0.260512,-0.021264955,0.8029007,0.26881528,-0.029008336,0.7715304,0.32008395,-0.032452136,0.7550987,0.3634408,-0.033883642,0.77011865,0.22803605,-0.018462062,0.7474265,0.29772398,-0.030938093,0.75366324,0.32426932,-0.038403284,0.75836736,0.33099678,-0.042253662,0.78044826,0.26869553,-0.012477965,0.75885093,0.3394533,-0.026133519,0.7736522,0.3424256,-0.030989693,0.78406805,0.3314301,-0.031887982,0.79474366,0.30816054,-0.0086163515,0.77219397,0.36699462,-0.024295697,0.78350484,0.36691502,-0.0241508,0.7893597,0.35545686,-0.020144576,0.8100713,0.34068108,-0.006043592,0.78700596,0.37797093,-0.01828681,0.79316247,0.37998873,-0.016709324,0.7969859,0.37384087,-0.012032932,3
0.8662994,0.27191973,-9.6135295e-08,0.83376396,0.2367562,-0.00977103,0.7861559,0.25160816,-0.015001402,0.7546674,0.30131602,-0.018862793,0.74709606,0.34739015,-0.021408353,0.7669262,0.22642484,-0.011461931,0.7346736,0.29286352,-0.024266928,0.73959345,0.31672645,-0.032646257,0.7467692,0.32213795,-0.036843568,0.7742392,0.26191878,-0.010594619,0.74629736,0.336425,-0.022704117,0.755252,0.33783743,-0.026273074,0.7642511,0.32405847,-0.02702857,0.7851332,0.2975058,-0.011022643,0.7575763,0.3557818,-0.023064073,0.7652867,0.351776,-0.02089586,0.77333266,0.335786,-0.016547386,0.7970588,0.32840636,-0.012075434,0.77176565,0.36198494,-0.020499479,0.77386665,0.36053145,-0.018022818,0.7777261,0.3520995,-0.013790343,3
0.84949195,0.27454498,-8.839471e-08,0.81742615,0.23998098,-0.014721709,0.77042204,0.25720328,-0.02077972,0.7399776,0.309513,-0.024294758,0.73388636,0.35744846,-0.025311872,0.74100345,0.22508174,-0.012564832,0.7147806,0.31911978,-0.027441712,0.72899693,0.32021743,-0.036570895,0.7391869,0.297581,-0.04015403,0.7451649,0.26066965,-0.00877788,0.723893,0.34648132,-0.022042206,0.7371596,0.3394332,-0.026077857,0.74777967,0.31729028,-0.026061755,0.75296396,0.29705173,-0.0069333143,0.7318772,0.36668518,-0.018985512,0.7440039,0.35681015,-0.016937548,0.7534996,0.33523232,-0.012259213,0.7630178,0.3307048,-0.006302164,0.7409087,0.3759511,-0.01490423,0.75240064,0.36691174,-0.012219967,0.7632193,0.35001206,-0.006848349,3
0.0,0.0,0.0,0.0,0.0,0.0,0.0,0.0,0.0,0.0,0.0,0.0,0.0,0.0,0.0,0.0,0.0,0.0,0.0,0.0,0.0,0.0,0.0,0.0,0.0,0.0,0.0,0.0,0.0,0.0,0.0,0.0,0.0,0.0,0.0,0.0,0.0,0.0,0.0,0.0,0.0,0.0,0.0,0.0,0.0,0.0,0.0,0.0,0.0,0.0,0.0,0.0,0.0,0.0,0.0,0.0,0.0,0.0,0.0,0.0,0.0,0.0,0.0,3
0.0,0.0,0.0,0.0,0.0,0.0,0.0,0.0,0.0,0.0,0.0,0.0,0.0,0.0,0.0,0.0,0.0,0.0,0.0,0.0,0.0,0.0,0.0,0.0,0.0,0.0,0.0,0.0,0.0,0.0,0.0,0.0,0.0,0.0,0.0,0.0,0.0,0.0,0.0,0.0,0.0,0.0,0.0,0.0,0.0,0.0,0.0,0.0,0.0,0.0,0.0,0.0,0.0,0.0,0.0,0.0,0.0,0.0,0.0,0.0,0.0,0.0,0.0,3
0.0,0.0,0.0,0.0,0.0,0.0,0.0,0.0,0.0,0.0,0.0,0.0,0.0,0.0,0.0,0.0,0.0,0.0,0.0,0.0,0.0,0.0,0.0,0.0,0.0,0.0,0.0,0.0,0.0,0.0,0.0,0.0,0.0,0.0,0.0,0.0,0.0,0.0,0.0,0.0,0.0,0.0,0.0,0.0,0.0,0.0,0.0,0.0,0.0,0.0,0.0,0.0,0.0,0.0,0.0,0.0,0.0,0.0,0.0,0.0,0.0,0.0,0.0,3
0.0,0.0,0.0,0.0,0.0,0.0,0.0,0.0,0.0,0.0,0.0,0.0,0.0,0.0,0.0,0.0,0.0,0.0,0.0,0.0,0.0,0.0,0.0,0.0,0.0,0.0,0.0,0.0,0.0,0.0,0.0,0.0,0.0,0.0,0.0,0.0,0.0,0.0,0.0,0.0,0.0,0.0,0.0,0.0,0.0,0.0,0.0,0.0,0.0,0.0,0.0,0.0,0.0,0.0,0.0,0.0,0.0,0.0,0.0,0.0,0.0,0.0,0.0,3
0.0,0.0,0.0,0.0,0.0,0.0,0.0,0.0,0.0,0.0,0.0,0.0,0.0,0.0,0.0,0.0,0.0,0.0,0.0,0.0,0.0,0.0,0.0,0.0,0.0,0.0,0.0,0.0,0.0,0.0,0.0,0.0,0.0,0.0,0.0,0.0,0.0,0.0,0.0,0.0,0.0,0.0,0.0,0.0,0.0,0.0,0.0,0.0,0.0,0.0,0.0,0.0,0.0,0.0,0.0,0.0,0.0,0.0,0.0,0.0,0.0,0.0,0.0,3
0.0,0.0,0.0,0.0,0.0,0.0,0.0,0.0,0.0,0.0,0.0,0.0,0.0,0.0,0.0,0.0,0.0,0.0,0.0,0.0,0.0,0.0,0.0,0.0,0.0,0.0,0.0,0.0,0.0,0.0,0.0,0.0,0.0,0.0,0.0,0.0,0.0,0.0,0.0,0.0,0.0,0.0,0.0,0.0,0.0,0.0,0.0,0.0,0.0,0.0,0.0,0.0,0.0,0.0,0.0,0.0,0.0,0.0,0.0,0.0,0.0,0.0,0.0,3
0.0,0.0,0.0,0.0,0.0,0.0,0.0,0.0,0.0,0.0,0.0,0.0,0.0,0.0,0.0,0.0,0.0,0.0,0.0,0.0,0.0,0.0,0.0,0.0,0.0,0.0,0.0,0.0,0.0,0.0,0.0,0.0,0.0,0.0,0.0,0.0,0.0,0.0,0.0,0.0,0.0,0.0,0.0,0.0,0.0,0.0,0.0,0.0,0.0,0.0,0.0,0.0,0.0,0.0,0.0,0.0,0.0,0.0,0.0,0.0,0.0,0.0,0.0,3
0.0,0.0,0.0,0.0,0.0,0.0,0.0,0.0,0.0,0.0,0.0,0.0,0.0,0.0,0.0,0.0,0.0,0.0,0.0,0.0,0.0,0.0,0.0,0.0,0.0,0.0,0.0,0.0,0.0,0.0,0.0,0.0,0.0,0.0,0.0,0.0,0.0,0.0,0.0,0.0,0.0,0.0,0.0,0.0,0.0,0.0,0.0,0.0,0.0,0.0,0.0,0.0,0.0,0.0,0.0,0.0,0.0,0.0,0.0,0.0,0.0,0.0,0.0,3
0.0,0.0,0.0,0.0,0.0,0.0,0.0,0.0,0.0,0.0,0.0,0.0,0.0,0.0,0.0,0.0,0.0,0.0,0.0,0.0,0.0,0.0,0.0,0.0,0.0,0.0,0.0,0.0,0.0,0.0,0.0,0.0,0.0,0.0,0.0,0.0,0.0,0.0,0.0,0.0,0.0,0.0,0.0,0.0,0.0,0.0,0.0,0.0,0.0,0.0,0.0,0.0,0.0,0.0,0.0,0.0,0.0,0.0,0.0,0.0,0.0,0.0,0.0,3
0.0,0.0,0.0,0.0,0.0,0.0,0.0,0.0,0.0,0.0,0.0,0.0,0.0,0.0,0.0,0.0,0.0,0.0,0.0,0.0,0.0,0.0,0.0,0.0,0.0,0.0,0.0,0.0,0.0,0.0,0.0,0.0,0.0,0.0,0.0,0.0,0.0,0.0,0.0,0.0,0.0,0.0,0.0,0.0,0.0,0.0,0.0,0.0,0.0,0.0,0.0,0.0,0.0,0.0,0.0,0.0,0.0,0.0,0.0,0.0,0.0,0.0,0.0,3
0.0,0.0,0.0,0.0,0.0,0.0,0.0,0.0,0.0,0.0,0.0,0.0,0.0,0.0,0.0,0.0,0.0,0.0,0.0,0.0,0.0,0.0,0.0,0.0,0.0,0.0,0.0,0.0,0.0,0.0,0.0,0.0,0.0,0.0,0.0,0.0,0.0,0.0,0.0,0.0,0.0,0.0,0.0,0.0,0.0,0.0,0.0,0.0,0.0,0.0,0.0,0.0,0.0,0.0,0.0,0.0,0.0,0.0,0.0,0.0,0.0,0.0,0.0,3
0.0,0.0,0.0,0.0,0.0,0.0,0.0,0.0,0.0,0.0,0.0,0.0,0.0,0.0,0.0,0.0,0.0,0.0,0.0,0.0,0.0,0.0,0.0,0.0,0.0,0.0,0.0,0.0,0.0,0.0,0.0,0.0,0.0,0.0,0.0,0.0,0.0,0.0,0.0,0.0,0.0,0.0,0.0,0.0,0.0,0.0,0.0,0.0,0.0,0.0,0.0,0.0,0.0,0.0,0.0,0.0,0.0,0.0,0.0,0.0,0.0,0.0,0.0,3
0.0,0.0,0.0,0.0,0.0,0.0,0.0,0.0,0.0,0.0,0.0,0.0,0.0,0.0,0.0,0.0,0.0,0.0,0.0,0.0,0.0,0.0,0.0,0.0,0.0,0.0,0.0,0.0,0.0,0.0,0.0,0.0,0.0,0.0,0.0,0.0,0.0,0.0,0.0,0.0,0.0,0.0,0.0,0.0,0.0,0.0,0.0,0.0,0.0,0.0,0.0,0.0,0.0,0.0,0.0,0.0,0.0,0.0,0.0,0.0,0.0,0.0,0.0,3
0.0,0.0,0.0,0.0,0.0,0.0,0.0,0.0,0.0,0.0,0.0,0.0,0.0,0.0,0.0,0.0,0.0,0.0,0.0,0.0,0.0,0.0,0.0,0.0,0.0,0.0,0.0,0.0,0.0,0.0,0.0,0.0,0.0,0.0,0.0,0.0,0.0,0.0,0.0,0.0,0.0,0.0,0.0,0.0,0.0,0.0,0.0,0.0,0.0,0.0,0.0,0.0,0.0,0.0,0.0,0.0,0.0,0.0,0.0,0.0,0.0,0.0,0.0,3
0.0,0.0,0.0,0.0,0.0,0.0,0.0,0.0,0.0,0.0,0.0,0.0,0.0,0.0,0.0,0.0,0.0,0.0,0.0,0.0,0.0,0.0,0.0,0.0,0.0,0.0,0.0,0.0,0.0,0.0,0.0,0.0,0.0,0.0,0.0,0.0,0.0,0.0,0.0,0.0,0.0,0.0,0.0,0.0,0.0,0.0,0.0,0.0,0.0,0.0,0.0,0.0,0.0,0.0,0.0,0.0,0.0,0.0,0.0,0.0,0.0,0.0,0.0,3
0.0,0.0,0.0,0.0,0.0,0.0,0.0,0.0,0.0,0.0,0.0,0.0,0.0,0.0,0.0,0.0,0.0,0.0,0.0,0.0,0.0,0.0,0.0,0.0,0.0,0.0,0.0,0.0,0.0,0.0,0.0,0.0,0.0,0.0,0.0,0.0,0.0,0.0,0.0,0.0,0.0,0.0,0.0,0.0,0.0,0.0,0.0,0.0,0.0,0.0,0.0,0.0,0.0,0.0,0.0,0.0,0.0,0.0,0.0,0.0,0.0,0.0,0.0,3
0.0,0.0,0.0,0.0,0.0,0.0,0.0,0.0,0.0,0.0,0.0,0.0,0.0,0.0,0.0,0.0,0.0,0.0,0.0,0.0,0.0,0.0,0.0,0.0,0.0,0.0,0.0,0.0,0.0,0.0,0.0,0.0,0.0,0.0,0.0,0.0,0.0,0.0,0.0,0.0,0.0,0.0,0.0,0.0,0.0,0.0,0.0,0.0,0.0,0.0,0.0,0.0,0.0,0.0,0.0,0.0,0.0,0.0,0.0,0.0,0.0,0.0,0.0,3
0.0,0.0,0.0,0.0,0.0,0.0,0.0,0.0,0.0,0.0,0.0,0.0,0.0,0.0,0.0,0.0,0.0,0.0,0.0,0.0,0.0,0.0,0.0,0.0,0.0,0.0,0.0,0.0,0.0,0.0,0.0,0.0,0.0,0.0,0.0,0.0,0.0,0.0,0.0,0.0,0.0,0.0,0.0,0.0,0.0,0.0,0.0,0.0,0.0,0.0,0.0,0.0,0.0,0.0,0.0,0.0,0.0,0.0,0.0,0.0,0.0,0.0,0.0,3
0.0,0.0,0.0,0.0,0.0,0.0,0.0,0.0,0.0,0.0,0.0,0.0,0.0,0.0,0.0,0.0,0.0,0.0,0.0,0.0,0.0,0.0,0.0,0.0,0.0,0.0,0.0,0.0,0.0,0.0,0.0,0.0,0.0,0.0,0.0,0.0,0.0,0.0,0.0,0.0,0.0,0.0,0.0,0.0,0.0,0.0,0.0,0.0,0.0,0.0,0.0,0.0,0.0,0.0,0.0,0.0,0.0,0.0,0.0,0.0,0.0,0.0,0.0,3
0.37264577,0.53830457,-6.513858e-07,0.28064746,0.4663853,0.0007473941,0.25325257,0.36307847,-0.004565886,0.28697893,0.28420463,-0.00897814,0.3344175,0.26848385,-0.012417025,0.27502573,0.1999463,-0.022929933,0.3151545,0.21095851,-0.018253606,0.32427028,0.2720167,-0.011513919,0.32298538,0.31715018,-0.00974689,0.34618038,0.18367961,-0.025396517,0.37384754,0.2118389,-0.008628576,0.37083292,0.2738182,-0.0010827024,0.36815357,0.31584358,-0.0032667464,0.4087543,0.21256389,-0.024521587,0.42117557,0.24578996,-0.014602494,0.4164004,0.3065595,-0.01118809,0.4109888,0.3523742,-0.0154415835,0.45808068,0.26016432,-0.022970635,0.46730846,0.30512393,-0.015765186,0.46434474,0.36125967,-0.00940282,0.46076155,0.3986911,-0.0066475305,3
0.38635564,0.57538915,-5.955413e-07,0.29325393,0.52377456,0.0029550486,0.25122786,0.42346084,0.0027115443,0.27628875,0.34075403,0.0036739043,0.31836176,0.32130373,0.004616663,0.2830541,0.22228299,-0.0112819765,0.30612198,0.23491138,-0.009912391,0.31502655,0.29428068,-0.015814068,0.3127913,0.33550468,-0.024025291,0.3481588,0.20159891,-0.016532037,0.36028183,0.23589638,-0.0012479641,0.36130923,0.29409412,0.0007485306,0.36298627,0.33660975,-0.004830528,0.4073072,0.22186111,-0.019519372,0.41184556,0.2631723,-0.008883818,0.40553877,0.31446835,-0.0070744734,0.40257475,0.35678855,-0.012298069,0.4583608,0.26367688,-0.022573857,0.45645845,0.30898356,-0.019407058,0.44963446,0.35602927,-0.01559673,0.4446636,0.38935778,-0.013606545,3
0.38381204,0.5804476,-5.6932384e-07,0.2963486,0.51595587,0.010983496,0.25742364,0.41704524,0.013276356,0.2788741,0.33729264,0.014539548,0.32042417,0.3173931,0.015416674,0.28369924,0.21919864,-0.0026725237,0.31601375,0.2359651,-0.0012144957,0.32449573,0.28974533,-0.007403972,0.3209912,0.33001867,-0.016002523,0.34542036,0.19862925,-0.0127348825,0.36711788,0.23989683,0.0012089253,0.36827287,0.2924127,0.0010090856,0.36737102,0.3348209,-0.006026506,0.40366256,0.2185765,-0.020130377,0.4165586,0.26785845,-0.0105444435,0.4114645,0.3173324,-0.010384805,0.40621364,0.35771814,-0.01698356,0.45552662,0.2619634,-0.027052766,0.4641583,0.31819704,-0.025072088,0.45986155,0.36331916,-0.02319479,0.45341432,0.39430887,-0.022749625,3
0.38706806,0.57985675,-5.7202254e-07,0.29708064,0.514714,0.01029433,0.2598352,0.41025874,0.014900623,0.28568706,0.32759893,0.019127293,0.3290899,0.30778745,0.022643521,0.29122686,0.21427162,0.0012430528,0.31837556,0.23197822,0.008093595,0.32516462,0.2857518,0.0047340943,0.32170784,0.3242815,-0.0021926628,0.3548868,0.19817173,-0.0060133543,0.3698504,0.23655102,0.0135834385,0.36950862,0.2883031,0.014793167,0.3688361,0.32992005,0.008200207,0.41299948,0.22290818,-0.0103803305,0.4192645,0.26590326,0.0040545235,0.4133653,0.31290188,0.004585591,0.40895694,0.3534683,-0.0021948472,0.46264222,0.2695741,-0.01415028,0.46323135,0.31625223,-0.0075409883,0.45779285,0.35813463,-0.003716776,0.45214012,0.38901132,-0.0023299805,3
0.38875145,0.579798,-5.6504274e-07,0.29934388,0.51733124,0.009020896,0.26180723,0.4122679,0.012173722,0.2892996,0.32733056,0.015140519,0.33330196,0.3070724,0.017785463,0.2895326,0.21939905,-0.0019583518,0.32211196,0.233626,0.0035825705,0.32738784,0.28744012,-0.00020402494,0.321904,0.324196,-0.0077535347,0.35247788,0.20138797,-0.009356668,0.37152347,0.23803632,0.009121252,0.37095398,0.29025745,0.010560306,0.36974493,0.33048683,0.003925518,0.41077724,0.22318473,-0.0140257515,0.41954157,0.2646104,-0.00062614615,0.41340637,0.31340572,0.00041519827,0.4081601,0.35430026,-0.0060778456,0.4620707,0.26697853,-0.018292455,0.4634544,0.31104076,-0.01243111,0.45821056,0.35389495,-0.008679087,0.4521239,0.38524503,-0.0074137384,3
0.3869767,0.5807371,-5.757796e-07,0.29960644,0.5182744,0.009826099,0.26382703,0.4148399,0.013723954,0.28840613,0.33106625,0.017546345,0.32991758,0.30938834,0.020940581,0.29128265,0.21718246,-0.0013714052,0.32226333,0.23743986,0.004975829,0.32865974,0.29125702,0.0012720728,0.32389224,0.32759768,-0.0062064556,0.3545947,0.1996937,-0.008804871,0.37142047,0.24135034,0.010542679,0.37122688,0.2930192,0.011907361,0.3707552,0.33325976,0.005070843,0.4129273,0.22360513,-0.01324038,0.42030272,0.26696348,0.0010172826,0.4141737,0.314611,0.0023352802,0.4098627,0.35547984,-0.004227496,0.46334082,0.27019012,-0.017170757,0.46479666,0.3155766,-0.011005363,0.4595984,0.35691223,-0.007103863,0.45407218,0.38778913,-0.0058368663,3
0.3862792,0.5783218,-5.532865e-07,0.29850942,0.51802987,0.008976513,0.26220834,0.41457126,0.012747714,0.28774443,0.33007857,0.01658446,0.3315057,0.31017885,0.020134142,0.2893594,0.2187697,-0.0012886483,0.32254505,0.23551871,0.0054921047,0.3279504,0.2893566,0.0026877269,0.32249948,0.3263106,-0.0040499433,0.35303313,0.20144112,-0.008354241,0.3719656,0.24007767,0.011089137,0.37135106,0.29216883,0.012365916,0.37052777,0.33229357,0.005651663,0.41227686,0.22463381,-0.012527706,0.4205052,0.26633543,0.0015778348,0.41463482,0.3146328,0.0022988333,0.41033787,0.35487399,-0.0044243257,0.46397656,0.27041852,-0.01615759,0.46463224,0.31341475,-0.009283827,0.4596962,0.35573432,-0.0049821055,0.45488486,0.38705465,-0.003387514,3
0.39082354,0.5794469,-5.7677187e-07,0.30178422,0.5187508,0.006437834,0.26455674,0.4134946,0.008015777,0.29116908,0.32925406,0.010185307,0.3359923,0.30913308,0.012069241,0.29399037,0.21767026,-0.007170314,0.32412514,0.24061845,-0.002966,0.3294926,0.2985923,-0.007965122,0.3250134,0.3367297,-0.016510729,0.35758513,0.20127487,-0.013644298,0.37370762,0.2452626,0.0035566094,0.37308154,0.30036074,0.004687591,0.37352675,0.3415133,-0.0024066106,0.4157379,0.22553165,-0.017326178,0.42321894,0.27314347,-0.004312081,0.41669255,0.32330048,-0.0022465722,0.41289908,0.36445266,-0.0084882295,0.466494,0.2716877,-0.020863518,0.46777982,0.3199356,-0.015275163,0.46242917,0.36400458,-0.010923272,0.4574432,0.39450404,-0.009487071,3
0.38918075,0.57961655,-5.869637e-07,0.30336574,0.5185764,0.009790293,0.265485,0.416201,0.013091007,0.28928778,0.33247113,0.01635601,0.33211923,0.3117299,0.019568536,0.29093683,0.21970107,-0.0040072137,0.3263179,0.23617473,0.0023284857,0.33185995,0.2939422,0.00015288735,0.3257323,0.33303335,-0.006481464,0.35384426,0.20110185,-0.011978856,0.37487423,0.24282154,0.0066538043,0.37451646,0.29847386,0.008758179,0.37346914,0.33932278,0.0023645014,0.4128244,0.22220185,-0.016845724,0.42315298,0.2701949,-0.0029200865,0.41729206,0.3212167,-0.00095950445,0.41211474,0.3618124,-0.007348843,0.46500424,0.26633164,-0.02123849,0.46896392,0.3156905,-0.014810938,0.4646066,0.36113527,-0.010358503,0.45880467,0.39273936,-0.00888715,3
0.38918224,0.58504695,-5.841418e-07,0.30299765,0.5179893,0.007275362,0.26636678,0.4144163,0.008254702,0.29155388,0.33186913,0.009824638,0.3358121,0.31181023,0.011230698,0.29513794,0.21888094,-0.009774683,0.32803446,0.23844185,-0.0054545454,0.3338937,0.29675063,-0.009357167,0.32855538,0.33651948,-0.017235063,0.3591806,0.2027508,-0.01687304,0.37741378,0.24558565,-1.251885e-05,0.37682113,0.30061316,0.0015930855,0.37567022,0.34239426,-0.005239598,0.41799137,0.22803546,-0.020780671,0.4273757,0.2760652,-0.007962302,0.42058504,0.32560298,-0.0054579535,0.4147701,0.3665447,-0.011506189,0.46921033,0.27659187,-0.0243942,0.47326428,0.32323506,-0.019601366,0.4677204,0.36544204,-0.015464862,0.46074733,0.39473903,-0.014096398,3
0.39015278,0.5753187,-5.521263e-07,0.3043062,0.51504034,0.007155535,0.2660703,0.41584975,0.007886697,0.2891764,0.33458504,0.008968368,0.3313944,0.31425735,0.01014188,0.29275873,0.21737938,-0.009486622,0.3300674,0.23607843,-0.005452685,0.3358914,0.29254317,-0.008537859,0.32934654,0.33075005,-0.015464847,0.35589045,0.20069641,-0.017076964,0.37874818,0.2422467,-0.00065461535,0.37828594,0.2981712,0.0015494328,0.37615398,0.33964184,-0.0044662943,0.4147746,0.22345662,-0.021651138,0.42663303,0.27222824,-0.009553559,0.41998148,0.32409492,-0.006989027,0.4142512,0.365471,-0.012580183,0.46683493,0.2689998,-0.0259481,0.47221845,0.319521,-0.020641612,0.46601743,0.36572546,-0.015851423,0.4587074,0.39806736,-0.013914529,3
0.38892072,0.5774503,-6.066965e-07,0.30482718,0.5150711,0.010104658,0.26833007,0.4173237,0.011811096,0.289257,0.33669227,0.0134576205,0.3299988,0.31398413,0.015016512,0.29322878,0.21558489,-0.00843289,0.32923758,0.23716107,-0.003909373,0.33683342,0.2966193,-0.0060172295,0.33108902,0.33738518,-0.012219854,0.35757586,0.19888729,-0.017561631,0.38043278,0.2442034,-0.0011109936,0.38055617,0.3018583,0.0012881302,0.3783779,0.34454885,-0.004457978,0.41716674,0.22277202,-0.02321102,0.43067905,0.27580982,-0.011049164,0.42502174,0.32952392,-0.008103851,0.4185349,0.37043452,-0.013484436,0.46900582,0.27031112,-0.028348664,0.47807372,0.32390133,-0.023717726,0.47258732,0.37117147,-0.01933296,0.4642896,0.40201816,-0.017604947,3
0.39154348,0.5721935,-5.551097e-07,0.3060267,0.5159874,0.0062633096,0.2673743,0.41974288,0.006443221,0.28869942,0.33801833,0.00731984,0.33043575,0.31604382,0.008573564,0.29245946,0.21534945,-0.010517878,0.32832718,0.23735896,-0.0058982195,0.33548403,0.29439795,-0.0077112736,0.32994312,0.33409026,-0.0135390535,0.35630006,0.19826074,-0.017673992,0.378456,0.2406004,-0.0014316773,0.37885335,0.29533273,0.0005777966,0.3772202,0.33740374,-0.005315592,0.41564822,0.22038354,-0.021670619,0.426835,0.26849926,-0.009531463,0.42196593,0.3187184,-0.007334459,0.41684037,0.35933846,-0.013005269,0.46764836,0.2655416,-0.025392858,0.47338378,0.31568354,-0.019753445,0.46871442,0.3604481,-0.015046355,0.46225423,0.39175886,-0.013101496,3
0.39095995,0.5771086,-6.006243e-07,0.30693406,0.51083237,0.010302561,0.2720917,0.41244632,0.011748309,0.29574192,0.3313268,0.013383596,0.33801922,0.30986264,0.014868282,0.29699132,0.21357867,-0.010096773,0.334939,0.23255742,-0.0042048437,0.34233516,0.29259083,-0.004620367,0.33616513,0.33387268,-0.0097528035,0.36091182,0.19789325,-0.018612653,0.38499177,0.24114749,-0.0011297696,0.38462564,0.29927897,0.0022570898,0.38230804,0.3419192,-0.0029190632,0.4203166,0.22306988,-0.023334228,0.43394434,0.27367455,-0.009837107,0.42809716,0.3265891,-0.006378131,0.42157558,0.3673309,-0.011599383,0.47187102,0.27209,-0.027381198,0.48020723,0.32178104,-0.021319972,0.47449732,0.36770687,-0.016319549,0.46620178,0.39782462,-0.014310898,3
0.39125758,0.57400084,-5.7204596e-07,0.30612263,0.5148118,0.010019085,0.269195,0.41773903,0.012942697,0.29025143,0.33626127,0.016052593,0.3314575,0.31502196,0.01947493,0.29506454,0.2146835,-0.0049870354,0.33356604,0.23274273,0.0024932523,0.3402285,0.29007176,0.0025726906,0.33376765,0.33067638,-0.0021190203,0.3585608,0.19806989,-0.0127989575,0.38275245,0.23869208,0.0065481677,0.38271004,0.29487067,0.009775007,0.37994838,0.33749142,0.0043867463,0.41768605,0.22061041,-0.017233817,0.43023634,0.26727512,-0.0025987849,0.4251123,0.3179384,-0.0002172131,0.41882417,0.35915425,-0.0061384393,0.46942663,0.26632014,-0.02105505,0.4761438,0.31401175,-0.013303741,0.47201848,0.3587231,-0.00822022,0.46489143,0.3908769,-0.0062966817,3
0.39074942,0.57704896,-6.005357e-07,0.30907977,0.51816255,0.010769475,0.27216014,0.42216757,0.012483558,0.29128233,0.33821636,0.014395123,0.33052146,0.31363112,0.0166252,0.29430112,0.21675833,-0.0099498555,0.3346963,0.22934985,-0.0031912029,0.34333703,0.28937203,-0.0020766377,0.3367156,0.33212295,-0.006052747,0.3574705,0.19895138,-0.018675484,0.38433486,0.23985294,7.616732e-05,0.38523862,0.2987709,0.0047075,0.38213307,0.34233618,0.00020891991,0.41729036,0.22103854,-0.023591962,0.43182656,0.27214336,-0.00925148,0.4269906,0.325787,-0.005334274,0.42016602,0.3682179,-0.010505706,0.469757,0.26676127,-0.027890991,0.4795997,0.31874532,-0.021047322,0.47510964,0.36709836,-0.015765619,0.4668261,0.40036908,-0.013690035,3
0.39271367,0.5759473,-5.7158337e-07,0.3073876,0.5169883,0.006588265,0.26977637,0.41760895,0.008004929,0.29061174,0.3362617,0.010546718,0.3316282,0.31587312,0.013416939,0.29783088,0.21427266,-0.010524251,0.33143952,0.2330887,-0.0041586915,0.33875415,0.29118186,-0.0052485964,0.33382162,0.3316382,-0.01082032,0.3627442,0.20000695,-0.016630774,0.38180718,0.23980573,0.0015831064,0.38178444,0.29595268,0.004601358,0.38036022,0.3388687,-0.0009142136,0.4216253,0.22533734,-0.019346127,0.43048263,0.2710107,-0.0051839966,0.42487583,0.31986508,-0.002242877,0.41978312,0.36140734,-0.0077623427,0.47191352,0.27254313,-0.021731062,0.47582772,0.3178412,-0.014924547,0.47086632,0.35978642,-0.009939896,0.46435237,0.39023033,-0.007970007,3
0.39118966,0.5766084,-5.868782e-07,0.3085399,0.51893663,0.008811604,0.26899984,0.4241112,0.010250349,0.28662914,0.34411657,0.012356153,0.32701877,0.32359466,0.014956321,0.29373387,0.2155666,-0.0114736175,0.33066997,0.23287159,-0.0048904065,0.33862463,0.29215193,-0.0038980562,0.33233002,0.33408478,-0.007960295,0.35771555,0.19910134,-0.019327179,0.38083366,0.24186474,-0.001161658,0.38168705,0.3001139,0.0032405024,0.37956372,0.34327626,-0.001298944,0.4174867,0.2226653,-0.023493713,0.4289182,0.27350378,-0.009683267,0.42421484,0.32571557,-0.0059236255,0.41849044,0.36784837,-0.01100329,0.46952945,0.26936018,-0.02716634,0.47691545,0.32009396,-0.02075526,0.47200906,0.36658698,-0.015543979,0.46442103,0.39918494,-0.013395744,3
0.39179096,0.57677495,-5.721608e-07,0.3093676,0.5166348,0.0070547494,0.27082545,0.41813365,0.0069005582,0.29010898,0.33472323,0.0075975875,0.33104664,0.3127288,0.008667258,0.29415607,0.2149678,-0.013419285,0.3297603,0.2324433,-0.0076917703,0.33781898,0.29141772,-0.0078960415,0.33171865,0.33248544,-0.012649228,0.3579248,0.19916826,-0.02065301,0.37928742,0.24028797,-0.0030667125,0.38036552,0.29708523,0.00072411663,0.37869132,0.34029987,-0.004194758,0.41756818,0.22193328,-0.024231197,0.42658693,0.27012932,-0.010190637,0.42226925,0.3207957,-0.005984901,0.41724226,0.36389646,-0.010735415,0.4691106,0.26658663,-0.027538756,0.4734796,0.3132985,-0.01999388,0.46932384,0.3589839,-0.013382947,0.46332392,0.3927983,-0.0102594895,3
0.3900812,0.57830733,-5.6669256e-07,0.30796823,0.51446795,0.0074176206,0.2701512,0.41511878,0.0070291506,0.29065764,0.3321567,0.0074701956,0.33228242,0.31022716,0.008382024,0.2943091,0.2157185,-0.013780475,0.32987013,0.23175567,-0.0077505913,0.3379634,0.28927043,-0.0073683723,0.3321291,0.33053178,-0.01169591,0.35778207,0.19980647,-0.021152835,0.37937555,0.23893946,-0.003351525,0.38051626,0.29479918,0.0007313587,0.3786983,0.33831868,-0.0040532574,0.41728482,0.2221941,-0.02477216,0.42612556,0.2685103,-0.010309855,0.4217524,0.31812176,-0.0060156775,0.41647047,0.3614649,-0.010862896,0.4691519,0.2671461,-0.02805294,0.47291163,0.31245303,-0.02040634,0.4684264,0.3573111,-0.013858173,0.46179283,0.39149648,-0.01078463,3
0.39121735,0.5773349,-5.7298126e-07,0.3084365,0.5150225,0.007681273,0.27007884,0.4151541,0.008216212,0.29053497,0.32955155,0.009313946,0.33321452,0.30701292,0.01088982,0.29443723,0.21543892,-0.010275433,0.32805565,0.2311244,-0.0035147085,0.33568177,0.28929886,-0.0031355445,0.32938945,0.32999507,-0.0075096865,0.3577654,0.1994204,-0.01766952,0.3781642,0.2397197,0.000737262,0.37904063,0.29626256,0.0041624275,0.37707075,0.3390383,-0.00105352,0.41722766,0.222525,-0.02147878,0.42582005,0.2691369,-0.007112292,0.42111698,0.32010406,-0.0033944878,0.4157419,0.36298245,-0.008458077,0.46921942,0.26805148,-0.024922192,0.47382772,0.31227532,-0.016849859,0.46925145,0.35798845,-0.010075382,0.46284974,0.39202166,-0.0068782712,3
0.38988563,0.57733387,-5.778457e-07,0.3074044,0.51464933,0.008836634,0.26983762,0.41489562,0.010006987,0.28973615,0.33109906,0.011690845,0.3315398,0.30884007,0.013697686,0.29472703,0.21423298,-0.010257795,0.32941392,0.23023196,-0.0029006195,0.3376103,0.28803855,-0.0020421073,0.3320278,0.3293537,-0.006123653,0.35838497,0.19806689,-0.017753247,0.3792731,0.23847811,0.0016426339,0.3802186,0.29510072,0.005998731,0.37841067,0.33848053,0.0012325473,0.41775432,0.22144948,-0.021516455,0.4260589,0.268663,-0.0058400976,0.42173058,0.3192488,-0.0014069427,0.41676816,0.36205083,-0.006319705,0.46926087,0.2678957,-0.024840478,0.47303325,0.31290784,-0.015672307,0.4684291,0.35743675,-0.008586092,0.46161145,0.39090094,-0.0054212366,3
0.3896779,0.58072317,-6.0325954e-07,0.30708975,0.5164514,0.012752868,0.2697716,0.41439497,0.016797397,0.29091746,0.32886338,0.020574901,0.33225185,0.30751237,0.024573173,0.29377532,0.21679999,-0.003311305,0.33052167,0.2287146,0.006589221,0.3378955,0.2865864,0.008945194,0.33128968,0.32830665,0.005615556,0.35668296,0.199132,-0.01197542,0.37952524,0.23861073,0.00996539,0.38018945,0.29623032,0.014978325,0.37778896,0.33987227,0.010529952,0.41615218,0.22157082,-0.0168205,0.42628768,0.26829636,0.00027501458,0.42117128,0.32037005,0.004067407,0.41529036,0.36338556,-0.0014144656,0.4688731,0.26721266,-0.02089462,0.47408628,0.3121281,-0.011378415,0.469178,0.3590215,-0.0049956283,0.46197242,0.39403644,-0.0023302268,3
0.3919083,0.57790387,-5.8372075e-07,0.30724037,0.51525366,0.008608805,0.27024388,0.41166514,0.0114591345,0.29162768,0.3261982,0.014964691,0.33353835,0.30419585,0.018626515,0.2954466,0.21433324,-0.0057904697,0.32577738,0.23328179,0.0026110064,0.33356392,0.29095212,0.0022241003,0.32904655,0.33050817,-0.0026351982,0.35996914,0.19804706,-0.011943147,0.37611526,0.23888765,0.009441343,0.37691125,0.29488185,0.013051963,0.37573165,0.33738887,0.007726024,0.41970515,0.22207865,-0.014534389,0.42422175,0.26767245,0.0024589337,0.41895738,0.31700665,0.005952213,0.4146937,0.35970137,0.0005395983,0.47095186,0.26826325,-0.016667876,0.470955,0.31110942,-0.006434966,0.46589732,0.35340232,0.00068635703,0.46037138,0.38638192,0.0039242306,3
0.39041,0.57691073,-5.6613055e-07,0.306175,0.5123745,0.010016464,0.27003562,0.4110942,0.012328146,0.29045555,0.32709125,0.014936016,0.33072868,0.30497044,0.017762652,0.29344583,0.21788165,-0.007156613,0.32681963,0.2269426,0.00028360923,0.33544916,0.28264284,0.00030935556,0.33066234,0.32324755,-0.0040752576,0.35721585,0.20048769,-0.014667854,0.37629825,0.23382501,0.005688669,0.3776942,0.28886357,0.009883731,0.37674886,0.33165663,0.0051355283,0.41671973,0.22294733,-0.018481437,0.42350814,0.26182637,-0.0019878494,0.41851893,0.31165683,0.002453219,0.414287,0.3544396,-0.0022907038,0.46893033,0.26790467,-0.021717058,0.47039676,0.30687386,-0.0114037655,0.46542382,0.35038507,-0.003604766,0.45951048,0.38363552,0.000105852145,3
0.38738862,0.57913023,-5.800772e-07,0.30329347,0.5141572,0.012248102,0.26790413,0.41582555,0.015687227,0.2888168,0.33452398,0.019199092,0.33005208,0.31416535,0.02277713,0.29343665,0.21534961,-0.004536936,0.32504967,0.22997048,0.004918965,0.33341044,0.2865821,0.0057415036,0.3286635,0.32577348,0.0015081658,0.357916,0.1998243,-0.012630171,0.37517244,0.23812291,0.010046587,0.3767668,0.29171997,0.0146904625,0.37592494,0.33227804,0.009617238,0.4175501,0.22378871,-0.016701285,0.42343637,0.26741493,0.0018994291,0.4190987,0.31504497,0.006501294,0.41437894,0.3559422,0.0012676053,0.4687314,0.27139404,-0.020080334,0.4704155,0.31069884,-0.008806424,0.4660867,0.35281086,-0.0009273544,0.45982543,0.38566065,0.0025795314,3
